epoch,start_height,end_height,target,target_hex,epoch_minimum,epoch_minimum_hex,epoch_minimum_height,pre_g1,pre_g2,pre_g2_over_g1,lambda,deposit,transition_class,crossing_count,selective_opportunity,deeper_records_after_first_crossing,max_shallow_over_deep,post_g1,post_g2
0,0,2015,26959535291011309493156476344723991336010898738574164086137773096960,00000000ffff0000000000000000000000000000000000000000000000000000,3857338712755543345253973973591186299193617950513887497584803401,000000000009606d829b157912edb060c406b519fb2bfcc1078c196b69c67e49,1430,,,,,,initialization-input-1,,,,,,
1,2016,4031,26959535291011309493156476344723991336010898738574164086137773096960,00000000ffff0000000000000000000000000000000000000000000000000000,22196314501187840792218844525263652093585624848119336967297003374,000000000035f4cce8ac52847b6618f8bd3f53d501dc6a006839a0963a8f6f6e,3330,,,,,,initialize-clipped,,,,,8165567774762564395586499251453268775359881340032553143329137868,22196314501187840792218844525263652093585624848119336967297003374
2,4032,6047,26959535291011309493156476344723991336010898738574164086137773096960,00000000ffff0000000000000000000000000000000000000000000000000000,36370633539262491523930694311833209246916398058090669190525100471,0000000000586980359c4c669ce5247c4d084a03923f48f7f964857d4aba21b7,4132,8165567774762564395586499251453268775359881340032553143329137868,22196314501187840792218844525263652093585624848119336967297003374,2.718281828459045,1.6598123651379937,False,neither,0,False,0,,8165567774762564395586499251453268775359881340032553143329137868,22196314501187840792218844525263652093585624848119336967297003374
3,6048,8063,26959535291011309493156476344723991336010898738574164086137773096960,00000000ffff0000000000000000000000000000000000000000000000000000,6868518151248224874998890723736317850858477005754489745292472969,000000000010b24a122163f2037132d767e6c5bd4c0642d9669fd94845e93289,6476,8165567774762564395586499251453268775359881340032553143329137868,22196314501187840792218844525263652093585624848119336967297003374,2.718281828459045,1.6598123651379937,True,unique-min,1,False,0,,6868518151248224874998890723736317850858477005754489745292472969,8165567774762564395586499251453268775359881340032553143329137868
4,8064,10079,26959535291011309493156476344723991336010898738574164086137773096960,00000000ffff0000000000000000000000000000000000000000000000000000,20517783918357704400686677744933765020661434804343970645277169829,000000000031e03f8f396ba4d1ae91489983fc878e3f4295e15052edf33858a5,8454,6868518151248224874998890723736317850858477005754489745292472969,8165567774762564395586499251453268775359881340032553143329137868,1.1888398043002368,0.6106108453364151,False,neither,0,False,0,,6868518151248224874998890723736317850858477005754489745292472969,8165567774762564395586499251453268775359881340032553143329137868
5,10080,12095,26959535291011309493156476344723991336010898738574164086137773096960,00000000ffff0000000000000000000000000000000000000000000000000000,931492028057003874395386344318560180212915791631271829169196872,00000000000243ab3dd422f82638c9651cfc401ac763b2228f00f6abae334f48,11686,6868518151248224874998890723736317850858477005754489745292472969,8165567774762564395586499251453268775359881340032553143329137868,1.1888398043002368,0.6106108453364151,True,unique-min,1,False,0,,2526786619157105117027877339621716722609817530999190765092884627,6868518151248224874998890723736317850858477005754489745292472969
6,12096,14111,26959535291011309493156476344723991336010898738574164086137773096960,00000000ffff0000000000000000000000000000000000000000000000000000,10192553838334817559571043157983627904611964117464395858680544445,000000000018c6d781e2900dfbde519fd28b4b8408ac031e2ce8f573c604fcbd,13768,2526786619157105117027877339621716722609817530999190765092884627,6868518151248224874998890723736317850858477005754489745292472969,2.718281828459045,0.5136191126236951,False,neither,0,False,0,,2526786619157105117027877339621716722609817530999190765092884627,6868518151248224874998890723736317850858477005754489745292472969
7,14112,16127,26959535291011309493156476344723991336010898738574164086137773096960,00000000ffff0000000000000000000000000000000000000000000000000000,9322345749560249708843904736883192037821081860836032526737623747,000000000016a94f5c52ee9cf61f09062ca2f7b996a9ddab33c92e59f26e4ac3,14770,2526786619157105117027877339621716722609817530999190765092884627,6868518151248224874998890723736317850858477005754489745292472969,2.718281828459045,0.5136191126236951,False,neither,0,False,0,,2526786619157105117027877339621716722609817530999190765092884627,6868518151248224874998890723736317850858477005754489745292472969
8,16128,18143,26959535291011309493156476344723991336010898738574164086137773096960,00000000ffff0000000000000000000000000000000000000000000000000000,38445173981382853873542555483918658077302324267901226426765385169,00000000005d747d91b5eac43896f6813d4955c6de97ab7b047d8fc093579dd1,17344,2526786619157105117027877339621716722609817530999190765092884627,6868518151248224874998890723736317850858477005754489745292472969,2.718281828459045,0.5136191126236951,False,neither,0,False,0,,2526786619157105117027877339621716722609817530999190765092884627,6868518151248224874998890723736317850858477005754489745292472969
9,18144,20159,26959535291011309493156476344723991336010898738574164086137773096960,00000000ffff0000000000000000000000000000000000000000000000000000,3326984640737501679386281359991296392201203020881805997928889842,00000000000816633b61ddf4d411169935a03ffc02495a6448d2d029590c3df2,18703,2526786619157105117027877339621716722609817530999190765092884627,6868518151248224874998890723736317850858477005754489745292472969,2.718281828459045,0.5136191126236951,True,new-second,2,False,0,,2526786619157105117027877339621716722609817530999190765092884627,3326984640737501679386281359991296392201203020881805997928889842
10,20160,22175,26959535291011309493156476344723991336010898738574164086137773096960,00000000ffff0000000000000000000000000000000000000000000000000000,11196363857430700920208899538706671917384959597516217274204905876,00000000001b3783ab66c48133632b90a9afea63354dbca73b6cb660d57b6194,22018,2526786619157105117027877339621716722609817530999190765092884627,3326984640737501679386281359991296392201203020881805997928889842,1.3166860294073148,0.24878770955533047,False,neither,0,False,0,,2526786619157105117027877339621716722609817530999190765092884627,3326984640737501679386281359991296392201203020881805997928889842
11,22176,24191,26959535291011309493156476344723991336010898738574164086137773096960,00000000ffff0000000000000000000000000000000000000000000000000000,1565415003981129441392911171126354873809825239318232733315441298,000000000003ce28ff7f9998c2f2a1fbd03fffcb4c13f65b6b82b40d4a272292,23411,2526786619157105117027877339621716722609817530999190765092884627,3326984640737501679386281359991296392201203020881805997928889842,1.3166860294073148,0.24878770955533047,True,unique-min,1,False,0,,1565415003981129441392911171126354873809825239318232733315441298,2526786619157105117027877339621716722609817530999190765092884627
12,24192,26207,26959535291011309493156476344723991336010898738574164086137773096960,00000000ffff0000000000000000000000000000000000000000000000000000,15413508001271756523872981995309447981429236986507491103598845091,00000000002577d97ded2ad82323c49cce3fb6088949bc2b9e873137d4561ca3,26086,1565415003981129441392911171126354873809825239318232733315441298,2526786619157105117027877339621716722609817530999190765092884627,1.6141321072885058,0.18894991212697707,False,neither,0,False,0,,1565415003981129441392911171126354873809825239318232733315441298,2526786619157105117027877339621716722609817530999190765092884627
13,26208,28223,26959535291011309493156476344723991336010898738574164086137773096960,00000000ffff0000000000000000000000000000000000000000000000000000,2859056092730608650588601165456803074628174872043260428343959445,000000000006f331e9d9d8736bb012fee2193cb978f621fe9bd7e181a1a5df95,26561,1565415003981129441392911171126354873809825239318232733315441298,2526786619157105117027877339621716722609817530999190765092884627,1.6141321072885058,0.18894991212697707,False,neither,0,False,0,,1565415003981129441392911171126354873809825239318232733315441298,2526786619157105117027877339621716722609817530999190765092884627
14,28224,30239,26959535291011309493156476344723991336010898738574164086137773096960,00000000ffff0000000000000000000000000000000000000000000000000000,9246389020001048859573426808943386656278504945320844224023962322,0000000000167a0ac1681ac3ad6d085ac5e6c1450a5420f59bb6d3843a5322d2,29919,1565415003981129441392911171126354873809825239318232733315441298,2526786619157105117027877339621716722609817530999190765092884627,1.6141321072885058,0.18894991212697707,False,neither,0,False,0,,1565415003981129441392911171126354873809825239318232733315441298,2526786619157105117027877339621716722609817530999190765092884627
15,30240,32255,26959535291011309493156476344723991336010898738574164086137773096960,00000000ffff0000000000000000000000000000000000000000000000000000,9116643288173309462485879984994597954929775229404118424833090783,000000000016294d1162587f28a32b84df6644c71c1bbbef343830b3bb31e4df,32044,1565415003981129441392911171126354873809825239318232733315441298,2526786619157105117027877339621716722609817530999190765092884627,1.6141321072885058,0.18894991212697707,False,neither,0,False,0,,1565415003981129441392911171126354873809825239318232733315441298,2526786619157105117027877339621716722609817530999190765092884627
16,32256,34271,22791060871177364286867400663010583169263383106957897897309909286912,00000000d86a0000000000000000000000000000000000000000000000000000,32648404744993313619288378643524939187481621719079391118291897711,00000000004f5d26f378d8b7f612911127de1d287e14e84962ca113711180d6f,33434,1565415003981129441392911171126354873809825239318232733315441298,2526786619157105117027877339621716722609817530999190765092884627,1.6141321072885058,0.22350876306345333,False,neither,0,False,0,,1565415003981129441392911171126354873809825239318232733315441298,2526786619157105117027877339621716722609817530999190765092884627
17,34272,36287,20657664212610420653213483117824978239553266057163961604478437687296,00000000c4280000000000000000000000000000000000000000000000000000,4514270310937666647089735149785046133387366468783557046675501454,00000000000af93cc06f8b1e558229cd59cb6e12f47a60bcefdd18be3ae8f18e,35219,1565415003981129441392911171126354873809825239318232733315441298,2526786619157105117027877339621716722609817530999190765092884627,1.6141321072885058,0.24659137508446397,False,neither,0,False,0,,1565415003981129441392911171126354873809825239318232733315441298,2526786619157105117027877339621716722609817530999190765092884627
18,36288,38303,20055820920770189543295303139304627292355830414308479769458683936768,00000000be710000000000000000000000000000000000000000000000000000,1049988913933594941949966789969470860571950113298555193475371516,0000000000028d68e2724dbe8735ba01cb0cec40ad3bd58493106ecfe0d691fc,37009,1565415003981129441392911171126354873809825239318232733315441298,2526786619157105117027877339621716722609817530999190765092884627,1.6141321072885058,0.2539911901060743,True,unique-min,4,False,0,,1049988913933594941949966789969470860571950113298555193475371516,1565415003981129441392911171126354873809825239318232733315441298
19,38304,40319,14823939180767414932263578623363531361763221729526512593941781544960,000000008cc30000000000000000000000000000000000000000000000000000,7519074844700125510723081419129613953802037791890890265890755835,0000000000124721bb3ef073b3bca5facca334603688bf5e2b9c0d80b56194fb,39858,1049988913933594941949966789969470860571950113298555193475371516,1565415003981129441392911171126354873809825239318232733315441298,1.4908871733860343,0.21289055557650916,False,neither,0,False,0,,1049988913933594941949966789969470860571950113298555193475371516,1565415003981129441392911171126354873809825239318232733315441298
20,40320,42335,10665477591887247494381404907447500979192021944764506987270680608768,0000000065465700000000000000000000000000000000000000000000000000,1651577523891878027847341412692003275230813785708475994907023587,00000000000403c77ab96fa96586c783439eb80eaa56fcacac974f64d21718e3,40476,1049988913933594941949966789969470860571950113298555193475371516,1565415003981129441392911171126354873809825239318232733315441298,1.4908871733860343,0.295896421031018,False,neither,0,False,0,,1049988913933594941949966789969470860571950113298555193475371516,1565415003981129441392911171126354873809825239318232733315441298
21,42336,44351,7129927859545590787920041835044506526699926406309469412482969763840,0000000043b3e500000000000000000000000000000000000000000000000000,309507219570222157654829293010359969924187765860613612513380326,000000000000c09b5844620bdec4d533107844efea128a6ec6326dd92f6dc7e6,43011,1049988913933594941949966789969470860571950113298555193475371516,1565415003981129441392911171126354873809825239318232733315441298,1.4908871733860343,0.44262392413982843,True,unique-min,1,False,0,,386269334894100555419319346037768029933462290621508939945613329,1049988913933594941949966789969470860571950113298555193475371516
22,44352,46367,5949911473257063494842414979623989957440207170696926280907451531264,00000000387f6f00000000000000000000000000000000000000000000000000,2701647212100370861013153712626148695092046707072248392804784425,000000000006913d3b6684d6196f18ec0c2897bc6d186494419838ddcaa4d929,45638,386269334894100555419319346037768029933462290621508939945613329,1049988913933594941949966789969470860571950113298555193475371516,2.718281828459045,0.3557662429103965,False,neither,0,False,0,,386269334894100555419319346037768029933462290621508939945613329,1049988913933594941949966789969470860571950113298555193475371516
23,46368,48383,5905492491837656485645884063467495540781288435542782321354050895872,0000000038137500000000000000000000000000000000000000000000000000,6053067774439263699396713469131854541020463891550582459985658459,00000000000eb6d554b5d5920f7b418eb169b8b5435425ffc8ca63a0236d825b,46628,386269334894100555419319346037768029933462290621508939945613329,1049988913933594941949966789969470860571950113298555193475371516,2.718281828459045,0.3584421880843732,False,neither,0,False,0,,386269334894100555419319346037768029933462290621508939945613329,1049988913933594941949966789969470860571950113298555193475371516
24,48384,50399,4430143390146946405787502162943966061454423600514874825749833973760,000000002a111500000000000000000000000000000000000000000000000000,398703787641718174594659538255963405145859925952655564840470303,000000000000f81d2d8b0ce0911b25c380a30398f740d6806834167e27d1871f,50314,386269334894100555419319346037768029933462290621508939945613329,1049988913933594941949966789969470860571950113298555193475371516,2.718281828459045,0.4778124462512972,True,new-second,2,True,1,1.7385966293349944,386269334894100555419319346037768029933462290621508939945613329,398703787641718174594659538255963405145859925952655564840470303
25,50400,52415,3447600406241317909690675945127070282093452846402311540118831235072,0000000020bca700000000000000000000000000000000000000000000000000,1491082559340194391481006113885131971822964627816163043572322225,0000000000039fe7280a966c7c75922276b88df41a9ad06a5072529bbd5a0fb1,51952,386269334894100555419319346037768029933462290621508939945613329,398703787641718174594659538255963405145859925952655564840470303,1.0321911464989233,0.2331438511350036,False,neither,0,False,0,,386269334894100555419319346037768029933462290621508939945613329,398703787641718174594659538255963405145859925952655564840470303
26,52416,54431,2351604382534916182160036119666703740669209516522695514729880748032,0000000016546f00000000000000000000000000000000000000000000000000,1394440931418869444694502824466643903633238060345743134358715276,00000000000363c341c03c72240c5ed0e2822efd19edaa51a17f4018e82b3b8c,53692,386269334894100555419319346037768029933462290621508939945613329,398703787641718174594659538255963405145859925952655564840470303,1.0321911464989233,0.34180359666589,False,neither,0,False,0,,386269334894100555419319346037768029933462290621508939945613329,398703787641718174594659538255963405145859925952655564840470303
27,54432,56447,2098151686442211199940455690614286210348997571531298297574806519808,0000000013ec5300000000000000000000000000000000000000000000000000,291294114190283069630871810297646705120497703302853918925161434,000000000000b545d467b95ad844b8c718f9b76e9426e4efab7e097ca09a83da,55593,386269334894100555419319346037768029933462290621508939945613329,398703787641718174594659538255963405145859925952655564840470303,1.0321911464989233,0.38309281501408854,True,unique-min,1,False,0,,291294114190283069630871810297646705120497703302853918925161434,386269334894100555419319346037768029933462290621508939945613329
28,56448,58463,2275790652544821279950241890112140030244814501479017131553197129728,00000000159c2400000000000000000000000000000000000000000000000000,1402512810606278733750596373811023235674880215715260047349487546,00000000000368c92e6f28ae5b2de92e9f1eb030bbf6f55c4cb62cdca94797ba,56758,291294114190283069630871810297646705120497703302853918925161434,386269334894100555419319346037768029933462290621508939945613329,1.326045793845929,0.342175137364121,False,neither,0,False,0,,291294114190283069630871810297646705120497703302853918925161434,386269334894100555419319346037768029933462290621508939945613329
29,58464,60479,1622203955679450683159610732218403647246163922223729367236739072000,000000000f675c00000000000000000000000000000000000000000000000000,256504973721886974571032644602212583296932206772138563793897041,0000000000009f9f9991befc49dc787a190206d1dd32467b687e32157d48c651,60040,291294114190283069630871810297646705120497703302853918925161434,386269334894100555419319346037768029933462290621508939945613329,1.326045793845929,0.4800376527379043,True,unique-min,2,True,1,1.1493181206418208,256504973721886974571032644602212583296932206772138563793897041,291294114190283069630871810297646705120497703302853918925161434
30,60480,62495,1551048739079662593758612650769536967206480773659027300489594142720,000000000eba6400000000000000000000000000000000000000000000000000,37670094100254190824844625878992154354875557412862966526794103,000000000000177131355902f9a7a9d94d1f57aba9ef4430bb01123190325977,61068,256504973721886974571032644602212583296932206772138563793897041,291294114190283069630871810297646705120497703302853918925161434,1.1356275473477402,0.3786141076108694,True,unique-min,1,False,0,,94362906390503277866051824525164026635549157805116629904227484,256504973721886974571032644602212583296932206772138563793897041
31,62496,64511,1389323280429349294447518501872137680563441219958739463959193059328,000000000d314200000000000000000000000000000000000000000000000000,120609841907186578160624578467058918583427224727242525647576902,0000000000004b0e41a07353bbc38b644df42c26cb819e94c381a5783a281f46,63048,94362906390503277866051824525164026635549157805116629904227484,256504973721886974571032644602212583296932206772138563793897041,2.718281828459045,0.3722056876953202,True,new-second,1,False,0,,94362906390503277866051824525164026635549157805116629904227484,120609841907186578160624578467058918583427224727242525647576902
32,64512,66527,1147152896345386682952518188670047452875537662186691235300769792000,000000000ae49300000000000000000000000000000000000000000000000000,297268162747583661276165122677045971158416997635484274015407156,000000000000b8fd8cf0e9af61452177271830cc929e4951ef3a9035cf7d0c34,65886,94362906390503277866051824525164026635549157805116629904227484,120609841907186578160624578467058918583427224727242525647576902,1.2781488671837349,0.21195905276403565,False,neither,0,False,0,,94362906390503277866051824525164026635549157805116629904227484,120609841907186578160624578467058918583427224727242525647576902
33,66528,68543,594007861936424273334637371358095438347537381057796937154824241152,0000000005a3f400000000000000000000000000000000000000000000000000,247774743152858573765060274373667844011084562367027358832797219,0000000000009a30cb3daf1e47de45a30ed4c22dcc76966f72ea23cc431c2623,66997,94362906390503277866051824525164026635549157805116629904227484,120609841907186578160624578467058918583427224727242525647576902,1.2781488671837349,0.40933707593067525,False,neither,0,False,0,,94362906390503277866051824525164026635549157805116629904227484,120609841907186578160624578467058918583427224727242525647576902
34,68544,70559,148501965484106068333659342839523859586884345264449234288706060288,000000000168fd00000000000000000000000000000000000000000000000000,79780010462417563489560590902529856414686783958388746275620371,00000000000031a5b05df6bc5e585bd69016aab365e9fd8bdaef265094198613,69446,94362906390503277866051824525164026635549157805116629904227484,120609841907186578160624578467058918583427224727242525647576902,1.2781488671837349,1.637348303722701,True,unique-min,2,True,1,1.14224379094084,79780010462417563489560590902529856414686783958388746275620371,94362906390503277866051824525164026635549157805116629904227484
35,70560,72575,110393429764504113949181711819653188468070301266890302199533928448,00000000010c5a00000000000000000000000000000000000000000000000000,75097868263358893692264649001666853149799932669383560656905880,0000000000002ebbc7d88175555a0941f76cb113a305bdc5631f66b0c1e0e698,71253,79780010462417563489560590902529856414686783958388746275620371,94362906390503277866051824525164026635549157805116629904227484,1.1827888445183317,1.7232512812499186,True,unique-min,1,False,0,,75097868263358893692264649001666853149799932669383560656905880,79780010462417563489560590902529856414686783958388746275620371
36,72576,74591,76554528428498296726819074079132986384157750623812250673757552640,0000000000ba1800000000000000000000000000000000000000000000000000,1977001647326197632819774152025058243573992905097744200096548,000000000000013af45c4ac4814ab12a69a6e65a40db0e1e3844fcb2ecaddb24,73373,75097868263358893692264649001666853149799932669383560656905880,79780010462417563489560590902529856414686783958388746275620371,1.0623472051515361,2.1009403936496667,True,unique-min,3,False,0,,27626961809891063475833798728672729363853427172494316251339001,75097868263358893692264649001666853149799932669383560656905880
37,74592,76607,52678642966898219212816601311127992435882858542187514726849708032,0000000000800e00000000000000000000000000000000000000000000000000,7373369962077059134556911514387136090145994389338915963380463,0000000000000496a5465517e8b4c30e8dd6619b2721fe6bbb74c75a0c23a2ef,75382,27626961809891063475833798728672729363853427172494316251339001,75097868263358893692264649001666853149799932669383560656905880,2.718281828459045,2.873978787078197,True,unique-min,3,False,0,,10163391271887503173703852019798930843764341453814845019748596,27626961809891063475833798728672729363853427172494316251339001
38,76608,78623,43246870766561725070861386869077695524372774526710079316876591104,0000000000692098000000000000000000000000000000000000000000000000,19883237859610916209374846005695218208828703418829580082937927,0000000000000c5f9521598981f352e39c05a6c09989cf343955cb938f610047,78371,10163391271887503173703852019798930843764341453814845019748596,27626961809891063475833798728672729363853427172494316251339001,2.718281828459045,1.2878609254615534,True,new-second,2,True,1,1.242168597461841,10163391271887503173703852019798930843764341453814845019748596,19883237859610916209374846005695218208828703418829580082937927
39,78624,80639,37817516728945957090904676150631917288430706594442690521085247488,00000000005bede6000000000000000000000000000000000000000000000000,3342264548031500888453475867734264615319015108860282366513304,000000000000021474160fc5559ffaa94c7f7e53f9bb5fbb7179974f5bd6d098,80184,10163391271887503173703852019798930843764341453814845019748596,19883237859610916209374846005695218208828703418829580082937927,1.956358594065845,1.0599481666731014,True,unique-min,1,False,0,,3738902701508689077363975663445537044957775692218794292248256,10163391271887503173703852019798930843764341453814845019748596
40,80640,82655,29373101246077110899697012205905070265841442578602225419818106880,00000000004766ed000000000000000000000000000000000000000000000000,8155697022428019745895051849229302769686120226824961954828406,00000000000005134709f3bfe667a307202d7e23d001142afbd03e9a7c225076,81308,3738902701508689077363975663445537044957775692218794292248256,10163391271887503173703852019798930843764341453814845019748596,2.718281828459045,0.6975564695219795,True,new-second,1,False,0,,3738902701508689077363975663445537044957775692218794292248256,8155697022428019745895051849229302769686120226824961954828406
41,82656,84671,20444488966645742314409346972440253478913291170842138088329707520,000000000031b2a3000000000000000000000000000000000000000000000000,11454956287181942732449630478988818170398016179205695751854225,0000000000000720e13be8075392d32f61bdad67b0652081284420814a041891,83275,3738902701508689077363975663445537044957775692218794292248256,8155697022428019745895051849229302769686120226824961954828406,2.1813076385050363,0.8042208941509411,False,neither,0,False,0,,3738902701508689077363975663445537044957775692218794292248256,8155697022428019745895051849229302769686120226824961954828406
42,84672,86687,19563849255781403323327768731100757126732627316116500830377476096,00000000002f8e9d000000000000000000000000000000000000000000000000,5074449972607912005637169479605599533111997437631415592303898,00000000000003286811b9ea2c249ee89c4cf1c39087b876a827af8ce9c23d1a,86431,3738902701508689077363975663445537044957775692218794292248256,8155697022428019745895051849229302769686120226824961954828406,2.1813076385050363,0.8404217893038647,True,new-second,1,False,0,,3738902701508689077363975663445537044957775692218794292248256,5074449972607912005637169479605599533111997437631415592303898
43,86688,88703,12545026348036226200394850922278603223904369245268262607334146048,00000000001e7eca000000000000000000000000000000000000000000000000,32075257657655116687296106352731608870330633659275225940020585,00000000000013f5e2235e7ebc031bb51f7c1c71536cc8e8955fc119f9e2cd69,88072,3738902701508689077363975663445537044957775692218794292248256,5074449972607912005637169479605599533111997437631415592303898,1.3572030025173736,0.8154698811277467,False,neither,0,False,0,,3738902701508689077363975663445537044957775692218794292248256,5074449972607912005637169479605599533111997437631415592303898
44,88704,90719,8719867261221084516486306056196045840260667577454435863762042880,0000000000153263000000000000000000000000000000000000000000000000,618449065430873501327906809422022547298045046190308237890823,0000000000000062864d8512b92b2f6a0c2a9edcda82aae03063879b3869d507,89665,3738902701508689077363975663445537044957775692218794292248256,5074449972607912005637169479605599533111997437631415592303898,1.3572030025173736,1.1731934487435056,True,unique-min,4,False,0,,1375465436425412553789890410765902532163172156261156427641794,3738902701508689077363975663445537044957775692218794292248256
45,90720,92735,5942996718418989293499865695368015163438891473576991811912597504,00000000000e7256000000000000000000000000000000000000000000000000,499841086082033462563690790966992541793027504953168342051868,000000000000004fa1186f88c245f89757b74b7ef1fa87302ab340b635686c1c,91940,1375465436425412553789890410765902532163172156261156427641794,3738902701508689077363975663445537044957775692218794292248256,2.718281828459045,1.2683210513780572,True,unique-min,3,True,1,4.745038691393303,506005456102814796177780349794937614095283630387626292872297,1375465436425412553789890410765902532163172156261156427641794
46,92736,94751,3926013280397599483741094494745234959951218212740030386090803200,0000000000098b2a000000000000000000000000000000000000000000000000,10873399711833366775237580746772158526504262170211544095081719,00000000000006c43b85f483ceaa9b6655439def60e7a8300eef380ff7cd44f7,94330,506005456102814796177780349794937614095283630387626292872297,1375465436425412553789890410765902532163172156261156427641794,2.718281828459045,0.7062987620746937,False,neither,0,False,0,,506005456102814796177780349794937614095283630387626292872297,1375465436425412553789890410765902532163172156261156427641794
47,94752,96767,3337321571246095014985518819479127172783474909736415373333364736,0000000000081cd2000000000000000000000000000000000000000000000000,2289183420156765050240857477924970978449241916538081518241947,000000000000016cb01e1452ba6b70431fbf7f8d81ee9c11ea8b5bfca1c7489b,96128,506005456102814796177780349794937614095283630387626292872297,1375465436425412553789890410765902532163172156261156427641794,2.718281828459045,0.8308873630053778,False,neither,0,False,0,,506005456102814796177780349794937614095283630387626292872297,1375465436425412553789890410765902532163172156261156427641794
48,96768,98783,2200419182034594781720344474937177839165432393990533906392154112,0000000000055953000000000000000000000000000000000000000000000000,1548334185959269425889951224162946827002236287778615943316377,00000000000000f6a9f32ba9487f9ef9940f49797ba72b44bd0c34ef59b14399,98378,506005456102814796177780349794937614095283630387626292872297,1375465436425412553789890410765902532163172156261156427641794,2.718281828459045,1.2601863965163507,False,neither,0,False,0,,506005456102814796177780349794937614095283630387626292872297,1375465436425412553789890410765902532163172156261156427641794
49,98784,100799,1861311314983800126815643622927230076368334845814253369901973504,000000000004864c000000000000000000000000000000000000000000000000,1208809089261672952867593775996331668547428149634860413699075,00000000000000c0930bc3046ce0fab487933b847c7226bdf0e86f4a7c094403,100120,506005456102814796177780349794937614095283630387626292872297,1375465436425412553789890410765902532163172156261156427641794,2.718281828459045,1.4897767490645517,True,new-second,1,False,0,,506005456102814796177780349794937614095283630387626292872297,1208809089261672952867593775996331668547428149634860413699075
50,100800,102815,1653206561150525499452195696179626311675293455763937233695932416,00000000000404cb000000000000000000000000000000000000000000000000,51513992047619721142253113510155838889202293428317283079697,000000000000000834e72c05564b54cc21ac27fb0cbe4ec686bfe607273ad611,101777,506005456102814796177780349794937614095283630387626292872297,1208809089261672952867593775996331668547428149634860413699075,2.388925009962849,1.4740802397103758,True,unique-min,2,False,0,,186149004420804295878679231933824560806529768260682405117094,506005456102814796177780349794937614095283630387626292872297
51,102816,104831,1462200632444444190489436459820840230299714881944341127503020032,0000000000038dee000000000000000000000000000000000000000000000000,2093311665446566232350850259008609513785006820001071789162324,000000000000014d7bd98aa1414ff92fe2ace18f61ff7c28f810683a7566bf54,104011,186149004420804295878679231933824560806529768260682405117094,506005456102814796177780349794937614095283630387626292872297,2.718281828459045,0.6976518658714458,False,neither,0,False,0,,186149004420804295878679231933824560806529768260682405117094,506005456102814796177780349794937614095283630387626292872297
52,104832,106847,1224744150896501443874292381730317417444978877835711165914677248,000000000002fa29000000000000000000000000000000000000000000000000,570030706869195039872775931928812767507653418357947531627534,000000000000005acfa644fd281ecf85005c7514c05eade6710a8a9353898c0e,104995,186149004420804295878679231933824560806529768260682405117094,506005456102814796177780349794937614095283630387626292872297,2.718281828459045,0.8329143672632082,False,neither,0,False,0,,186149004420804295878679231933824560806529768260682405117094,506005456102814796177780349794937614095283630387626292872297
53,106848,108863,1036989760889350435547200084292752907272941324136347429599444992,0000000000028552000000000000000000000000000000000000000000000000,539069778679505926481340982304209466954827537084447978194827,0000000000000055e0f718bb56d56d4ae70653cf2be37c3e1b2d7dc3926c878b,107249,186149004420804295878679231933824560806529768260682405117094,506005456102814796177780349794937614095283630387626292872297,2.718281828459045,0.9837194521847576,False,neither,0,False,0,,186149004420804295878679231933824560806529768260682405117094,506005456102814796177780349794937614095283630387626292872297
54,108864,110879,739430030225080220618328322475016688484025266646974337550123008,000000000001cc26000000000000000000000000000000000000000000000000,226245792570664031910744183590507628830030348858878430519740,00000000000000240b044a3090d3ae4f9b342a840640240304eaa8f68a0fa1bc,110501,186149004420804295878679231933824560806529768260682405117094,506005456102814796177780349794937614095283630387626292872297,2.718281828459045,1.3795855697025954,True,new-second,2,True,1,1.7081138349054608,186149004420804295878679231933824560806529768260682405117094,226245792570664031910744183590507628830030348858878430519740
55,110880,112895,484975157177710342494716926626447514974484083994735770500857856,0000000000012dcd000000000000000000000000000000000000000000000000,382967082282480501869296746565407633131711441979811555318627,000000000000003d029ae6a6ce79319d9ab52ff485ea51e38c3a4c0e05421b63,111884,186149004420804295878679231933824560806529768260682405117094,226245792570664031910744183590507628830030348858878430519740,1.2154015718462712,0.9404842930033319,False,neither,0,False,0,,186149004420804295878679231933824560806529768260682405117094,226245792570664031910744183590507628830030348858878430519740
56,112896,114911,353833947722011807976659613996792948209273674048993161457434624,000000000000dc31000000000000000000000000000000000000000000000000,41897617541610872253602811890029173846524253723014101436888,0000000000000006acb7899a26faa6290030e25ae41c8b3f62d69809994b89d8,114335,186149004420804295878679231933824560806529768260682405117094,226245792570664031910744183590507628830030348858878430519740,1.2154015718462712,1.2890552779316722,True,unique-min,1,False,0,,68480391720945830618845225758816050800632592882184463313816,186149004420804295878679231933824560806529768260682405117094
57,114912,116927,390843739553851677760235428436025349398613161749553108945469440,000000000000f339000000000000000000000000000000000000000000000000,387655291420923132679193190558359297840905716334745654698213,000000000000003dc1ce16972120a0573e30d7e67a1ef17a3ae084b1c588a0e5,115076,68480391720945830618845225758816050800632592882184463313816,186149004420804295878679231933824560806529768260682405117094,2.718281828459045,0.9601698963906129,False,neither,0,False,0,,68480391720945830618845225758816050800632592882184463313816,186149004420804295878679231933824560806529768260682405117094
58,116928,118943,327394795212563108599383268946242257264650552916910648089116672,000000000000cbbd000000000000000000000000000000000000000000000000,79525547564285342718373405953918473416159747536820939010485,000000000000000cab4d7514a0e7eaf75e14817f168f0c719dd4ea8690b431b5,117067,68480391720945830618845225758816050800632592882184463313816,186149004420804295878679231933824560806529768260682405117094,2.718281828459045,1.1462503326257552,True,new-second,1,False,0,,68480391720945830618845225758816050800632592882184463313816,79525547564285342718373405953918473416159747536820939010485
59,118944,120959,291935447509363748964474894494542149680088347011133317125767168,000000000000b5ac000000000000000000000000000000000000000000000000,156394104586814652931835116334682125298511324145846259013511,0000000000000018ea3ea39b29c67d12b134a17afaeb29db2230c0ff798bd787,120590,68480391720945830618845225758816050800632592882184463313816,79525547564285342718373405953918473416159747536820939010485,1.1612893204283639,0.5491745016146315,False,neither,0,False,0,,68480391720945830618845225758816050800632592882184463313816,79525547564285342718373405953918473416159747536820939010485
60,120960,122975,245823858161213192073337185391658632187400443916100519594033152,00000000000098fa000000000000000000000000000000000000000000000000,276950612618701094676588037091969242424375998669266234532465,000000000000002c1eeb4fd87e64bfe97a366722df71731d616ae1ee147e6271,122562,68480391720945830618845225758816050800632592882184463313816,79525547564285342718373405953918473416159747536820939010485,1.1612893204283639,0.6521885430032501,False,neither,0,False,0,,68480391720945830618845225758816050800632592882184463313816,79525547564285342718373405953918473416159747536820939010485
61,122976,124991,171262555713783851185422181139260521316022447660158187451973632,0000000000006a93b30000000000000000000000000000000000000000000000,115243850992183283999035441737722814019166003347578873555928,00000000000000125c01f1fcae0f6c81fc64d5a6c8efc79a876506718055abd8,122994,68480391720945830618845225758816050800632592882184463313816,79525547564285342718373405953918473416159747536820939010485,1.1612893204283639,0.9361270081566102,False,neither,0,False,0,,68480391720945830618845225758816050800632592882184463313816,79525547564285342718373405953918473416159747536820939010485
62,124992,127007,110438984653392107399822606842181601255647711092336854093004800,00000000000044b9f20000000000000000000000000000000000000000000000,749141948473392236228638560860443038398718001776885808413,00000000000000001e8d6829a8a21adc5d38d0a473b144b6765798e61f98bd1d,125552,68480391720945830618845225758816050800632592882184463313816,79525547564285342718373405953918473416159747536820939010485,1.1612893204283639,1.4516930266315606,True,unique-min,2,False,0,,25192528237503017499751304294031093900433729325951472103020,68480391720945830618845225758816050800632592882184463313816
63,127008,129023,61993465896324436412959469550829248888675813063783317791309824,0000000000002694210000000000000000000000000000000000000000000000,6933219559173656758835745708323449991038513612463771832478,00000000000000011ac23090a91a9297e8cb27c6d81cea9fc429fd37468d509e,128456,25192528237503017499751304294031093900433729325951472103020,68480391720945830618845225758816050800632592882184463313816,2.718281828459045,2.226951949102302,True,unique-min,4,True,1,2.8588290516706603,9267813209708390841520033423266898821864226609771208140579,25192528237503017499751304294031093900433729325951472103020
64,129024,131039,47525089675259291211422247200069659468817014361857087365971968,0000000000001d932f0000000000000000000000000000000000000000000000,8795345544553032365868030280910056491723989313354824563144,000000000000000166b3b12f3e8928897fa5241985e75a9d31945dc2d22a39c8,130557,9267813209708390841520033423266898821864226609771208140579,25192528237503017499751304294031093900433729325951472103020,2.718281828459045,1.0686594654285413,True,unique-min,1,False,0,,8795345544553032365868030280910056491723989313354824563144,9267813209708390841520033423266898821864226609771208140579
65,131040,133055,30742228348699538311994447367921718297595975288392383715082240,0000000000001321850000000000000000000000000000000000000000000000,11877265182267484804451846062334339240022691573473124764281,0000000000000001e4646f3b4841707b62ecf7412ebc0bdbd2538e745d474a79,133047,8795345544553032365868030280910056491723989313354824563144,9267813209708390841520033423266898821864226609771208140579,1.053717919638525,0.6077604791313862,False,neither,0,False,0,,8795345544553032365868030280910056491723989313354824563144,9267813209708390841520033423266898821864226609771208140579
66,133056,135071,19547336162709893274575855467812492508787617050928192350584832,0000000000000c2a120000000000000000000000000000000000000000000000,2417656105760902979930526541421941343995304296798407505994,0000000000000000629981ebad88aafb5856e6663998d1083d74008be66a384a,133316,8795345544553032365868030280910056491723989313354824563144,9267813209708390841520033423266898821864226609771208140579,1.053717919638525,0.9558290334421671,True,unique-min,1,False,0,,3235626803839904601003456574469829765074275785735461294012,8795345544553032365868030280910056491723989313354824563144
67,135072,137087,17248274092338559882155796390905381469049315669915374897332224,0000000000000abbcf0000000000000000000000000000000000000000000000,5271147535646232854176652347731332849200134455822200839776,0000000000000000d6f9591d6e5385853a50829b2f939ebe90794e81bb039e60,136816,3235626803839904601003456574469829765074275785735461294012,8795345544553032365868030280910056491723989313354824563144,2.718281828459045,1.0280110649270675,True,new-second,1,False,0,,3235626803839904601003456574469829765074275785735461294012,5271147535646232854176652347731332849200134455822200839776
68,137088,139103,15943936487596784557029840069157210316687734428242467413295104,00000000000009ec040000000000000000000000000000000000000000000000,1179858017340063549226771647953112934749009915267557804871,0000000000000000301e4adf257e8acafb35304fa906dba5573cd2e4f3f6cb47,137445,3235626803839904601003456574469829765074275785735461294012,5271147535646232854176652347731332849200134455822200839776,1.6290962633238972,0.6664999851278602,True,unique-min,2,False,0,,1190320580435964129177497273956564944399335472286853664224,3235626803839904601003456574469829765074275785735461294012
69,139104,141119,14273467308195657992975774342458504496649432985410431166185472,00000000000008e1e50000000000000000000000000000000000000000000000,1289942782283222557306423169705325613568341829509230238857,0000000000000000349ba18be90b92616e322b19ebd5d4e94f44a1bcaf6a1c89,140105,1190320580435964129177497273956564944399335472286853664224,3235626803839904601003456574469829765074275785735461294012,2.718281828459045,0.45700343831633705,True,new-second,1,False,0,,1190320580435964129177497273956564944399335472286853664224,1289942782283222557306423169705325613568341829509230238857
70,141120,143135,14930233597189143322113827544414041000381079823613435714732032,000000000000094a860000000000000000000000000000000000000000000000,10868796218509508337210932474611334737719801409369895856775,0000000000000001bb4386f95918183404d61987bb40cfefda20e3f4becbea87,141742,1190320580435964129177497273956564944399335472286853664224,1289942782283222557306423169705325613568341829509230238857,1.083693589344453,0.17417843010658368,False,neither,0,False,0,,1190320580435964129177497273956564944399335472286853664224,1289942782283222557306423169705325613568341829509230238857
71,143136,145151,15164766714763258952996988973449124317842091658872414191747072,000000000000096fe30000000000000000000000000000000000000000000000,2777525919903841281355503038609557532075661534259290923307,00000000000000007146b94294f415b350ee9afd4d9193b2a7c3f0c2c795612b,144385,1190320580435964129177497273956564944399335472286853664224,1289942782283222557306423169705325613568341829509230238857,1.083693589344453,0.1714846458238823,False,neither,0,False,0,,1190320580435964129177497273956564944399335472286853664224,1289942782283222557306423169705325613568341829509230238857
72,145152,147167,15357836632983707094928406965317628870031114888441593128288256,000000000000098ea50000000000000000000000000000000000000000000000,5136639808683491883152535743478115267531416967960902165512,0000000000000000d17d059bee3cc75a547e8093f40ee85cd5ded0686096e408,146346,1190320580435964129177497273956564944399335472286853664224,1289942782283222557306423169705325613568341829509230238857,1.083693589344453,0.1693288391607112,False,neither,0,False,0,,1190320580435964129177497273956564944399335472286853664224,1289942782283222557306423169705325613568341829509230238857
73,147168,149183,15958672964717750944291813934170287689797412223641384931819520,00000000000009ee5d0000000000000000000000000000000000000000000000,1507288989481589238744791376227564606541710733303682981101,00000000000000003d78d4d1a9c83407497e7c61dce578ee620d4f36b9245ced,148246,1190320580435964129177497273956564944399335472286853664224,1289942782283222557306423169705325613568341829509230238857,1.083693589344453,0.1629536901240065,False,neither,0,False,0,,1190320580435964129177497273956564944399335472286853664224,1289942782283222557306423169705325613568341829509230238857
74,149184,151199,18362361570655080300849714079315004638119732162003921272832000,0000000000000b6d4b0000000000000000000000000000000000000000000000,17588163941571918230539991061967435518658174987732120976347,0000000000000002cd4cffe5fa3b3893ce69b8ee6c4415bd13eab69f2ee73bdb,150154,1190320580435964129177497273956564944399335472286853664224,1289942782283222557306423169705325613568341829509230238857,1.083693589344453,0.1416225597713357,False,neither,0,False,0,,1190320580435964129177497273956564944399335472286853664224,1289942782283222557306423169705325613568341829509230238857
75,151200,153215,22401652017447755518156310839596703571934659990690572544245760,0000000000000df0ca0000000000000000000000000000000000000000000000,10237606477258851697109220706480601605307999933738129544258,0000000000000001a185994ee8142219f9544eef9dad1e700ceb917f322fd442,152240,1190320580435964129177497273956564944399335472286853664224,1289942782283222557306423169705325613568341829509230238857,1.083693589344453,0.1160862889512582,False,neither,0,False,0,,1190320580435964129177497273956564944399335472286853664224,1289942782283222557306423169705325613568341829509230238857
76,153216,155231,22607619418140130980719672680045705126213018528712048676700160,0000000000000e119a0000000000000000000000000000000000000000000000,2896235461813446659762052910290319882673305168036604713865,0000000000000000761e1bef3848536167a22fa6da61cfdd482f7dac62c49b89,154046,1190320580435964129177497273956564944399335472286853664224,1289942782283222557306423169705325613568341829509230238857,1.083693589344453,0.11502868130362905,False,neither,0,False,0,,1190320580435964129177497273956564944399335472286853664224,1289942782283222557306423169705325613568341829509230238857
77,155232,157247,24717289559589094364468373797949472355802981654048927838633984,0000000000000f61b10000000000000000000000000000000000000000000000,1015144396164766081116625386979149783365596865937478527743,000000000000000029669a1e22b42c7aeffe0f818b37a2b057e4545a67e42aff,156636,1190320580435964129177497273956564944399335472286853664224,1289942782283222557306423169705325613568341829509230238857,1.083693589344453,0.10521075309708061,True,unique-min,1,False,0,,1015144396164766081116625386979149783365596865937478527743,1190320580435964129177497273956564944399335472286853664224
78,157248,159263,23340814324747679919001773364939281849550099124416593832968192,0000000000000e86680000000000000000000000000000000000000000000000,2392982727006858957434785606866162161118038787880681065980,00000000000000006197e7c8dbd0c8014913a4ed042bd93f327c11d5964dcdfc,158603,1015144396164766081116625386979149783365596865937478527743,1190320580435964129177497273956564944399335472286853664224,1.1725628244937536,0.10281073559694001,False,neither,0,False,0,,1015144396164766081116625386979149783365596865937478527743,1190320580435964129177497273956564944399335472286853664224
79,159264,161279,23242391331131109072962566885467580392541369223033474166816768,0000000000000e76ba0000000000000000000000000000000000000000000000,3917225616622492391746849999271705011249525566813837952583,00000000000000009fc1be63bb5ddcd5a689b1771c5997ad19e462c5a6af8647,160970,1015144396164766081116625386979149783365596865937478527743,1190320580435964129177497273956564944399335472286853664224,1.1725628244937536,0.10324610131422828,False,neither,0,False,0,,1015144396164766081116625386979149783365596865937478527743,1190320580435964129177497273956564944399335472286853664224
80,161280,163295,21554562042243053719921017803645315870071034703425342074257408,0000000000000d69d70000000000000000000000000000000000000000000000,3923515575362526273914851428936137703516280120640163322240,0000000000000000a00369f825c04af023183eb09a20d89cb31672151b209980,162045,1015144396164766081116625386979149783365596865937478527743,1190320580435964129177497273956564944399335472286853664224,1.1725628244937536,0.1113307839637823,False,neither,0,False,0,,1015144396164766081116625386979149783365596865937478527743,1190320580435964129177497273956564944399335472286853664224
81,163296,165311,20615546854515052444405957679617344022137222968655050411343872,0000000000000cd43f0000000000000000000000000000000000000000000000,9610356778460912566518935256710830630851378653192642111949,000000000000000187f0ce72e8dbefa39860136c52f89b6161a293bb4dac29cd,164488,1015144396164766081116625386979149783365596865937478527743,1190320580435964129177497273956564944399335472286853664224,1.1725628244937536,0.11640177711964714,False,neither,0,False,0,,1015144396164766081116625386979149783365596865937478527743,1190320580435964129177497273956564944399335472286853664224
82,165312,167327,19540887421473929614259883543522244007742949396702043752628224,0000000000000c290b0000000000000000000000000000000000000000000000,17871066902609925153433557154633488299699187577137070017644,0000000000000002d8d6a4f2f12b4e59af2cffb553a5d0ae1a435adfb1f70c6c,167187,1015144396164766081116625386979149783365596865937478527743,1190320580435964129177497273956564944399335472286853664224,1.1725628244937536,0.1228033424685633,False,neither,0,False,0,,1015144396164766081116625386979149783365596865937478527743,1190320580435964129177497273956564944399335472286853664224
83,167328,169343,19588382523276445241758125434587686389961661359576757951266816,0000000000000c309c0000000000000000000000000000000000000000000000,9693578275767007282883312408658265276695738059404537809799,00000000000000018b55adee1396e4cccbda49f11691c17abec7e16ba498cb87,167942,1015144396164766081116625386979149783365596865937478527743,1190320580435964129177497273956564944399335472286853664224,1.1725628244937536,0.12250558652851552,False,neither,0,False,0,,1015144396164766081116625386979149783365596865937478527743,1190320580435964129177497273956564944399335472286853664224
84,169344,171359,18009299117968233362105684657812007807160912568078774269116416,0000000000000b350c0000000000000000000000000000000000000000000000,20126586318012409598373632584759499826265236287974295386801,000000000000000334d35da539753ed2533e3a771310731a28ee03386656bab1,170696,1015144396164766081116625386979149783365596865937478527743,1190320580435964129177497273956564944399335472286853664224,1.1725628244937536,0.1332470672201057,False,neither,0,False,0,,1015144396164766081116625386979149783365596865937478527743,1190320580435964129177497273956564944399335472286853664224
85,171360,173375,17993483763986497389087426516491816616385967180337839494660096,0000000000000b32870000000000000000000000000000000000000000000000,16716053548674730503553782011372165795923800793334024747539,0000000000000002a9bbbe045429e063c791604edc73e92190ae12d8ea77ba13,173011,1015144396164766081116625386979149783365596865937478527743,1190320580435964129177497273956564944399335472286853664224,1.1725628244937536,0.1333641845923031,False,neither,0,False,0,,1015144396164766081116625386979149783365596865937478527743,1190320580435964129177497273956564944399335472286853664224
86,173376,175391,16574638092431222848464934504874974361824393751455373256032256,0000000000000a507e0000000000000000000000000000000000000000000000,5247704105320437327592088566296494794050576610380021656267,0000000000000000d60496577a12244d964dc90b8b2ec8c1617ebdb386c66acb,174878,1015144396164766081116625386979149783365596865937478527743,1190320580435964129177497273956564944399335472286853664224,1.1725628244937536,0.1447806146219697,False,neither,0,False,0,,1015144396164766081116625386979149783365596865937478527743,1190320580435964129177497273956564944399335472286853664224
87,175392,177407,17085559845791583266730740536950670241169412424878408752693248,0000000000000aa1e30000000000000000000000000000000000000000000000,3572146526401503597170745873006573808220285105997551259557,000000000000000091aef32ccfb502f22e90c89ecc39dabfa6974bac7b504fa5,175809,1015144396164766081116625386979149783365596865937478527743,1190320580435964129177497273956564944399335472286853664224,1.1725628244937536,0.1404511360363752,False,neither,0,False,0,,1015144396164766081116625386979149783365596865937478527743,1190320580435964129177497273956564944399335472286853664224
88,177408,179423,17870687961287995446644888885900316642120964851955511819501568,0000000000000b1ef70000000000000000000000000000000000000000000000,9901329534265301241288643261977128677836999816724750604110,000000000000000193ceb429847d88083a45fdd9b43d6126728b6cab16f1174e,178685,1015144396164766081116625386979149783365596865937478527743,1190320580435964129177497273956564944399335472286853664224,1.1725628244937536,0.13428057696251952,False,neither,0,False,0,,1015144396164766081116625386979149783365596865937478527743,1190320580435964129177497273956564944399335472286853664224
89,179424,181439,15554707140145502641228553657813466188995512591033787398225920,00000000000009ae020000000000000000000000000000000000000000000000,3689760771279849670120878248780203409544087561120754762485,0000000000000000967ae660cf0cfd7c3b7fb8f0b9f0aa8457695b0007d902f5,181338,1015144396164766081116625386979149783365596865937478527743,1190320580435964129177497273956564944399335472286853664224,1.1725628244937536,0.15427396147919092,False,neither,0,False,0,,1015144396164766081116625386979149783365596865937478527743,1190320580435964129177497273956564944399335472286853664224
90,181440,183455,16944226977030767532657500340718760127019357828074148225613824,0000000000000a8b5f0000000000000000000000000000000000000000000000,6848471439908580085213748783017305002548851327310288537976,0000000000000001174d60c85c88625d059d19f5e15dd12888977675a5a64978,182355,1015144396164766081116625386979149783365596865937478527743,1190320580435964129177497273956564944399335472286853664224,1.1725628244937536,0.1416226478441222,False,neither,0,False,0,,1015144396164766081116625386979149783365596865937478527743,1190320580435964129177497273956564944399335472286853664224
91,183456,185471,17028747171100603034973679895960153979114298528140818252824576,0000000000000a98d60000000000000000000000000000000000000000000000,12587502843838911277062754891101542036028457804312981599132,0000000000000002015ba963a2777d415edee9a271f3567c6845c1559f58f39c,183494,1015144396164766081116625386979149783365596865937478527743,1190320580435964129177497273956564944399335472286853664224,1.1725628244937536,0.1409197204026494,False,neither,0,False,0,,1015144396164766081116625386979149783365596865937478527743,1190320580435964129177497273956564944399335472286853664224
92,185472,187487,15614535766060906942258863525753414259523988166363835227176960,00000000000009b78a0000000000000000000000000000000000000000000000,2907082528052830814456816076669493583112926416427922248367,0000000000000000768f5b971e3e0a586137b45c1b1796990b24a4c0c38452af,186259,1015144396164766081116625386979149783365596865937478527743,1190320580435964129177497273956564944399335472286853664224,1.1725628244937536,0.15368284565813092,False,neither,0,False,0,,1015144396164766081116625386979149783365596865937478527743,1190320580435964129177497273956564944399335472286853664224
93,187488,189503,15392654931672180089790308609774483894682932641297604569726976,0000000000000994310000000000000000000000000000000000000000000000,19649694471951529982741751134411401476168451199290705733101,0000000000000003216061f2dfb0d70aa43aa605b0a63b64491a3672398c65ed,187702,1015144396164766081116625386979149783365596865937478527743,1190320580435964129177497273956564944399335472286853664224,1.1725628244937536,0.1558981410816447,False,neither,0,False,0,,1015144396164766081116625386979149783365596865937478527743,1190320580435964129177497273956564944399335472286853664224
94,189504,191519,14444739009842829731785903206212823051010663269705670545375232,00000000000008fd2e0000000000000000000000000000000000000000000000,4593104190527737025489289335283526008482961218102108466178,0000000000000000bb523eca4bcccbec0bb2e31f7b916acea61556ae8d21ac02,190759,1015144396164766081116625386979149783365596865937478527743,1190320580435964129177497273956564944399335472286853664224,1.1725628244937536,0.16612873991864627,False,neither,0,False,0,,1015144396164766081116625386979149783365596865937478527743,1190320580435964129177497273956564944399335472286853664224
95,191520,193535,13237058963854547748734324548161076199478283141947127217782784,000000000000083cc90000000000000000000000000000000000000000000000,3028461246128417691450575002060882162894309951196552374371,00000000000000007b829c58335f277a7f604ca8f7e5436a882d13779aae2863,192827,1015144396164766081116625386979149783365596865937478527743,1190320580435964129177497273956564944399335472286853664224,1.1725628244937536,0.18128545749562258,False,neither,0,False,0,,1015144396164766081116625386979149783365596865937478527743,1190320580435964129177497273956564944399335472286853664224
96,193536,195551,12305424274651356593961118223415860240572779254789271782948864,00000000000007a85e0000000000000000000000000000000000000000000000,4439070852613949014318891787826329287613989277421700443208,0000000000000000b50a0feba39f75ce8800d57827c6c8fa917df5507998ec48,193669,1015144396164766081116625386979149783365596865937478527743,1190320580435964129177497273956564944399335472286853664224,1.1725628244937536,0.19501044714907995,False,neither,0,False,0,,1015144396164766081116625386979149783365596865937478527743,1190320580435964129177497273956564944399335472286853664224
97,195552,197567,11046080738989403765716562970384822165842244193743674858799104,00000000000006dfbe0000000000000000000000000000000000000000000000,11850171956337500056911391954079430142064986463969125517927,0000000000000001e3499169d61810b681254686855784b8d7210784bb32ca67,197173,1015144396164766081116625386979149783365596865937478527743,1190320580435964129177497273956564944399335472286853664224,1.1725628244937536,0.21724323285893787,False,neither,0,False,0,,1015144396164766081116625386979149783365596865937478527743,1190320580435964129177497273956564944399335472286853664224
98,197568,199583,10007073282210984973971337419529346944295676968729147521105920,000000000000063a380000000000000000000000000000000000000000000000,12618113231685368030218217826382053787516845981927881990749,0000000000000002029b3fc0ebab8cc25ae8debe989e6f0c427f117e9a3e625d,198591,1015144396164766081116625386979149783365596865937478527743,1190320580435964129177497273956564944399335472286853664224,1.1725628244937536,0.23979901240702334,False,neither,0,False,0,,1015144396164766081116625386979149783365596865937478527743,1190320580435964129177497273956564944399335472286853664224
99,199584,201599,9412783771427520201810837309176674245361798887059324066070528,00000000000005db8b0000000000000000000000000000000000000000000000,4790444568982376308715164456224453185758505692055194486468,0000000000000000c35e93308b85409de6070bacb13134979db905511c52c6c4,201197,1015144396164766081116625386979149783365596865937478527743,1190320580435964129177497273956564944399335472286853664224,1.1725628244937536,0.2549390646200909,False,neither,0,False,0,,1015144396164766081116625386979149783365596865937478527743,1190320580435964129177497273956564944399335472286853664224
100,201600,203615,8825801199382903987726989797449454220615414953524072026210304,000000000000057e080000000000000000000000000000000000000000000000,1801787896026528666026460766485033861462916419589997390518,0000000000000000497b8b1a83a091bbd8fa7afef1bf62263ebd79019e98eab6,203062,1015144396164766081116625386979149783365596865937478527743,1190320580435964129177497273956564944399335472286853664224,1.1725628244937536,0.2718944417563687,False,neither,0,False,0,,1015144396164766081116625386979149783365596865937478527743,1190320580435964129177497273956564944399335472286853664224
101,203616,205631,8774971387283464186072960143252932765613148614319486309236736,0000000000000575ef0000000000000000000000000000000000000000000000,1601218906793125822365616638572269845555850602931976176548,0000000000000000414d816320223a4b05e84052d8c0a7d83b39f8ebee4483a4,204022,1015144396164766081116625386979149783365596865937478527743,1190320580435964129177497273956564944399335472286853664224,1.1725628244937536,0.2734694147990599,False,neither,0,False,0,,1015144396164766081116625386979149783365596865937478527743,1190320580435964129177497273956564944399335472286853664224
102,205632,207647,8158785580212107593904235970576336449063725988071903546310656,0000000000000513c50000000000000000000000000000000000000000000000,266927971526157113597592094330626478754563633332141982863,00000000000000000ae2dba9951e28a3e6308ac7e9e8536104c503aa772c848f,206712,1015144396164766081116625386979149783365596865937478527743,1190320580435964129177497273956564944399335472286853664224,1.1725628244937536,0.2941229753578741,True,unique-min,1,False,0,,373450753169415401850118416599327961573251328994866881615,1015144396164766081116625386979149783365596865937478527743
103,207648,209663,8002789794116287035234223109988652176644807295346590313611264,00000000000004faeb0000000000000000000000000000000000000000000000,19807160267579913681889384445767347546785476936027027008052,000000000000000327cc66f86768819b492b9eba80a5995c4c3ce088d56bea34,208098,373450753169415401850118416599327961573251328994866881615,1015144396164766081116625386979149783365596865937478527743,2.718281828459045,0.25572720955044875,False,neither,0,False,0,,373450753169415401850118416599327961573251328994866881615,1015144396164766081116625386979149783365596865937478527743
104,209664,211679,7839560629067579481152758851432818444879208153964570478641152,00000000000004e0ea0000000000000000000000000000000000000000000000,1505742355941703058225424285691012997445904857675931645042,00000000000000003d68af080d3e1951947859796c97db4f9864151c1c24f472,210168,373450753169415401850118416599327961573251328994866881615,1015144396164766081116625386979149783365596865937478527743,2.718281828459045,0.2610517603601439,False,neither,0,False,0,,373450753169415401850118416599327961573251328994866881615,1015144396164766081116625386979149783365596865937478527743
105,211680,213695,7999430563890709006856701613305138698914315019190763857641472,00000000000004fa620000000000000000000000000000000000000000000000,5069754021619643373845897655085879478770985390811906157835,0000000000000000cec2b3a349057e988ea5d15e580386ce03465c64bd21ad0b,212810,373450753169415401850118416599327961573251328994866881615,1015144396164766081116625386979149783365596865937478527743,2.718281828459045,0.25583459801578556,False,neither,0,False,0,,373450753169415401850118416599327961573251328994866881615,1015144396164766081116625386979149783365596865937478527743
106,213696,215711,9047927233058169382412882048952728634925849476849852060008448,00000000000005a16b0000000000000000000000000000000000000000000000,6837909087265117557655741398346073549698669957335967334644,000000000000000116df1a19692a43f47c3f030ef08e0b939f4124788dc800f4,215578,373450753169415401850118416599327961573251328994866881615,1015144396164766081116625386979149783365596865937478527743,2.718281828459045,0.22618783838035442,False,neither,0,False,0,,373450753169415401850118416599327961573251328994866881615,1015144396164766081116625386979149783365596865937478527743
107,215712,217727,8296391419817537486273948666838217011279219811331013552898048,0000000000000529b10000000000000000000000000000000000000000000000,686043340429691137655974079182187727310461666477531263163,00000000000000001bfaa06e0d8c9aa94ce50ecf685d153e81f65e56546cf0bb,217293,373450753169415401850118416599327961573251328994866881615,1015144396164766081116625386979149783365596865937478527743,2.718281828459045,0.24667725992045558,True,new-second,1,False,0,,373450753169415401850118416599327961573251328994866881615,686043340429691137655974079182187727310461666477531263163
108,217728,219743,9081029136740872581753422344739175313292014241889017867010048,00000000000005a6b10000000000000000000000000000000000000000000000,2513273709622457610261524444417471833802613696305843513283,0000000000000000667fcd47233c5ab7c3a89df822b721737dc50cadd2ada7c3,218506,373450753169415401850118416599327961573251328994866881615,686043340429691137655974079182187727310461666477531263163,1.8370383098905374,0.15230249275498203,False,neither,0,False,0,,373450753169415401850118416599327961573251328994866881615,686043340429691137655974079182187727310461666477531263163
109,219744,221759,8230751570811169734692743946971314968326461977249645504495616,000000000000051f3c0000000000000000000000000000000000000000000000,12860585836542113076485503555156483097506732693113981308391,00000000000000020c7ec7f99afe971e8b90a4ea00f169a944a5e3d66d830de7,220192,373450753169415401850118416599327961573251328994866881615,686043340429691137655974079182187727310461666477531263163,1.8370383098905374,0.16803609760389737,False,neither,0,False,0,,373450753169415401850118416599327961573251328994866881615,686043340429691137655974079182187727310461666477531263163
110,221760,223775,7384127474250891166670391848516180960454656786677558849568768,00000000000004985c0000000000000000000000000000000000000000000000,479674377841141976323752261716047443725829375571407500394,0000000000000000139008bfda982356c5065c9035d6c7d588069d3e1b35746a,223079,373450753169415401850118416599327961573251328994866881615,686043340429691137655974079182187727310461666477531263163,1.8370383098905374,0.18730220721799865,True,new-second,1,False,0,,373450753169415401850118416599327961573251328994866881615,479674377841141976323752261716047443725829375571407500394
111,223776,225791,6172230000534146257480611019445716458048957888854766248787968,00000000000003d74b0000000000000000000000000000000000000000000000,2297628362749688304079406193628818755381460096226536025602,00000000000000005db45c013ec905bfe0191f66379f9008d08ad12014e16e02,225330,373450753169415401850118416599327961573251328994866881615,479674377841141976323752261716047443725829375571407500394,1.2844381053464855,0.15667328431443026,False,neither,0,False,0,,373450753169415401850118416599327961573251328994866881615,479674377841141976323752261716047443725829375571407500394
112,225792,227807,5561365017980676031428107027647386014985059524839404952616960,0000000000000375fa0000000000000000000000000000000000000000000000,8597447824001822049713916520678066262136494149247933577472,00000000000000015ea18b240ecfc9dc15a5889c333910cf12de3e4e2bfb7900,227723,373450753169415401850118416599327961573251328994866881615,479674377841141976323752261716047443725829375571407500394,1.2844381053464855,0.17388240883330244,False,neither,0,False,0,,373450753169415401850118416599327961573251328994866881615,479674377841141976323752261716047443725829375571407500394
113,227808,229823,4026319404534786334009451711043898716884778820756489262596096,00000000000002816e0000000000000000000000000000000000000000000000,1411678178543842555055389251003708485326595189183203223040,000000000000000039929b9e1c4aed919d55acb7edb565a52ac342c54973a600,228284,373450753169415401850118416599327961573251328994866881615,479674377841141976323752261716047443725829375571407500394,1.2844381053464855,0.24017556695541772,False,neither,0,False,0,,373450753169415401850118416599327961573251328994866881615,479674377841141976323752261716047443725829375571407500394
114,229824,231839,3513558656525386849113615662535622466519417660386833443323904,000000000000022fbe0000000000000000000000000000000000000000000000,418928372121281957705123896182902132777214756183808370591,00000000000000001115d0f81474bbb9ebb9a45e04597f2df39e0eba903b679f,231593,373450753169415401850118416599327961573251328994866881615,479674377841141976323752261716047443725829375571407500394,1.2844381053464855,0.27522624218377134,True,new-second,1,False,0,,373450753169415401850118416599327961573251328994866881615,418928372121281957705123896182902132777214756183808370591
115,231840,233855,3004083578955603829930099910053556479043735076695139267117056,00000000000001de940000000000000000000000000000000000000000000000,1123652743778154936786508650078047221229611249386729519164,00000000000000002dd37b66645642de4d42d17b62abf21092f48487d0c4383c,233475,373450753169415401850118416599327961573251328994866881615,418928372121281957705123896182902132777214756183808370591,1.121776749854982,0.28113718410262173,False,neither,0,False,0,,373450753169415401850118416599327961573251328994866881615,418928372121281957705123896182902132777214756183808370591
116,233856,235871,2675541054922611112919804040984964595022815308724929898217472,00000000000001aa3d0000000000000000000000000000000000000000000000,635105335318032860183081600984856364307795138543636047995,000000000000000019e6cf209f3509db56f45ad6f1f85287c1202f634911e87b,235719,373450753169415401850118416599327961573251328994866881615,418928372121281957705123896182902132777214756183808370591,1.121776749854982,0.31565936790341387,False,neither,0,False,0,,373450753169415401850118416599327961573251328994866881615,418928372121281957705123896182902132777214756183808370591
117,235872,237887,2409843108029446766213067266805752590003732794677225687351296,000000000000017fe90000000000000000000000000000000000000000000000,359676336925915078774006362305009328962550828244676036164,00000000000000000eab32386b8854581ca95f672ec9ccd96d2201c493f2c644,236166,373450753169415401850118416599327961573251328994866881615,418928372121281957705123896182902132777214756183808370591,1.121776749854982,0.3504624825502061,True,unique-min,1,False,0,,359676336925915078774006362305009328962550828244676036164,373450753169415401850118416599327961573251328994866881615
118,237888,239903,2218268905456883731807407021635746739577921454491297946533888,0000000000000161640000000000000000000000000000000000000000000000,155566129756877957177939281690389061013955286756511558542,000000000000000006582fa9652895fda92c757ae6beee9dfbc3932125b5ab8e,239572,359676336925915078774006362305009328962550828244676036164,373450753169415401850118416599327961573251328994866881615,1.0382966985296493,0.33939831033896944,True,unique-min,1,False,0,,155566129756877957177939281690389061013955286756511558542,359676336925915078774006362305009328962550828244676036164
119,239904,241919,1727551573307299192250197436766000536509732237655131060961280,0000000000000113370000000000000000000000000000000000000000000000,2109524483242127127209497821705855688464780632632184991416,00000000000000005608769808d97937da0c841908c18e1e2cfcfc3cc7b6eeb8,240542,155566129756877957177939281690389061013955286756511558542,359676336925915078774006362305009328962550828244676036164,2.3120478569983383,0.41973131595398205,False,neither,0,False,0,,155566129756877957177939281690389061013955286756511558542,359676336925915078774006362305009328962550828244676036164
120,241920,243935,1394031503757574068227953656553224448260418805016069352194048,00000000000000de150000000000000000000000000000000000000000000000,587881504959398913764325792563457497938414729225875632791,000000000000000017f9c4f0af122d4a8cd9607acfecaffa7445ba3fc4523297,242250,155566129756877957177939281690389061013955286756511558542,359676336925915078774006362305009328962550828244676036164,2.3120478569983383,0.5201514408305244,False,neither,0,False,0,,155566129756877957177939281690389061013955286756511558542,359676336925915078774006362305009328962550828244676036164
121,243936,245951,1263610003247723462826224891154624535497729630761756072607744,00000000000000c94e0000000000000000000000000000000000000000000000,114784973705050422488935971202453856347117940515097598224,000000000000000004ae693a1a8e740a33dd996c27ccc64217ed647e0b90d910,244583,155566129756877957177939281690389061013955286756511558542,359676336925915078774006362305009328962550828244676036164,2.3120478569983383,0.5738380460577057,True,unique-min,1,False,0,,114784973705050422488935971202453856347117940515097598224,155566129756877957177939281690389061013955286756511558542
122,245952,247967,1030450001678223668360152541055867895065240185756254103142400,00000000000000a4290000000000000000000000000000000000000000000000,709080031152646129541759328958783693011168348246130561027,00000000000000001ceb24157a3316477b4529b0c4d9be7636aedb05f8981003,247580,114784973705050422488935971202453856347117940515097598224,155566129756877957177939281690389061013955286756511558542,1.355283054353596,0.30435374552777167,False,neither,0,False,0,,114784973705050422488935971202453856347117940515097598224,155566129756877957177939281690389061013955286756511558542
123,247968,249983,862513010327976103705811440432628413487564277790886242287616,0000000000000089680000000000000000000000000000000000000000000000,316489584575181502478366441290518817390225500666523592200,00000000000000000ce84e315900096f772ddce728fe74eb01cb2f5ca9b8a608,248593,114784973705050422488935971202453856347117940515097598224,155566129756877957177939281690389061013955286756511558542,1.355283054353596,0.3636134340403856,False,neither,0,False,0,,114784973705050422488935971202453856347117940515097598224,155566129756877957177939281690389061013955286756511558542
124,249984,251999,720982641204331278205950312227594303241470815982254303477760,0000000000000072dbf200000000000000000000000000000000000000000000,510562768233047661340584349140741723226857408695805833249,000000000000000014d28626334cb5bcd8aad5b3a313239b7d669b232dfe7021,251897,114784973705050422488935971202453856347117940515097598224,155566129756877957177939281690389061013955286756511558542,1.355283054353596,0.4349914958645774,False,neither,0,False,0,,114784973705050422488935971202453856347117940515097598224,155566129756877957177939281690389061013955286756511558542
125,252000,254015,530591525189316709998942710962548491505413142398652303540224,0000000000000054873200000000000000000000000000000000000000000000,1213144380601647418184531436328495992258931119973895341086,00000000000000003179d17d1cabd671bf7e69b091c7dd01c9238332c515841e,252958,114784973705050422488935971202453856347117940515097598224,155566129756877957177939281690389061013955286756511558542,1.355283054353596,0.5910786409149014,False,neither,0,False,0,,114784973705050422488935971202453856347117940515097598224,155566129756877957177939281690389061013955286756511558542
126,254016,256031,410030579894253754102159787320079652501746816512444002729984,0000000000000041525700000000000000000000000000000000000000000000,303207141607420632141477609371364103845939719996107896008,00000000000000000c5da159125977d610e97afaad2b52c5641cf5d107cbb4c8,254962,114784973705050422488935971202453856347117940515097598224,155566129756877957177939281690389061013955286756511558542,1.355283054353596,0.76487299476724,False,neither,0,False,0,,114784973705050422488935971202453856347117940515097598224,155566129756877957177939281690389061013955286756511558542
127,256032,258047,310118479516817784682897231521434079438159381558537557639168,0000000000000031679c00000000000000000000000000000000000000000000,395855787071815364444010896394916164630206839749445589092,00000000000000001024ed60c2ba73e0889559327055555142adc48db1ba9864,257495,114784973705050422488935971202453856347117940515097598224,155566129756877957177939281690389061013955286756511558542,1.355283054353596,1.0112951607350384,False,neither,0,False,0,,114784973705050422488935971202453856347117940515097598224,155566129756877957177939281690389061013955286756511558542
128,258048,260063,239366800071949252578530950352093786414793290792735831228416,0000000000000026222200000000000000000000000000000000000000000000,7252006031482138833037568287922576202893110734813386595,0000000000000000004bb6e7e2661661ba9809062d90c3121933d6d02c8bd763,258283,114784973705050422488935971202453856347117940515097598224,155566129756877957177939281690389061013955286756511558542,1.355283054353596,1.3102122662608062,True,unique-min,3,False,0,,42227031981492650678318587923000379289475895251092750789,114784973705050422488935971202453856347117940515097598224
129,260064,262079,181156297885756721946540202079438048595571151633323613224960,000000000000001cdc2000000000000000000000000000000000000000000000,53988169268147886229933742571831719799903691163787469971,00000000000000000233a9ac6fe53eccfcd1a4f12a879daf568c8bb59fb22493,261713,42227031981492650678318587923000379289475895251092750789,114784973705050422488935971202453856347117940515097598224,2.718281828459045,1.277385935184624,True,new-second,2,True,1,2.1046406442660945,42227031981492650678318587923000379289475895251092750789,53988169268147886229933742571831719799903691163787469971
130,262080,264095,142431093377788751676361246670241704468765375727695350988800,0000000000000016b0ca00000000000000000000000000000000000000000000,107267268543253585157487465507993307928751840148313143152,0000000000000000045fec2b7f3f5405446d0db93047169dddaee25ba574f770,264067,42227031981492650678318587923000379289475895251092750789,53988169268147886229933742571831719799903691163787469971,1.278521523648878,0.7641600346063135,False,neither,0,False,0,,42227031981492650678318587923000379289475895251092750789,53988169268147886229933742571831719799903691163787469971
131,264096,266111,100696259189502783924473792493100546893980348528488767029248,00000000000000100ab600000000000000000000000000000000000000000000,48851521202442730669555507447007156566483398114600231894,000000000000000001fe089f351d417353a16c29a7535c775d888611296f23d6,265271,42227031981492650678318587923000379289475895251092750789,53988169268147886229933742571831719799903691163787469971,1.278521523648878,1.0808757953933241,True,new-second,1,False,0,,42227031981492650678318587923000379289475895251092750789,48851521202442730669555507447007156566483398114600231894
132,266112,268127,68962778243821519216393853205209897734463141354237780295680,000000000000000afc8500000000000000000000000000000000000000000000,244016552766144657078256048343733074999265062087434320,000000000000000000028c32e6952731326747bae4be8db0f832d6eea0362050,266381,42227031981492650678318587923000379289475895251092750789,48851521202442730669555507447007156566483398114600231894,1.1568779265342037,1.42808438482462,True,unique-min,2,False,0,,15534456927680139074143643310102980439401278798629618080,42227031981492650678318587923000379289475895251092750789
133,268128,270143,52765641310467331636297188681879886184148735229489015947264,000000000000000867f300000000000000000000000000000000000000000000,60760576256671905785484023724879391342000314896967498529,0000000000000000027a5eb956fee39ab7f1910e5a2155080ce9914dfedb7b21,269900,15534456927680139074143643310102980439401278798629618080,42227031981492650678318587923000379289475895251092750789,2.718281828459045,1.6133547202391656,False,neither,0,False,0,,15534456927680139074143643310102980439401278798629618080,42227031981492650678318587923000379289475895251092750789
134,270144,272159,44233472386696495417387091608220539804351405166731810832384,00000000000000070bfb00000000000000000000000000000000000000000000,4102827010773125187047817147363685994133549687776573165,0000000000000000002ad5e428b2c6bcf8056213c27361b222122f492b3176ed,271381,15534456927680139074143643310102980439401278798629618080,42227031981492650678318587923000379289475895251092750789,2.718281828459045,1.9245537797817676,True,unique-min,3,True,1,7.658287790442304,5714807333456810349805371600080952059362211886726550548,15534456927680139074143643310102980439401278798629618080
135,272160,274175,38110290672195532365762668664552282566878756832852091863040,0000000000000006124200000000000000000000000000000000000000000000,50486812923737627843033036409760591531264761792040956735,0000000000000000020f1b5f355602fefd96a8292eb15981c93f1f133c7e733f,272300,5714807333456810349805371600080952059362211886726550548,15534456927680139074143643310102980439401278798629618080,2.718281828459045,0.8217587589551429,False,neither,0,False,0,,5714807333456810349805371600080952059362211886726550548,15534456927680139074143643310102980439401278798629618080
136,274176,276191,29679649578007061283718812081441644170496168236939550392320,0000000000000004ba6e00000000000000000000000000000000000000000000,421568202486397548441056355552765767237599877778810487,0000000000000000000466c0ab58135a577e310efe613e390bb21b72226aa677,274352,5714807333456810349805371600080952059362211886726550548,15534456927680139074143643310102980439401278798629618080,2.718281828459045,1.05518311743848,True,unique-min,2,False,0,,2102360128234551825848374691629075584768064622981617392,5714807333456810349805371600080952059362211886726550548
137,276192,278207,22829202948393929850749706076701368331072452018388575715328,0000000000000003a30c00000000000000000000000000000000000000000000,42579454354901077448264937739787596216679288348608159965,000000000000000001bc8cdcebe9f801e75d798d72d03f0af6a2fcf2e2b9e0dd,277848,2102360128234551825848374691629075584768064622981617392,5714807333456810349805371600080952059362211886726550548,2.718281828459045,0.5046628920988875,False,neither,0,False,0,,2102360128234551825848374691629075584768064622981617392,5714807333456810349805371600080952059362211886726550548
138,278208,280223,19005913916847449503306572434028937600915626422125897711616,0000000000000003071f00000000000000000000000000000000000000000000,13553423196516911285511403354856980582842420926317135567,0000000000000000008d811c78f3f3b8b360fc2cd4bfab1f90c33d19325506cf,279963,2102360128234551825848374691629075584768064622981617392,5714807333456810349805371600080952059362211886726550548,2.718281828459045,0.6061824564003893,False,neither,0,False,0,,2102360128234551825848374691629075584768064622981617392,5714807333456810349805371600080952059362211886726550548
139,280224,282239,15065005852539512185984435657022720640916062598235628240896,0000000000000002666600000000000000000000000000000000000000000000,5690296300912616672834887127096471755517486976685789637,0000000000000000003b68d2b980b486c4cf2741096ae393a6e4d918598b51c5,281824,2102360128234551825848374691629075584768064622981617392,5714807333456810349805371600080952059362211886726550548,2.718281828459045,0.7647558651500174,True,new-second,1,False,0,,2102360128234551825848374691629075584768064622981617392,5690296300912616672834887127096471755517486976685789637
140,282240,284255,12288698618318346282960995223961541766142764336009759948800,0000000000000001f52c00000000000000000000000000000000000000000000,1262506010158699100220208350690109819585643250835075837,0000000000000000000d2e61aaa78f40ca9734b78bcae3bc63c39ddc7c2d32fd,282405,2102360128234551825848374691629075584768064622981617392,5690296300912616672834887127096471755517486976685789637,2.7066230112017102,0.9335111633008442,True,unique-min,1,False,0,,1262506010158699100220208350690109819585643250835075837,2102360128234551825848374691629075584768064622981617392
141,284256,286271,10284386012808371892335572105827331142617405906583881252864,0000000000000001a36e00000000000000000000000000000000000000000000,17346703425567182735752888152173423752002491136961819149,000000000000000000b51ba820eb0cfff4d97d2b91b7c7f6320cc7f922d2320d,286037,1262506010158699100220208350690109819585643250835075837,2102360128234551825848374691629075584768064622981617392,1.665227817783047,0.41211580479790666,False,neither,0,False,0,,1262506010158699100220208350690109819585643250835075837,2102360128234551825848374691629075584768064622981617392
142,286272,288287,8614444778121073626993210829679478604092861119379437256704,00000000000000015f5300000000000000000000000000000000000000000000,14650118186822665090189022492760044555288546642020637513,00000000000000000098f451a2abe4c11a145df79360c4d3526e8a49e4119b49,288261,1262506010158699100220208350690109819585643250835075837,2102360128234551825848374691629075584768064622981617392,1.665227817783047,0.4920059420759674,False,neither,0,False,0,,1262506010158699100220208350690109819585643250835075837,2102360128234551825848374691629075584768064622981617392
143,288288,290303,7065379129219572345353864175298106702426244380437224882176,0000000000000001202600000000000000000000000000000000000000000000,4398977694984887151852554826749774163074442630562257730,0000000000000000002ded6eae129b3478d68a4f59bfa7e61c160bbb603b1b42,289980,1262506010158699100220208350690109819585643250835075837,2102360128234551825848374691629075584768064622981617392,1.665227817783047,0.5998769409263134,False,neither,0,False,0,,1262506010158699100220208350690109819585643250835075837,2102360128234551825848374691629075584768064622981617392
144,290304,292319,6343094824615218102798845742064326605321937397913065881600,000000000000000102b100000000000000000000000000000000000000000000,7356590653102958687837990600021571170316896632478061330,0000000000000000004cce6f961b80da40b80260605fca1ea8f2603715a75312,291967,1262506010158699100220208350690109819585643250835075837,2102360128234551825848374691629075584768064622981617392,1.665227817783047,0.6681845590693912,False,neither,0,False,0,,1262506010158699100220208350690109819585643250835075837,2102360128234551825848374691629075584768064622981617392
145,292320,294335,5384518863803604621895699676581808210968416076987222720512,0000000000000000db9900000000000000000000000000000000000000000000,4917046687672396283670787928892789006778784661829216897,00000000000000000033561bde8e5c385fdd4729dfbbfee6e280c057e0526a81,293831,1262506010158699100220208350690109819585643250835075837,2102360128234551825848374691629075584768064622981617392,1.665227817783047,0.7871377416861524,False,neither,0,False,0,,1262506010158699100220208350690109819585643250835075837,2102360128234551825848374691629075584768064622981617392
146,294336,296351,4405349994161605759458363322921957536960017949107037405184,0000000000000000b3aa00000000000000000000000000000000000000000000,3481409304168039004381189670433426418741147529078136658,0000000000000000002458fce8f3bcd9b3f36bc3ae34acea419a3d43c5645f52,295538,1262506010158699100220208350690109819585643250835075837,2102360128234551825848374691629075584768064622981617392,1.665227817783047,0.9620933692301262,False,neither,0,False,0,,1262506010158699100220208350690109819585643250835075837,2102360128234551825848374691629075584768064622981617392
147,296352,298367,3863038134637689339706803268689141874606936642244315185152,00000000000000009d8c00000000000000000000000000000000000000000000,441378922157633859339124634223982981583772162199397441,000000000000000000049bb3b6b9c135f66536e066704369905043df809c2441,297587,1262506010158699100220208350690109819585643250835075837,2102360128234551825848374691629075584768064622981617392,1.665227817783047,1.0971566603285339,True,unique-min,1,False,0,,464450005492769507686122516058985797418191573782669670,1262506010158699100220208350690109819585643250835075837
148,298368,300383,3369574570478873127315415525946742317481702644901195284480,0000000000000000896c00000000000000000000000000000000000000000000,3860547810403172851083413864647720866183600768536840646,000000000000000000284e5600c574bede096d0e99882ef672a72da3a66889c6,300317,464450005492769507686122516058985797418191573782669670,1262506010158699100220208350690109819585643250835075837,2.718281828459045,0.7553511766080963,False,neither,0,False,0,,464450005492769507686122516058985797418191573782669670,1262506010158699100220208350690109819585643250835075837
149,300384,302399,3045099693687311168583241534842989903432036285033490677760,00000000000000007c3053000000000000000000000000000000000000000000,6651869336489600444740202216791349837525858667208611984,0000000000000000004572e1b1c397480a9d551fcac3f5986577e2ed761b9890,302060,464450005492769507686122516058985797418191573782669670,1262506010158699100220208350690109819585643250835075837,2.718281828459045,0.8358386826402849,False,neither,0,False,0,,464450005492769507686122516058985797418191573782669670,1262506010158699100220208350690109819585643250835075837
150,302400,304415,2578448441038522347123624842639328775756428679710156783616,0000000000000000692842000000000000000000000000000000000000000000,939904910432917463712441943514514012198061186501032492,00000000000000000009d02509733b687f72bb5bb4e829162fb3078e791fba2c,303519,464450005492769507686122516058985797418191573782669670,1262506010158699100220208350690109819585643250835075837,2.718281828459045,0.9871099518494936,True,new-second,1,False,0,,464450005492769507686122516058985797418191573782669670,939904910432917463712441943514514012198061186501032492
151,304416,306431,2293149852232440455888971398133692017055281498246925516800,00000000000000005d859a000000000000000000000000000000000000000000,1061962038573840119010851685053739065862580919698226163,0000000000000000000b165fe9ba648d17032c44d56a04e2677b5f47c1e87bf3,306387,464450005492769507686122516058985797418191573782669670,939904910432917463712441943514514012198061186501032492,2.023694475868727,0.826308100880576,False,neither,0,False,0,,464450005492769507686122516058985797418191573782669670,939904910432917463712441943514514012198061186501032492
152,306432,308447,2002553378451099534811946324256852041059202347552707969024,000000000000000051aba2000000000000000000000000000000000000000000,382888671418942255772678818285347583316097469626184582,00000000000000000003ff5f0f68891430b23076dea0931158218ef75413f386,308332,464450005492769507686122516058985797418191573782669670,939904910432917463712441943514514012198061186501032492,2.023694475868727,0.9462161257835514,True,unique-min,1,False,0,,382888671418942255772678818285347583316097469626184582,464450005492769507686122516058985797418191573782669670
153,308448,310463,1602972750958019380418919163663316163747908621623690788864,0000000000000000415fd1000000000000000000000000000000000000000000,493020508222521776008400060117299169168865490745057149,0000000000000000000525ba5221b108bd243a543d06cb7cf85b392e61925f7d,309462,382888671418942255772678818285347583316097469626184582,464450005492769507686122516058985797418191573782669670,1.2130157932632746,0.5841217266568152,False,neither,0,False,0,,382888671418942255772678818285347583316097469626184582,464450005492769507686122516058985797418191573782669670
154,310464,312479,1555090122338762644529309082074529684497336694348804259840,00000000000000003f6be6000000000000000000000000000000000000000000,1700485367437788758775923573238732672866487802264012079,00000000000000000011c0ff4dbfeaaa580a36614e3d1c8c6da69eea6627c52f,310642,382888671418942255772678818285347583316097469626184582,464450005492769507686122516058985797418191573782669670,1.2130157932632746,0.6021073618969665,False,neither,0,False,0,,382888671418942255772678818285347583316097469626184582,464450005492769507686122516058985797418191573782669670
155,312480,314495,1438882362326364789097016808333128944459434864174551793664,00000000000000003aaea2000000000000000000000000000000000000000000,68793786143631738923840992507604965315321413170241578,00000000000000000000b7de9e5c19e52be073156924b7cf235efb27ae8a202a,313338,382888671418942255772678818285347583316097469626184582,464450005492769507686122516058985797418191573782669670,1.2130157932632746,0.6507350674307913,True,unique-min,1,False,0,,140856870472476476605621235593519231027930614772005062,382888671418942255772678818285347583316097469626184582
156,314496,316511,1366448002777625511026173062127977611952455397852592472064,000000000000000037ba62000000000000000000000000000000000000000000,144401420868719392176034163279139149325988359233480174,0000000000000000000181f37629e8b80debca2c295c350cb1bd156e7e1a25ee,315024,140856870472476476605621235593519231027930614772005062,382888671418942255772678818285347583316097469626184582,2.718281828459045,0.5648978665939084,True,new-second,2,False,0,,140856870472476476605621235593519231027930614772005062,144401420868719392176034163279139149325988359233480174
157,316512,318527,1130631509982695295834811811892052032638591596239280668672,00000000000000002e1c58000000000000000000000000000000000000000000,1283606285223052073773349636089535901642305469394160167,0000000000000000000d66c70f88fbdf0a37c684ca8546691280d944d8db8a27,316710,140856870472476476605621235593519231027930614772005062,144401420868719392176034163279139149325988359233480174,1.0251641995477638,0.2574784639389662,False,neither,0,False,0,,140856870472476476605621235593519231027930614772005062,144401420868719392176034163279139149325988359233480174
158,318528,320543,982897592923314645728937741958820396011314229953349812224,00000000000000002815ee000000000000000000000000000000000000000000,484055587369346424422289791272976767748886227163739395,000000000000000000050dc445e74ff95e9091f98277b04e7c84facbb9e2f503,319786,140856870472476476605621235593519231027930614772005062,144401420868719392176034163279139149325988359233480174,1.0251641995477638,0.2961786320032741,False,neither,0,False,0,,140856870472476476605621235593519231027930614772005062,144401420868719392176034163279139149325988359233480174
159,320544,322559,903780639904017349860452775965599807564731663176966340608,000000000000000024dbe9000000000000000000000000000000000000000000,116386753404189789542013611938055063008674765431220248,0000000000000000000137130c5a047157e7b0e063de6f3d30246a4f2005a818,320736,140856870472476476605621235593519231027930614772005062,144401420868719392176034163279139149325988359233480174,1.0251641995477638,0.3221061080731436,True,unique-min,1,False,0,,116386753404189789542013611938055063008674765431220248,140856870472476476605621235593519231027930614772005062
160,322560,324575,777796486219054632155478957346406689849105796561635377152,00000000000000001fb893000000000000000000000000000000000000000000,166839135541347861994679040378218058233514492712203379,00000000000000000001bdebf80d8c40d9b30a6fe76b962ff59c8d3cdeec3473,324204,116386753404189789542013611938055063008674765431220248,140856870472476476605621235593519231027930614772005062,1.2102483001936353,0.36509222644204314,False,neither,0,False,0,,116386753404189789542013611938055063008674765431220248,140856870472476476605621235593519231027930614772005062
161,324576,326591,770217816864616291160628694313702426464491250746461782016,00000000000000001f6973000000000000000000000000000000000000000000,47167629501629889026830213674720221660306835865572240,000000000000000000007e1166d92acf81d4e2d95934fcdec1276b09a7db9390,326055,116386753404189789542013611938055063008674765431220248,140856870472476476605621235593519231027930614772005062,1.2102483001936353,0.3686846040883347,True,unique-min,1,False,0,,47167629501629889026830213674720221660306835865572240,116386753404189789542013611938055063008674765431220248
162,326592,328607,749174812297985386116525053725808178560617045558724395008,00000000000000001e8dc0000000000000000000000000000000000000000000,410249313171434553225271240943714792631180782568373206,00000000000000000004487ff89132b9f5d070286b308af3aa3d6f01f4aa7bd6,327606,47167629501629889026830213674720221660306835865572240,116386753404189789542013611938055063008674765431220248,2.467513305924522,0.3131921829340946,False,neither,0,False,0,,47167629501629889026830213674720221660306835865572240,116386753404189789542013611938055063008674765431220248
163,328608,330623,680733321990486529407107157001552378184394215934016880640,00000000000000001bc330000000000000000000000000000000000000000000,232267347857880452823600116293666380419516469472454089,000000000000000000026ccbc4bbb6a608e90132329190291127f971a604e5c9,330140,47167629501629889026830213674720221660306835865572240,116386753404189789542013611938055063008674765431220248,2.467513305924522,0.3446807836242894,False,neither,0,False,0,,47167629501629889026830213674720221660306835865572240,116386753404189789542013611938055063008674765431220248
164,330624,332639,668970595596618687654683311252875969389523722950049529856,00000000000000001b4861000000000000000000000000000000000000000000,38991059656380097266101544547601419634710571667423335,000000000000000000006836c4009ab00485cd1de4d5958ca7839184d0b80067,331908,47167629501629889026830213674720221660306835865572240,116386753404189789542013611938055063008674765431220248,2.467513305924522,0.3507414173467337,True,unique-min,2,False,0,,38991059656380097266101544547601419634710571667423335,47167629501629889026830213674720221660306835865572240
165,332640,334655,673862533877092685902494685124943911912916060357898797056,00000000000000001b7b74000000000000000000000000000000000000000000,16931928767822346142127790045311281400448815916708511,000000000000000000002d414bb8f9175ba6c6563721e1ba2c1373c2bd94f29f,334261,38991059656380097266101544547601419634710571667423335,47167629501629889026830213674720221660306835865572240,1.2097037094479648,0.14111177917576512,True,unique-min,1,False,0,,16931928767822346142127790045311281400448815916708511,38991059656380097266101544547601419634710571667423335
166,334656,336671,683252062220249508849116041812776958610205092831121375232,00000000000000001bdd7c000000000000000000000000000000000000000000,33810494140058204136844277548911552169078452778923073,000000000000000000005a5e143087632fbf0eea743ad99646d9fc67d40f7441,336175,16931928767822346142127790045311281400448815916708511,38991059656380097266101544547601419634710571667423335,2.302812644149508,0.11504681890286528,True,new-second,1,False,0,,16931928767822346142127790045311281400448815916708511,33810494140058204136844277548911552169078452778923073
167,336672,338687,663358803453687177159928221638562617962497973903752691712,00000000000000001b0dca000000000000000000000000000000000000000000,319653955342122382277945837420350181400122461401220980,00000000000000000003565c1c978f85944e222d6e9e65ed57488e34deed8774,336920,16931928767822346142127790045311281400448815916708511,33810494140058204136844277548911552169078452778923073,1.9968483569522275,0.10275277245358229,False,neither,0,False,0,,16931928767822346142127790045311281400448815916708511,33810494140058204136844277548911552169078452778923073
168,338688,340703,613111582105360026820898034285227810088764320248934432768,000000000000000019012f000000000000000000000000000000000000000000,51924844657021402587051862262857041739187009448099971,000000000000000000008ac86ba28085be84af2ebd6fc6935a004e57fb60c083,340483,16931928767822346142127790045311281400448815916708511,33810494140058204136844277548911552169078452778923073,1.9968483569522275,0.11117381921296679,False,neither,0,False,0,,16931928767822346142127790045311281400448815916708511,33810494140058204136844277548911552169078452778923073
169,340704,342719,653202279051259096361833571150520065936493508031976308736,00000000000000001aa3c0000000000000000000000000000000000000000000,1437021875898655358932311215375135618286355875589572422,0000000000000000000f00d2447cbc0935ebc09a1de336201723cd4ac0a4c746,342234,16931928767822346142127790045311281400448815916708511,33810494140058204136844277548911552169078452778923073,1.9968483569522275,0.1043504567763586,False,neither,0,False,0,,16931928767822346142127790045311281400448815916708511,33810494140058204136844277548911552169078452778923073
170,342720,344735,606439838822957553646521558653356639834299145437709336576,000000000000000018bb87000000000000000000000000000000000000000000,47491609486186442657217117172080328381110439094701933,000000000000000000007eef13ee1f2fcf1b469bd862fcc93b48ec49548ecf6d,343775,16931928767822346142127790045311281400448815916708511,33810494140058204136844277548911552169078452778923073,1.9968483569522275,0.11239689714094848,False,neither,0,False,0,,16931928767822346142127790045311281400448815916708511,33810494140058204136844277548911552169078452778923073
171,344736,346751,577485176368838834686684127480472050622611986764206702592,0000000000000000178d3a000000000000000000000000000000000000000000,983315919620462346762398400649968108116461690360652020,0000000000000000000a442c0e0387921343325f92a8179dea4f5371e81360f4,346164,16931928767822346142127790045311281400448815916708511,33810494140058204136844277548911552169078452778923073,1.9968483569522275,0.11803239109088821,False,neither,0,False,0,,16931928767822346142127790045311281400448815916708511,33810494140058204136844277548911552169078452778923073
172,346752,348767,568436119447114618883887501211268589217582000336195813376,0000000000000000172ec0000000000000000000000000000000000000000000,713320480012906664275918026300361655660346391500331363,000000000000000000077289ada6d53793ba9fd34f8f5715215e082352929963,347086,16931928767822346142127790045311281400448815916708511,33810494140058204136844277548911552169078452778923073,1.9968483569522275,0.11991137412706038,False,neither,0,False,0,,16931928767822346142127790045311281400448815916708511,33810494140058204136844277548911552169078452778923073
173,348768,350783,577075114085443079269506210404847846798089003835028668416,00000000000000001788f2000000000000000000000000000000000000000000,251875034669986902811485423959697234041483658059382332,00000000000000000002a133e4691d2f8894a3af7a1b3624e8c2e8c7a8a4fe3c,349240,16931928767822346142127790045311281400448815916708511,33810494140058204136844277548911552169078452778923073,1.9968483569522275,0.11811626341638624,False,neither,0,False,0,,16931928767822346142127790045311281400448815916708511,33810494140058204136844277548911552169078452778923073
174,350784,352799,545227566982404669720599751103563308707559049533419683840,0000000000000000163c71000000000000000000000000000000000000000000,364606439529773115861088065193884732501831090449459658,00000000000000000003ce81d97978eab0046812de0c4a02be9c862476eca9ca,350958,16931928767822346142127790045311281400448815916708511,33810494140058204136844277548911552169078452778923073,1.9968483569522275,0.1250156087367406,False,neither,0,False,0,,16931928767822346142127790045311281400448815916708511,33810494140058204136844277548911552169078452778923073
175,352800,354815,566251116039239425785056264238964437451875594947144974336,00000000000000001717f0000000000000000000000000000000000000000000,181730643455911857475398992244075254433385118318739405,00000000000000000001e5b926f30e95405028c7a99039ca6d0d56fe4e6c3fcd,353863,16931928767822346142127790045311281400448815916708511,33810494140058204136844277548911552169078452778923073,1.9968483569522275,0.12037407831198682,False,neither,0,False,0,,16931928767822346142127790045311281400448815916708511,33810494140058204136844277548911552169078452778923073
176,354816,356831,565860883410058976058672534759150528155363303710710038528,00000000000000001713dd000000000000000000000000000000000000000000,71493176076461733437301969669625108597249837907540111,00000000000000000000bf159dbb0f8fb3fe450337a5aea11ead28c67673788f,355287,16931928767822346142127790045311281400448815916708511,33810494140058204136844277548911552169078452778923073,1.9968483569522275,0.12045709145963855,False,neither,0,False,0,,16931928767822346142127790045311281400448815916708511,33810494140058204136844277548911552169078452778923073
177,356832,358847,552364745922238091561919045022000637317595931246011088896,00000000000000001686f5000000000000000000000000000000000000000000,43019744187771960128201515305331423415389668936120785,0000000000000000000072fb4daee93cb0ef53f292898febaa8353743469f9d1,357845,16931928767822346142127790045311281400448815916708511,33810494140058204136844277548911552169078452778923073,1.9968483569522275,0.12340026529490566,False,neither,0,False,0,,16931928767822346142127790045311281400448815916708511,33810494140058204136844277548911552169078452778923073
178,358848,360863,566500670366816952120145379831520408210047884740723212288,0000000000000000171a8b000000000000000000000000000000000000000000,20271586380366029317177157931369001938668493811986991,00000000000000000000362e61dba7cfba02b6968a25e1fe97e586a22e87b22f,359189,16931928767822346142127790045311281400448815916708511,33810494140058204136844277548911552169078452778923073,1.9968483569522275,0.12032105123939489,True,new-second,1,False,0,,16931928767822346142127790045311281400448815916708511,20271586380366029317177157931369001938668493811986991
179,360864,362879,542528489142608155505707877213460200687386787807972294656,0000000000000000162043000000000000000000000000000000000000000000,24152367056336884200861963330452292483953203719083988,00000000000000000000408db85bb513d26d72bf0ea42bdae820767f6e2697d4,362662,16931928767822346142127790045311281400448815916708511,20271586380366029317177157931369001938668493811986991,1.197240235199336,0.07532787486866067,False,neither,0,False,0,,16931928767822346142127790045311281400448815916708511,20271586380366029317177157931369001938668493811986991
180,362880,364895,545717322027080804612101478705745866012577831152301113344,000000000000000016418e000000000000000000000000000000000000000000,186146324305448146083284605363634494842257383292684612,00000000000000000001f1867bcc72256aecac8530538ffdb5b28b779ad44944,364761,16931928767822346142127790045311281400448815916708511,20271586380366029317177157931369001938668493811986991,1.197240235199336,0.07488770558173687,False,neither,0,False,0,,16931928767822346142127790045311281400448815916708511,20271586380366029317177157931369001938668493811986991
181,364896,366911,527827980769521817826567786138322798799309668948178370560,00000000000000001586c8000000000000000000000000000000000000000000,85180489457591737480951631883605858573011527083209046,00000000000000000000e3aadb2227cf42d409efc74cb558915a75f6bc47b156,364962,16931928767822346142127790045311281400448815916708511,20271586380366029317177157931369001938668493811986991,1.197240235199336,0.07742582741300878,False,neither,0,False,0,,16931928767822346142127790045311281400448815916708511,20271586380366029317177157931369001938668493811986991
182,366912,368927,515692606534173891771672037645739723025219384908133171200,0000000000000000150815000000000000000000000000000000000000000000,454631982793174268683348127671609516675360197972587,00000000000000000000013712632da34788a7b4ae2cd78f7982c7036610126b,368527,16931928767822346142127790045311281400448815916708511,20271586380366029317177157931369001938668493811986991,1.197240235199336,0.07924782636981574,True,unique-min,1,False,0,,6228908493061152663119977146625125247747846173494216,16931928767822346142127790045311281400448815916708511
183,368928,370943,511567664312971151375333957573881285830542480898837708800,000000000000000014dd04000000000000000000000000000000000000000000,51988429166211971040322789668837697479339440953213364,000000000000000000008af3ed3e81350bfb80f19f79b3c35b1f92edd53dc1b4,370215,6228908493061152663119977146625125247747846173494216,16931928767822346142127790045311281400448815916708511,2.718281828459045,0.06672581317619519,False,neither,0,False,0,,6228908493061152663119977146625125247747846173494216,16931928767822346142127790045311281400448815916708511
184,370944,372959,496889230460615059653870414954457230681194245244172894208,00000000000000001443c4000000000000000000000000000000000000000000,159307485352085462352192762413134902228840913516713051,00000000000000000001a9ca9ad289d5f12df811f4a054b05aac09a2cf55545b,371029,6228908493061152663119977146625125247747846173494216,16931928767822346142127790045311281400448815916708511,2.718281828459045,0.06869693747293941,False,neither,0,False,0,,6228908493061152663119977146625125247747846173494216,16931928767822346142127790045311281400448815916708511
185,372960,374975,473325989086544548323169648982069700877697035484407005184,0000000000000000134dc1000000000000000000000000000000000000000000,618653595499745842402099099323300465653177598820740475,000000000000000000067583f7aa548b78031eb5514883669bab5d8f4c17ed7b,373298,6228908493061152663119977146625125247747846173494216,16931928767822346142127790045311281400448815916708511,2.718281828459045,0.07211682684444469,False,neither,0,False,0,,6228908493061152663119977146625125247747846173494216,16931928767822346142127790045311281400448815916708511
186,374976,376991,454358737757395076722955683517864397151243915416267915264,00000000000000001287ba000000000000000000000000000000000000000000,158386156655862442733687257787229446011677611091642725,00000000000000000001a75434c2f30e62791183b43f7c1cfe20db4615494965,375186,6228908493061152663119977146625125247747846173494216,16931928767822346142127790045311281400448815916708511,2.718281828459045,0.07512735105395094,False,neither,0,False,0,,6228908493061152663119977146625125247747846173494216,16931928767822346142127790045311281400448815916708511
187,376992,379007,443316987659242217350916733941384923365365929826941140992,0000000000000000121472000000000000000000000000000000000000000000,190173200666007936564430602110123703706194939629299415,00000000000000000001fc49c8c1918208cbf00abbd7df2d849f04cd374466d7,378411,6228908493061152663119977146625125247747846173494216,16931928767822346142127790045311281400448815916708511,2.718281828459045,0.076998557118609,False,neither,0,False,0,,6228908493061152663119977146625125247747846173494216,16931928767822346142127790045311281400448815916708511
188,379008,381023,442802913227320896234856097023585967110900073490544590848,0000000000000000120f14000000000000000000000000000000000000000000,30074435645131927985579592775220850437178866852009666,000000000000000000005061c38f84c88c38028987a1c904f8a1075db88d96c2,380511,6228908493061152663119977146625125247747846173494216,16931928767822346142127790045311281400448815916708511,2.718281828459045,0.07708794900905755,False,neither,0,False,0,,6228908493061152663119977146625125247747846173494216,16931928767822346142127790045311281400448815916708511
189,381024,383039,433057199397126884276233483897801969646324654385408245760,000000000000000011a954000000000000000000000000000000000000000000,241823826217701186126973826862349359693365804342448374,000000000000000000028656938a1ccdd07417c41d068ae5de954240ae9810f6,381387,6228908493061152663119977146625125247747846173494216,16931928767822346142127790045311281400448815916708511,2.718281828459045,0.07882277085671356,False,neither,0,False,0,,6228908493061152663119977146625125247747846173494216,16931928767822346142127790045311281400448815916708511
190,383040,385055,409419129139225030716120689261979366152221060879441985536,000000000000000010b289000000000000000000000000000000000000000000,304500925256808017962175865585800732587422834992110145,000000000000000000032ddbfcde54cb93f0147444ad317d6cdd7195ab985a41,383297,6228908493061152663119977146625125247747846173494216,16931928767822346142127790045311281400448815916708511,2.718281828459045,0.08337365297927286,False,neither,0,False,0,,6228908493061152663119977146625125247747846173494216,16931928767822346142127790045311281400448815916708511
191,385056,387071,370716507988397359530778284103407727265240291588416995328,00000000000000000f1e76000000000000000000000000000000000000000000,51154294059151731867364499570249080713861534759522749,0000000000000000000088b93036adbf68b2076158fd1ecd3945a2d4290811bd,386254,6228908493061152663119977146625125247747846173494216,16931928767822346142127790045311281400448815916708511,2.718281828459045,0.09207782135506681,False,neither,0,False,0,,6228908493061152663119977146625125247747846173494216,16931928767822346142127790045311281400448815916708511
192,387072,389087,340818253309165415058055171484606858815006633875327680512,00000000000000000de64f000000000000000000000000000000000000000000,322970446520522683380556133728059235663710612030444207,000000000000000000035f3958d7688557aa68ad142f6af85ec19c7f576752af,388009,6228908493061152663119977146625125247747846173494216,16931928767822346142127790045311281400448815916708511,2.718281828459045,0.10015534104907604,False,neither,0,False,0,,6228908493061152663119977146625125247747846173494216,16931928767822346142127790045311281400448815916708511
193,389088,391103,288495652867775987986282369150900282132304927019642126336,00000000000000000bc409000000000000000000000000000000000000000000,56241709158716087181940365753443534385951658512057296,00000000000000000000965223959a842be829591975d2afd6286596d48d83d0,390483,6228908493061152663119977146625125247747846173494216,16931928767822346142127790045311281400448815916708511,2.718281828459045,0.11831987087713443,False,neither,0,False,0,,6228908493061152663119977146625125247747846173494216,16931928767822346142127790045311281400448815916708511
194,391104,393119,259524902203633530447121351815377152077137395840706412544,00000000000000000a9591000000000000000000000000000000000000000000,64095325861922593489714185131613879346187229060563655,00000000000000000000ab4fcd366c392fb7e6f9c2850cc4ea51453abe6a82c7,391798,6228908493061152663119977146625125247747846173494216,16931928767822346142127790045311281400448815916708511,2.718281828459045,0.13152791160343588,False,neither,0,False,0,,6228908493061152663119977146625125247747846173494216,16931928767822346142127790045311281400448815916708511
195,393120,395135,237834253647442358407456603145452341381064939329604812800,000000000000000009b31b000000000000000000000000000000000000000000,41448259573872649701688928009262995392591691601754435,000000000000000000006ec80ccfac79bbc9b01dd894e9a0c69491775a1d3943,394212,6228908493061152663119977146625125247747846173494216,16931928767822346142127790045311281400448815916708511,2.718281828459045,0.14352334818234425,False,neither,0,False,0,,6228908493061152663119977146625125247747846173494216,16931928767822346142127790045311281400448815916708511
196,395136,397151,224600391397450328424792273873642383828872941895338164224,00000000000000000928f0000000000000000000000000000000000000000000,114103709742460240926994889508903436697140336607048334,0000000000000000000130f8ed278c480f00f903508930cfa38272244abf328e,395450,6228908493061152663119977146625125247747846173494216,16931928767822346142127790045311281400448815916708511,2.718281828459045,0.15198000405763026,False,neither,0,False,0,,6228908493061152663119977146625125247747846173494216,16931928767822346142127790045311281400448815916708511
197,397152,399167,187067719845325692996306936867878122094522982476155977728,000000000000000007a114000000000000000000000000000000000000000000,47811961610872678720161436036042664830020625742072254,000000000000000000007fca458c36aa4725ee80558a7b8e1322edc53f3a89be,397206,6228908493061152663119977146625125247747846173494216,16931928767822346142127790045311281400448815916708511,2.718281828459045,0.18247278805853678,False,neither,0,False,0,,6228908493061152663119977146625125247747846173494216,16931928767822346142127790045311281400448815916708511
198,399168,401183,164898540577033087399552264895286015147022701908103004160,000000000000000006b99f000000000000000000000000000000000000000000,49263038134685729266398201608744526821073264046602859,0000000000000000000083ab2375f49cfc91fc198f97f32616abd5cd86897a6b,400223,6228908493061152663119977146625125247747846173494216,16931928767822346142127790045311281400448815916708511,2.718281828459045,0.20700467254883703,False,neither,0,False,0,,6228908493061152663119977146625125247747846173494216,16931928767822346142127790045311281400448815916708511
199,401184,403199,170169861298531990750482624090969781281789404909188153344,000000000000000006f0a8000000000000000000000000000000000000000000,82516574220623901524437839291226600315224857770634271,00000000000000000000dc8c219793167ea7c29e6a3d6d6153da3cf6fe6aac1f,401453,6228908493061152663119977146625125247747846173494216,16931928767822346142127790045311281400448815916708511,2.718281828459045,0.20059232660504214,False,neither,0,False,0,,6228908493061152663119977146625125247747846173494216,16931928767822346142127790045311281400448815916708511
200,403200,405215,162900609378736249874251099581569547607832255884553093120,000000000000000006a4c3000000000000000000000000000000000000000000,7454892593984592460058730579129451627137415313279074,0000000000000000000013ecd83165a37e62a752a6c141ff10cc168857e6c862,403425,6228908493061152663119977146625125247747846173494216,16931928767822346142127790045311281400448815916708511,2.718281828459045,0.2095435279592363,True,new-second,2,True,1,1.3111435085361158,6228908493061152663119977146625125247747846173494216,7454892593984592460058730579129451627137415313279074
201,405216,407231,161578008857017275969393492955354620126364423170461532160,00000000000000000696f4000000000000000000000000000000000000000000,15299821491145429274413695811222225749954562899362271,0000000000000000000028e4900b850132b4816b2a402c0ea32a3b44e7f0c1df,406361,6228908493061152663119977146625125247747846173494216,7454892593984592460058730579129451627137415313279074,1.1968216586082707,0.09301428811870292,False,neither,0,False,0,,6228908493061152663119977146625125247747846173494216,7454892593984592460058730579129451627137415313279074
202,407232,409247,150883090635422687830679296233896712896447026244773478400,000000000000000006274b000000000000000000000000000000000000000000,99144166335128954683244846325682804377212115862761296,0000000000000000000108fd3101079f416b380169e4831a747c954f9c492f50,407947,6228908493061152663119977146625125247747846173494216,7454892593984592460058730579129451627137415313279074,1.1968216586082707,0.09960734106240915,False,neither,0,False,0,,6228908493061152663119977146625125247747846173494216,7454892593984592460058730579129451627137415313279074
203,409248,411263,150899178845446426410002882396535253739927398750206558208,0000000000000000062776000000000000000000000000000000000000000000,36989119609078130546817179657208519771204980440788547,0000000000000000000062dcfb90285f1afa207130a8e78fabac674fe2eb6e43,409975,6228908493061152663119977146625125247747846173494216,7454892593984592460058730579129451627137415313279074,1.1968216586082707,0.09959672136364618,False,neither,0,False,0,,6228908493061152663119977146625125247747846173494216,7454892593984592460058730579129451627137415313279074
204,411264,413279,138784382553152119468195441786396823230753870240366460928,000000000000000005a8fa000000000000000000000000000000000000000000,12897322651004018536262219466649007887671124841570633,000000000000000000002278b4cd9794e1de38c91b192dc1bf3c9a315ae9a149,411979,6228908493061152663119977146625125247747846173494216,7454892593984592460058730579129451627137415313279074,1.1968216586082707,0.10829073987281713,False,neither,0,False,0,,6228908493061152663119977146625125247747846173494216,7454892593984592460058730579129451627137415313279074
205,413280,415295,135262935280049154152065372885142255350817451144176992256,0000000000000000058436000000000000000000000000000000000000000000,221491881074478720769013626983093188101919859056219431,000000000000000000024ffee519ec312e53454cd3a0d3396e63d3b6f72a9527,414062,6228908493061152663119977146625125247747846173494216,7454892593984592460058730579129451627137415313279074,1.1968216586082707,0.11110999061462536,False,neither,0,False,0,,6228908493061152663119977146625125247747846173494216,7454892593984592460058730579129451627137415313279074
206,415296,417311,137505556928474480767543871928291413858290772017802117120,0000000000000000059ba0000000000000000000000000000000000000000000,15919991938095219720150567045358456012058598611756368,000000000000000000002a8ce68828463a441be6948d9ecf0d94be2f699e2550,415683,6228908493061152663119977146625125247747846173494216,7454892593984592460058730579129451627137415313279074,1.1968216586082707,0.10929786261140359,False,neither,0,False,0,,6228908493061152663119977146625125247747846173494216,7454892593984592460058730579129451627137415313279074
207,417312,419327,128713911367130082233924624261304605948946745676720504832,0000000000000000053fd6000000000000000000000000000000000000000000,168559566913975444743209755012088638327895095030966003,00000000000000000001c28522c87121be6fa26b8ab31bed7c1874e1bd21e6f3,418392,6228908493061152663119977146625125247747846173494216,7454892593984592460058730579129451627137415313279074,1.1968216586082707,0.11676331881956109,False,neither,0,False,0,,6228908493061152663119977146625125247747846173494216,7454892593984592460058730579129451627137415313279074
208,419328,421343,126333978716874242627475052620752087219210710628817698816,00000000000000000526fd000000000000000000000000000000000000000000,33080910953628017991419863763153566281997392226558532,00000000000000000000586ae0b6f8182ade011b62662bc48e70d5562ef82244,420778,6228908493061152663119977146625125247747846173494216,7454892593984592460058730579129451627137415313279074,1.1968216586082707,0.1189629553515006,False,neither,0,False,0,,6228908493061152663119977146625125247747846173494216,7454892593984592460058730579129451627137415313279074
209,421344,423359,126278605342839049377710151409810132688161986656629424128,0000000000000000052669000000000000000000000000000000000000000000,90485274362860374087092834794130701629740996334561134,00000000000000000000f1d889804727d36b3a5f88d61c53a9aa41ec1719a76e,423141,6228908493061152663119977146625125247747846173494216,7454892593984592460058730579129451627137415313279074,1.1968216586082707,0.1190151208011041,False,neither,0,False,0,,6228908493061152663119977146625125247747846173494216,7454892593984592460058730579129451627137415313279074
210,423360,425375,133533639774706835230353390473157702360903922769486413824,0000000000000000057228000000000000000000000000000000000000000000,104615386101125975308736859088996698802757233458135710,00000000000000000001179cc07c6c9718284b8b860ef14d4b11b91dba4dc29e,424190,6228908493061152663119977146625125247747846173494216,7454892593984592460058730579129451627137415313279074,1.1968216586082707,0.11254889400775292,False,neither,0,False,0,,6228908493061152663119977146625125247747846173494216,7454892593984592460058730579129451627137415313279074
211,425376,427391,124022888639743237872084547350559836284832548627419234304,0000000000000000050edc000000000000000000000000000000000000000000,70234226493291199876962802955399478663437638402692949,00000000000000000000bbb835374c841d147574fa9192afa6d3128fd2b5d755,427352,6228908493061152663119977146625125247747846173494216,7454892593984592460058730579129451627137415313279074,1.1968216586082707,0.12117975669095053,False,neither,0,False,0,,6228908493061152663119977146625125247747846173494216,7454892593984592460058730579129451627137415313279074
212,427392,429407,122123731568103772089607259872577666017242529148853813248,000000000000000004fb08000000000000000000000000000000000000000000,68945995640787392643907711015580763872876436832864601,00000000000000000000b846c3ba024d19f2bbef802492773a1f70626ec74959,429033,6228908493061152663119977146625125247747846173494216,7454892593984592460058730579129451627137415313279074,1.1968216586082707,0.12306423392485186,False,neither,0,False,0,,6228908493061152663119977146625125247747846173494216,7454892593984592460058730579129451627137415313279074
213,429408,431423,119378259820331825692479928211144812308894309500762193920,000000000000000004de5e000000000000000000000000000000000000000000,47029866553766876365921437634342320170115915008866222,000000000000000000007db323f8ef2983f040c9534307734edcf1a9a57e77ae,431228,6228908493061152663119977146625125247747846173494216,7454892593984592460058730579129451627137415313279074,1.1968216586082707,0.12589447603015966,False,neither,0,False,0,,6228908493061152663119977146625125247747846173494216,7454892593984592460058730579129451627137415313279074
214,431424,433439,111759931157462873316041289986819959868258380300102402048,0000000000000000048ed4000000000000000000000000000000000000000000,117427779334866944537364814227725865730304998442218103,0000000000000000000139db58db3b939e4c59b6d78c04e21887405b60db3277,432404,6228908493061152663119977146625125247747846173494216,7454892593984592460058730579129451627137415313279074,1.1968216586082707,0.13447631287726827,False,neither,0,False,0,,6228908493061152663119977146625125247747846173494216,7454892593984592460058730579129451627137415313279074
215,433440,435455,104283029085035157753191385936387396702868516379761311744,00000000000000000440c4000000000000000000000000000000000000000000,37725247088955664816880494119209068800918328755471242,0000000000000000000064d4a959fc21d3b7bfea79f2feef9a4b9356bdc1c38a,435177,6228908493061152663119977146625125247747846173494216,7454892593984592460058730579129451627137415313279074,1.1968216586082707,0.1441180180642609,False,neither,0,False,0,,6228908493061152663119977146625125247747846173494216,7454892593984592460058730579129451627137415313279074
216,435456,437471,106299667504289830835845558415962632664710558339861315584,00000000000000000455d2000000000000000000000000000000000000000000,34823717343169696150180858615324130883836022207178415,000000000000000000005d135ab452743dde190589fc5b2c90ef9f6709a266af,437178,6228908493061152663119977146625125247747846173494216,7454892593984592460058730579129451627137415313279074,1.1968216586082707,0.14138391795878785,False,neither,0,False,0,,6228908493061152663119977146625125247747846173494216,7454892593984592460058730579129451627137415313279074
217,437472,439487,105881374043672627773432318187360570734220873198601240576,0000000000000000045174000000000000000000000000000000000000000000,6224795624710670332211193271649003625222520774523512,0000000000000000000010a32d9196acb66d4b91b4a23a79cec184b16122fa78,438452,6228908493061152663119977146625125247747846173494216,7454892593984592460058730579129451627137415313279074,1.1968216586082707,0.14194246726788734,True,unique-min,1,False,0,,6224795624710670332211193271649003625222520774523512,6228908493061152663119977146625125247747846173494216
218,439488,441503,95668727978371040303278646201741713440261619517174579200,000000000000000003e6d4000000000000000000000000000000000000000000,21632792563469581946334342243787603983568949683465538,0000000000000000000039d1c1dff1a43670972cc758ebd414f574879368ad42,440283,6224795624710670332211193271649003625222520774523512,6228908493061152663119977146625125247747846173494216,1.000660723435506,0.13126002391136948,False,neither,0,False,0,,6224795624710670332211193271649003625222520774523512,6228908493061152663119977146625125247747846173494216
219,441504,443519,94012390634764280055243391736606357298689315295029362688,000000000000000003d589000000000000000000000000000000000000000000,90906085684687549760916216573430800353885691278686246,00000000000000000000f2f877c891449658a9afd1baaad6788216e26e027826,443182,6224795624710670332211193271649003625222520774523512,6228908493061152663119977146625125247747846173494216,1.000660723435506,0.1335726007734105,False,neither,0,False,0,,6224795624710670332211193271649003625222520774523512,6228908493061152663119977146625125247747846173494216
220,443520,445535,86923102180582917240747796162767475850640519180006195200,0000000000000000038b85000000000000000000000000000000000000000000,93715682552436509898574818480897483584134106345050295,00000000000000000000fa7adf416779d3f50b19cfd42ac2d8fe1b70862f10b7,444564,6224795624710670332211193271649003625222520774523512,6228908493061152663119977146625125247747846173494216,1.000660723435506,0.14446653659372505,False,neither,0,False,0,,6224795624710670332211193271649003625222520774523512,6228908493061152663119977146625125247747846173494216
221,445536,447551,84861566431029438820446406485131195674434646972185968640,00000000000000000375ff000000000000000000000000000000000000000000,7447046001739071234969123925706817951333320106413917,0000000000000000000013e779c40822f409bd9c1f1220260db56b48e0538f5d,446634,6224795624710670332211193271649003625222520774523512,6228908493061152663119977146625125247747846173494216,1.000660723435506,0.14797605146986387,False,neither,0,False,0,,6224795624710670332211193271649003625222520774523512,6228908493061152663119977146625125247747846173494216
222,447552,449567,80022382513656536844370512820784980102919810105407963136,0000000000000000034379000000000000000000000000000000000000000000,1960227581206516358968360803844409571652857494294664,00000000000000000000053d3dfcc6d5bdf653567672b3e3771c54a36b0cd088,448044,6224795624710670332211193271649003625222520774523512,6228908493061152663119977146625125247747846173494216,1.000660723435506,0.15692458944056356,True,unique-min,1,False,0,,2289974335825000601907194108849589095229160009203070,6224795624710670332211193271649003625222520774523512
223,449568,451583,68605739707508652902977299640495787127103841947617329152,000000000000000002cc47000000000000000000000000000000000000000000,57272837467560350698034236237101615882549252638400716,000000000000000000009913aa661b2c992b046acb0d7571fc8468eaefa860cc,451183,2289974335825000601907194108849589095229160009203070,6224795624710670332211193271649003625222520774523512,2.718281828459045,0.1829174648202685,False,neither,0,False,0,,2289974335825000601907194108849589095229160009203070,6224795624710670332211193271649003625222520774523512
224,451584,453599,63859343606086615291372321518809062931940920926127783936,0000000000000000029ab9000000000000000000000000000000000000000000,10099314488463639304675057928266246747801230243110580,000000000000000000001afe3b3c44f4b88754bb6bb1ac68f5ed0b6bf7959eb4,453142,2289974335825000601907194108849589095229160009203070,6224795624710670332211193271649003625222520774523512,2.718281828459045,0.19651294972315708,False,neither,0,False,0,,2289974335825000601907194108849589095229160009203070,6224795624710670332211193271649003625222520774523512
225,453600,455615,61163258921643354765656928775243357859392914550528409600,0000000000000000027e93000000000000000000000000000000000000000000,2065689469697045055722211699828315646052021957347625,00000000000000000000058566ef69bee8868208a18eb54c837eb11773bcc929,453766,2289974335825000601907194108849589095229160009203070,6224795624710670332211193271649003625222520774523512,2.718281828459045,0.20517526699310704,True,unique-min,1,False,0,,2065689469697045055722211699828315646052021957347625,2289974335825000601907194108849589095229160009203070
226,455616,457631,58509826700983959310706392369835644790490546910263246848,00000000000000000262df000000000000000000000000000000000000000000,48508556735647609458344893446468163476386537494134681,0000000000000000000081a6e6c1edc878cb96b41c5dbed7334f84d47e49bf99,456575,2065689469697045055722211699828315646052021957347625,2289974335825000601907194108849589095229160009203070,1.1085762741293586,0.078902784734202,False,neither,0,False,0,,2065689469697045055722211699828315646052021957347625,2289974335825000601907194108849589095229160009203070
227,457632,459647,56672777602924507578641088682504585686103825941044133888,0000000000000000024fb1000000000000000000000000000000000000000000,400856443563599500778815340106626023833365142797970,00000000000000000000011246f099d94f91628d71c9d75ad2f9a06e2beb7e92,458091,2065689469697045055722211699828315646052021957347625,2289974335825000601907194108849589095229160009203070,1.1085762741293586,0.08146041991040456,True,unique-min,1,False,0,,759924687745881972831188843587903904007607495569435,2065689469697045055722211699828315646052021957347625
228,459648,461663,53958359841942568206719748916397287559357255547625668608,000000000000000002335a000000000000000000000000000000000000000000,12504296633477462473018650212529734532662504265071775,00000000000000000000216bc97570434323f71af1b3b9377e829175953bbc9f,461051,759924687745881972831188843587903904007607495569435,2065689469697045055722211699828315646052021957347625,2.718281828459045,0.07717858702725383,False,neither,0,False,0,,759924687745881972831188843587903904007607495569435,2065689469697045055722211699828315646052021957347625
229,461664,463679,51764751112426770751506128647798102319231116027761786880,0000000000000000021c73000000000000000000000000000000000000000000,11793172456314204704306942532614725584897117118982053,000000000000000000001f85374e7b4bde9ee48b43f245a6d8f4216205fae7a5,463556,759924687745881972831188843587903904007607495569435,2065689469697045055722211699828315646052021957347625,2.718281828459045,0.08044914505364095,False,neither,0,False,0,,759924687745881972831188843587903904007607495569435,2065689469697045055722211699828315646052021957347625
230,463680,465695,51649140486907347007064544362790913467244253139882213376,0000000000000000021b3e000000000000000000000000000000000000000000,34653255454917913683734335548146976173383467685470235,000000000000000000005c9eb834e40010d846bca85983a70402016141d1601b,464868,759924687745881972831188843587903904007607495569435,2065689469697045055722211699828315646052021957347625,2.718281828459045,0.08062922115741487,False,neither,0,False,0,,759924687745881972831188843587903904007607495569435,2065689469697045055722211699828315646052021957347625
231,465696,467711,48144529712666433692552181910809237167694270386587828224,000000000000000001f6a7000000000000000000000000000000000000000000,11968160306940649891226908211925046845270376150053203,000000000000000000001ffcf29515c8abce3af59d4e8e6d24a6c3384cadb153,467054,759924687745881972831188843587903904007607495569435,2065689469697045055722211699828315646052021957347625,2.718281828459045,0.0864985076344741,False,neither,0,False,0,,759924687745881972831188843587903904007607495569435,2065689469697045055722211699828315646052021957347625
232,467712,469727,45240046586752885057924289339576851866807485277820420096,000000000000000001d854000000000000000000000000000000000000000000,3276550377644933484116831378397065440405932959904614,0000000000000000000008c1e8206635a151c06fe984c6281f3d1f466790b366,468594,759924687745881972831188843587903904007607495569435,2065689469697045055722211699828315646052021957347625,2.718281828459045,0.09205184974607573,False,neither,0,False,0,,759924687745881972831188843587903904007607495569435,2065689469697045055722211699828315646052021957347625
233,469728,471743,39718797393257298660757754408019939605415460564426031104,0000000000000000019eaf000000000000000000000000000000000000000000,13263911687460139751161025653437543418912095713060654,000000000000000000002373896283b5c5c508aa778428a892026a988a53672e,470305,759924687745881972831188843587903904007607495569435,2065689469697045055722211699828315646052021957347625,2.718281828459045,0.10484783639537384,False,neither,0,False,0,,759924687745881972831188843587903904007607495569435,2065689469697045055722211699828315646052021957347625
234,471744,473759,37880625861940376795251270290737354395669643839013912576,0000000000000000018b7e000000000000000000000000000000000000000000,14998318441086455386255200757119716504247832227233307,00000000000000000000281644132a972a47b6ff128d9e5bc88fec4a13ba3e1b,473595,759924687745881972831188843587903904007607495569435,2065689469697045055722211699828315646052021957347625,2.718281828459045,0.10993561685297684,False,neither,0,False,0,,759924687745881972831188843587903904007607495569435,2065689469697045055722211699828315646052021957347625
235,473760,475775,38043004539854389433075372490391464304285496568268718080,0000000000000000018d30000000000000000000000000000000000000000000,74911038157806841656685150431956598368991777522846369,00000000000000000000c8383657688ce773e702051eff94667e2664b0620aa1,474955,759924687745881972831188843587903904007607495569435,2065689469697045055722211699828315646052021957347625,2.718281828459045,0.10946637946397023,False,neither,0,False,0,,759924687745881972831188843587903904007607495569435,2065689469697045055722211699828315646052021957347625
236,475776,477791,33509870757351677175294676059494700127350769223450230784,0000000000000000015ddc000000000000000000000000000000000000000000,23692115159894117303981245445396368736863746887852799,000000000000000000003f52cd92e2a48790fb996a42cda8730ef6299d5d22ff,477036,759924687745881972831188843587903904007607495569435,2065689469697045055722211699828315646052021957347625,2.718281828459045,0.12427472493296964,False,neither,0,False,0,,759924687745881972831188843587903904007607495569435,2065689469697045055722211699828315646052021957347625
237,477792,479807,31340207270661909233492904963194738468218672502370467840,0000000000000000014735000000000000000000000000000000000000000000,21711600709864076491581125508652538251330049423342282,000000000000000000003a07ae1772d1f91ab6b89e258569726be3b3f8ea7aca,479143,759924687745881972831188843587903904007607495569435,2065689469697045055722211699828315646052021957347625,2.718281828459045,0.13287818855006858,False,neither,0,False,0,,759924687745881972831188843587903904007607495569435,2065689469697045055722211699828315646052021957347625
238,479808,481823,29201223626342991605750065618903157022235193117232857088,00000000000000000130e0000000000000000000000000000000000000000000,5545278862586565848057336017384504401158070277160520,000000000000000000000ed23bd82401dec4f805b2e95bc78b768af3a386be48,480640,759924687745881972831188843587903904007607495569435,2065689469697045055722211699828315646052021957347625,2.718281828459045,0.14261148862106002,False,neither,0,False,0,,759924687745881972831188843587903904007607495569435,2065689469697045055722211699828315646052021957347625
239,481824,483839,30353962581764818649842367179120467226026534727449575424,0000000000000000013ce9000000000000000000000000000000000000000000,8570792350578775384880443828823151939134024282498184,0000000000000000000016e85fc515d0901d2eef54da3f5ea4539127fe336488,483741,759924687745881972831188843587903904007607495569435,2065689469697045055722211699828315646052021957347625,2.718281828459045,0.13719559545780785,False,neither,0,False,0,,759924687745881972831188843587903904007607495569435,2065689469697045055722211699828315646052021957347625
240,483840,485855,29217311836366730185073651781541697865715565622665936896,000000000000000001310b000000000000000000000000000000000000000000,49227409101751536664207724701597785135170566956242583,000000000000000000008392c298dcf8799aafb73ff87a5d0436688a4d47d697,484979,759924687745881972831188843587903904007607495569435,2065689469697045055722211699828315646052021957347625,2.718281828459045,0.14253296108253824,False,neither,0,False,0,,759924687745881972831188843587903904007607495569435,2065689469697045055722211699828315646052021957347625
241,485856,487871,24433127148609864747615599184820261456796420809345204224,000000000000000000ff18000000000000000000000000000000000000000000,4217250784956231538541376457398865935796948361658931,000000000000000000000b458f618e6444ff7947fb1b917c032d732cefa1c233,487667,759924687745881972831188843587903904007607495569435,2065689469697045055722211699828315646052021957347625,2.718281828459045,0.17044195552946975,False,neither,0,False,0,,759924687745881972831188843587903904007607495569435,2065689469697045055722211699828315646052021957347625
242,487872,489887,23988269434232535193761088780698748366141469438183997440,000000000000000000fa73000000000000000000000000000000000000000000,1386671116555094675513582939323507549328345935414818,0000000000000000000003b4cc8365995e7567c7720b51e595ae54e9fe748622,488837,759924687745881972831188843587903904007607495569435,2065689469697045055722211699828315646052021957347625,2.718281828459045,0.17360276789981274,True,new-second,1,False,0,,759924687745881972831188843587903904007607495569435,1386671116555094675513582939323507549328345935414818
243,489888,491903,22526487188587264742197108840494583820145762956159746048,000000000000000000eb30000000000000000000000000000000000000000000,874868121823304462093954538863547174166722959235449,0000000000000000000002569beb610e7f806774fd0c650c415a78a087b9d979,491270,759924687745881972831188843587903904007607495569435,1386671116555094675513582939323507549328345935414818,1.8247480821662634,0.12409964090590152,True,new-second,1,False,0,,759924687745881972831188843587903904007607495569435,874868121823304462093954538863547174166722959235449
244,491904,493919,18556440756915402760741928101946749165024073301499052032,000000000000000000c1bd000000000000000000000000000000000000000000,4663326853897579902640615612517347549308456881971153,000000000000000000000c76c71849d230af98fc9c88a7abcf92f4324e3d5fd1,492602,759924687745881972831188843587903904007607495569435,874868121823304462093954538863547174166722959235449,1.1512563493869006,0.09504700587252939,False,neither,0,False,0,,759924687745881972831188843587903904007607495569435,874868121823304462093954538863547174166722959235449
245,493920,495935,19758940920085072387393228723348383373068660102939017216,000000000000000000ce4b000000000000000000000000000000000000000000,7284807742323866301785664777031331570683467440658594,00000000000000000000137877bcdefc6af3b0dfa8955fecdc135fbe18a918a2,495040,759924687745881972831188843587903904007607495569435,874868121823304462093954538863547174166722959235449,1.1512563493869006,0.08926258450436159,False,neither,0,False,0,,759924687745881972831188843587903904007607495569435,874868121823304462093954538863547174166722959235449
246,495936,497951,20014481558369106100835306608979160026489460596213284864,000000000000000000d0f6000000000000000000000000000000000000000000,11467612002363267570734171349846692263342906441380243,000000000000000000001ea67562d40bb455a4205fd24e9692216e3b8c9eb193,497926,759924687745881972831188843587903904007607495569435,874868121823304462093954538863547174166722959235449,1.1512563493869006,0.08812289883463266,False,neither,0,False,0,,759924687745881972831188843587903904007607495569435,874868121823304462093954538863547174166722959235449
247,497952,499967,16946123176864917983795071264823963343174695083267063808,000000000000000000b0ed000000000000000000000000000000000000000000,1736005350689655913361398535025998964254707722305345,0000000000000000000004a3d2b4393062f8bf9375e313846a7f62f7f3413f41,498549,759924687745881972831188843587903904007607495569435,874868121823304462093954538863547174166722959235449,1.1512563493869006,0.10407891617379815,False,neither,0,False,0,,759924687745881972831188843587903904007607495569435,874868121823304462093954538863547174166722959235449
248,499968,501983,14392961660539521116256653268419249019684881662910398464,0000000000000000009645000000000000000000000000000000000000000000,273821822189920923156264704075196689375522326473102,0000000000000000000000bb5b432a764ad6c7acf677dcd99161abfdf68e698e,500174,759924687745881972831188843587903904007607495569435,874868121823304462093954538863547174166722959235449,1.1512563493869006,0.12254143206893446,True,unique-min,1,False,0,,279560669460337862922022417843991012814456935316877,759924687745881972831188843587903904007607495569435
249,501984,503999,13960450711994363030255127593764523087979983609872252928,00000000000000000091c1000000000000000000000000000000000000000000,903520900048883921748915573459612441888718423198482,00000000000000000000026a36ce6423544d841d51f5b36ffccb63e4a4ce0b12,502579,279560669460337862922022417843991012814456935316877,759924687745881972831188843587903904007607495569435,2.718281828459045,0.10973916258874412,False,neither,0,False,0,,279560669460337862922022417843991012814456935316877,759924687745881972831188843587903904007607495569435
250,504000,506015,12101157559014734955774763823279522156034099347349045248,0000000000000000007e578c0000000000000000000000000000000000000000,6643731824635516385857824416725283397671222922095855,0000000000000000000011c1d36681013eb966c2f89271c5da2dfb02f256acef,506007,279560669460337862922022417843991012814456935316877,759924687745881972831188843587903904007607495569435,2.718281828459045,0.1266001341627381,False,neither,0,False,0,,279560669460337862922022417843991012814456935316877,759924687745881972831188843587903904007607495569435
251,506016,508031,10356793971791534424976101420669664288187918308140384256,0000000000000000006c21460000000000000000000000000000000000000000,17425306953968621754268823162027766853399099763163319,000000000000000000002e92e0fbffe017cb9a95857f1c442d06fc0fc31d80b7,507820,279560669460337862922022417843991012814456935316877,759924687745881972831188843587903904007607495569435,2.718281828459045,0.14792301311278175,False,neither,0,False,0,,279560669460337862922022417843991012814456935316877,759924687745881972831188843587903904007607495569435
252,508032,510047,9378292318569022964986206758839123913433917663832178688,00000000000000000061e9f80000000000000000000000000000000000000000,1870670397815577451309349355930900755074661701905376,0000000000000000000004fff6f1c86ebb390a8fbe9d14644d54f04e8573ebe0,508363,279560669460337862922022417843991012814456935316877,759924687745881972831188843587903904007607495569435,2.718281828459045,0.16335683709307303,False,neither,0,False,0,,279560669460337862922022417843991012814456935316877,759924687745881972831188843587903904007607495569435
253,510048,512063,8964447668935855171055978546867850348456065181232922624,0000000000000000005d97dc0000000000000000000000000000000000000000,2592198846881229070409630778007552952859942808891855,0000000000000000000006eda7886d7054e0ffb1248f76518ce780b64bd2b1cf,511881,279560669460337862922022417843991012814456935316877,759924687745881972831188843587903904007607495569435,2.718281828459045,0.17089822229700835,False,neither,0,False,0,,279560669460337862922022417843991012814456935316877,759924687745881972831188843587903904007607495569435
254,512064,514079,8192878571041388924351625416816775770172128369752145920,0000000000000000005589a30000000000000000000000000000000000000000,789235108657366772480041610433243980346960493509756,00000000000000000000021c043e439b5f4b632389b0062306bf2d4e0b657c7c,512588,279560669460337862922022417843991012814456935316877,759924687745881972831188843587903904007607495569435,2.718281828459045,0.18699266164040876,False,neither,0,False,0,,279560669460337862922022417843991012814456935316877,759924687745881972831188843587903904007607495569435
255,514080,516095,7786052052270684126234611299412205796254663675224260608,000000000000000000514a490000000000000000000000000000000000000000,250605414228549862723444011738687047217266540047314,0000000000000000000000ab789f6d71d9642ae3f697975ccd00afcb98fe6bd2,515910,279560669460337862922022417843991012814456935316877,759924687745881972831188843587903904007607495569435,2.718281828459045,0.19676315547478404,True,unique-min,1,False,0,,250605414228549862723444011738687047217266540047314,279560669460337862922022417843991012814456935316877
256,516096,518111,7678459224733657715202292429397298472913633233275453440,000000000000000000502ab70000000000000000000000000000000000000000,1322160918572813101796091881327105804473430109829914,000000000000000000000388a8c212badee4d31543b7afdca2d67e501853bb1a,517601,250605414228549862723444011738687047217266540047314,279560669460337862922022417843991012814456935316877,1.1155412197335093,0.07339940125182998,False,neither,0,False,0,,250605414228549862723444011738687047217266540047314,279560669460337862922022417843991012814456935316877
257,518112,520127,7021961458254440109762706424650140438182306270565892096,00000000000000000049500d0000000000000000000000000000000000000000,2439047307233932362069008003791156967093795895828782,000000000000000000000684dd27df947fd75d2ee856c54cc5dbf4433d2ae12e,518334,250605414228549862723444011738687047217266540047314,279560669460337862922022417843991012814456935316877,1.1155412197335093,0.08026166377907501,False,neither,0,False,0,,250605414228549862723444011738687047217266540047314,279560669460337862922022417843991012814456935316877
258,520128,522143,6702918573828378664524678433037841287557455508299317248,00000000000000000045fb530000000000000000000000000000000000000000,816216403176071479239327303128138159713464831998383,00000000000000000000022e7a595abee58621a090c8076dac4a1c3a041079af,522090,250605414228549862723444011738687047217266540047314,279560669460337862922022417843991012814456935316877,1.1155412197335093,0.08408192691353905,False,neither,0,False,0,,250605414228549862723444011738687047217266540047314,279560669460337862922022417843991012814456935316877
259,522144,524159,6505870154073602347674948421782035713149324747260035072,00000000000000000043eca90000000000000000000000000000000000000000,683488429106773490238782698642667137039336277709073,0000000000000000000001d3a96927a8878a4c2b0651cd816594c80b77e29111,522896,250605414228549862723444011738687047217266540047314,279560669460337862922022417843991012814456935316877,1.1155412197335093,0.0866285825392858,False,neither,0,False,0,,250605414228549862723444011738687047217266540047314,279560669460337862922022417843991012814456935316877
260,524160,526175,6259542822111302646229226565336702507884435252736688128,000000000000000000415a490000000000000000000000000000000000000000,749133285315719781728802825607738289499915599920140,00000000000000000000020093ea502dec7cd56a1f5e2e8dd0e3d669c47ebc0c,524513,250605414228549862723444011738687047217266540047314,279560669460337862922022417843991012814456935316877,1.1155412197335093,0.0900376154694864,False,neither,0,False,0,,250605414228549862723444011738687047217266540047314,279560669460337862922022417843991012814456935316877
261,526176,528191,5456617206587901877414813377199700077413780408546361344,00000000000000000038f8410000000000000000000000000000000000000000,1064554911023182181389363059752800622670575098980728,0000000000000000000002d865e52f27af170a3d7b868f54ba55fd462a5ce978,527442,250605414228549862723444011738687047217266540047314,279560669460337862922022417843991012814456935316877,1.1155412197335093,0.10328639306997758,False,neither,0,False,0,,250605414228549862723444011738687047217266540047314,279560669460337862922022417843991012814456935316877
262,528192,530207,5309609141393698345581459330931267317315649121846034432,000000000000000000376f560000000000000000000000000000000000000000,1022601556319314400807967520174597750977347595270222,0000000000000000000002bbb13fb21095599b3e18f4de5cb8f1c84d02bbf84e,528275,250605414228549862723444011738687047217266540047314,279560669460337862922022417843991012814456935316877,1.1155412197335093,0.10614610127104487,False,neither,0,False,0,,250605414228549862723444011738687047217266540047314,279560669460337862922022417843991012814456935316877
263,530208,532223,5026314587016750785722693470327208449351582469580652544,000000000000000000347a280000000000000000000000000000000000000000,578213187077316233364329243504024493510091084311928,00000000000000000000018ba128090ad6dd5fbcd9d666541f060c791f86ad78,532023,250605414228549862723444011738687047217266540047314,279560669460337862922022417843991012814456935316877,1.1155412197335093,0.11212873764165826,False,neither,0,False,0,,250605414228549862723444011738687047217266540047314,279560669460337862922022417843991012814456935316877
264,532224,534239,5205879062684137510961952799929229129995569309608312832,000000000000000000365a170000000000000000000000000000000000000000,3292095271718000991677012200252820491780825044608990,0000000000000000000008cc8b018eb32f37753092bd641337c879fb41f1e7de,534069,250605414228549862723444011738687047217266540047314,279560669460337862922022417843991012814456935316877,1.1155412197335093,0.10826112225155177,False,neither,0,False,0,,250605414228549862723444011738687047217266540047314,279560669460337862922022417843991012814456935316877
265,534240,536255,4531442825108320403104334767545311437480985430866264064,0000000000000000002f4f7b0000000000000000000000000000000000000000,1207284026760965159823248168926932293306596723058883,00000000000000000000033a0ea81626beab29ad1d973feaf849ea208ac4e8c3,535069,250605414228549862723444011738687047217266540047314,279560669460337862922022417843991012814456935316877,1.1155412197335093,0.12437414116961056,False,neither,0,False,0,,250605414228549862723444011738687047217266540047314,279560669460337862922022417843991012814456935316877
266,536256,538271,4219470685603665866184576203153693664105230070242607104,0000000000000000002c0da70000000000000000000000000000000000000000,1089169658790580547820311103401271796920505595787383,0000000000000000000002e93d78a5e86a2869de8b2dd251b47fa3a6ccbef877,536940,250605414228549862723444011738687047217266540047314,279560669460337862922022417843991012814456935316877,1.1155412197335093,0.13356990760830692,False,neither,0,False,0,,250605414228549862723444011738687047217266540047314,279560669460337862922022417843991012814456935316877
267,538272,540287,4007526641161212986792514236082843733160766044725313536,00000000000000000029d72d0000000000000000000000000000000000000000,4382488162617534157345944981319162747696662566527523,000000000000000000000bb69ebdd490250b85ff7019d12f8ad9b04b3fade223,539842,250605414228549862723444011738687047217266540047314,279560669460337862922022417843991012814456935316877,1.1155412197335093,0.1406339520849037,False,neither,0,False,0,,250605414228549862723444011738687047217266540047314,279560669460337862922022417843991012814456935316877
268,540288,542303,3840827764407250199942201944063224491938810378873470976,0000000000000000002819a10000000000000000000000000000000000000000,1158598542289084796984667940610885043864791763454620,000000000000000000000318becb75616410f95c624ef77effb2f9d37d290a9c,541629,250605414228549862723444011738687047217266540047314,279560669460337862922022417843991012814456935316877,1.1155412197335093,0.14673772014846387,False,neither,0,False,0,,250605414228549862723444011738687047217266540047314,279560669460337862922022417843991012814456935316877
269,542304,544319,3769176185135465353474348091454476000617158630021529600,000000000000000000275a1f0000000000000000000000000000000000000000,757270783177245101372892837173672462750363330820949,000000000000000000000206254c56610d6bc9b64c141d7b1705ac9e8fa43b55,543672,250605414228549862723444011738687047217266540047314,279560669460337862922022417843991012814456935316877,1.1155412197335093,0.14952718629993822,False,neither,0,False,0,,250605414228549862723444011738687047217266540047314,279560669460337862922022417843991012814456935316877
270,544320,546335,3616317728887026217259424694800679959591344645351669760,00000000000000000025c1910000000000000000000000000000000000000000,1453057745728346309825877081249005646619200614610916,0000000000000000000003e238f2ce2598ee57191ed2cd13a990b6257528b7e4,545100,250605414228549862723444011738687047217266540047314,279560669460337862922022417843991012814456935316877,1.1155412197335093,0.15584756425854634,False,neither,0,False,0,,250605414228549862723444011738687047217266540047314,279560669460337862922022417843991012814456935316877
271,546336,548351,3753318892370425056811838111019504329853891761930240000,000000000000000000272fbd0000000000000000000000000000000000000000,2651847059255667069032495872847944244674711989927013,00000000000000000000071677a6c6bb54d5cf98cdfbf8888a74b4da81ce3c65,547981,250605414228549862723444011738687047217266540047314,279560669460337862922022417843991012814456935316877,1.1155412197335093,0.15015891955721902,False,neither,0,False,0,,250605414228549862723444011738687047217266540047314,279560669460337862922022417843991012814456935316877
272,548352,550367,3752507758961706405692235065937346792777982719368888320,000000000000000000272d920000000000000000000000000000000000000000,1290632734065417935042062738095103949079255671139469,000000000000000000000373163562548e645f7c9440a0f41d22f292c2946c8d,550015,250605414228549862723444011738687047217266540047314,279560669460337862922022417843991012814456935316877,1.1155412197335093,0.1501913775623968,False,neither,0,False,0,,250605414228549862723444011738687047217266540047314,279560669460337862922022417843991012814456935316877
273,550368,552383,4052052750044136275098507698196378011637603685579620352,0000000000000000002a4e2f0000000000000000000000000000000000000000,2471780034199360885477784686378426041980701054673291,00000000000000000000069b42b21d43ac6082eabe82c05c3a455cb01871218b,552276,250605414228549862723444011738687047217266540047314,279560669460337862922022417843991012814456935316877,1.1155412197335093,0.13908859148635278,False,neither,0,False,0,,250605414228549862723444011738687047217266540047314,279560669460337862922022417843991012814456935316877
274,552384,554399,4774638159061819979596346127394133648234752261950013440,00000000000000000031d97c0000000000000000000000000000000000000000,2500923521829413671722925458086876785509298011839964,0000000000000000000006af33894c0ca3965fae5ac1a1bcc5bb7827d9b31ddc,554185,250605414228549862723444011738687047217266540047314,279560669460337862922022417843991012814456935316877,1.1155412197335093,0.11803916670887225,False,neither,0,False,0,,250605414228549862723444011738687047217266540047314,279560669460337862922022417843991012814456935316877
275,554400,556415,5279534360700703025330663904443631645337169341976674304,000000000000000000371ef40000000000000000000000000000000000000000,5752950515730172954519563444872931581620195482785769,000000000000000000000f605417230e759dcbaafe856a046d26acd5bf9dd7e9,555601,250605414228549862723444011738687047217266540047314,279560669460337862922022417843991012814456935316877,1.1155412197335093,0.10675076079194994,False,neither,0,False,0,,250605414228549862723444011738687047217266540047314,279560669460337862922022417843991012814456935316877
276,556416,558431,4798269179035823348880781507454323228379569035237392384,0000000000000000003218a50000000000000000000000000000000000000000,301424663664164609305566551583716772947704673776568,0000000000000000000000ce3e3d62bb5575c1dccfca1ab635412b2c7818b3b8,556828,250605414228549862723444011738687047217266540047314,279560669460337862922022417843991012814456935316877,1.1155412197335093,0.1174578350240224,False,neither,0,False,0,,250605414228549862723444011738687047217266540047314,279560669460337862922022417843991012814456935316877
277,558432,560447,4581847093576588582947343450056030606262879232408420352,0000000000000000002fd6330000000000000000000000000000000000000000,1341460580737738360498647144765719057636018316571905,000000000000000000000395dd54db0dfdcb2a1b145607d4785c087e0c02f501,560350,250605414228549862723444011738687047217266540047314,279560669460337862922022417843991012814456935316877,1.1155412197335093,0.12300591838216486,False,neither,0,False,0,,250605414228549862723444011738687047217266540047314,279560669460337862922022417843991012814456935316877
278,560448,562463,4636475101776743072223960781733299832971578678999777280,0000000000000000003068350000000000000000000000000000000000000000,927157853985600986814211247257542456094756165989669,00000000000000000000027a631c10317920c8e2c599eaf0713ba69998893525,561098,250605414228549862723444011738687047217266540047314,279560669460337862922022417843991012814456935316877,1.1155412197335093,0.1215566345683742,False,neither,0,False,0,,250605414228549862723444011738687047217266540047314,279560669460337862922022417843991012814456935316877
279,562464,564479,4447653474738502407900799312400854215681091162244907008,0000000000000000002e6f880000000000000000000000000000000000000000,2034245562998583007475268410553229894290171059718087,00000000000000000000056fe325df255861f53ad53607026c007700423747c7,563283,250605414228549862723444011738687047217266540047314,279560669460337862922022417843991012814456935316877,1.1155412197335093,0.1267172257985268,False,neither,0,False,0,,250605414228549862723444011738687047217266540047314,279560669460337862922022417843991012814456935316877
280,564480,566495,4440088742263677654396177039706714734771352055402463232,0000000000000000002e5b500000000000000000000000000000000000000000,2961848900546668029813956438086522493409966766903006,0000000000000000000007ea944a1bd687615e02ac361c33117c5a5f576f4ede,566018,250605414228549862723444011738687047217266540047314,279560669460337862922022417843991012814456935316877,1.1155412197335093,0.12693311831076276,False,neither,0,False,0,,250605414228549862723444011738687047217266540047314,279560669460337862922022417843991012814456935316877
281,566496,568511,4442250303185290059812200289574302117357423179633524736,0000000000000000002e61170000000000000000000000000000000000000000,2556867830348594321011095601665414035137321793023767,0000000000000000000006d57adeda4f0771a872f7e8ef2f260a84f1122cef17,566932,250605414228549862723444011738687047217266540047314,279560669460337862922022417843991012814456935316877,1.1155412197335093,0.12687135374337621,False,neither,0,False,0,,250605414228549862723444011738687047217266540047314,279560669460337862922022417843991012814456935316877
282,568512,570527,4226119056551884143559484765457720035561644907380604928,0000000000000000002c1f6c0000000000000000000000000000000000000000,1281469314231026565550787265493986580982428837367547,00000000000000000000036cd11f6d74b4d1f395d60a92e03805d321ade04efb,568963,250605414228549862723444011738687047217266540047314,279560669460337862922022417843991012814456935316877,1.1155412197335093,0.13335978047241318,False,neither,0,False,0,,250605414228549862723444011738687047217266540047314,279560669460337862922022417843991012814456935316877
283,570528,572543,4217024131862773934699503234743726606330326039165665280,0000000000000000002c071d0000000000000000000000000000000000000000,7207053939472143555690431165472442086724088977459844,0000000000000000000013434433c41a8afacde5212f7853e9124fcccba08a84,571071,250605414228549862723444011738687047217266540047314,279560669460337862922022417843991012814456935316877,1.1155412197335093,0.13364739968492576,False,neither,0,False,0,,250605414228549862723444011738687047217266540047314,279560669460337862922022417843991012814456935316877
284,572544,574559,4243570847603252455305754966045185171099356397876281344,0000000000000000002c4e110000000000000000000000000000000000000000,588024368062156663728609992112224613028261812319098,00000000000000000000019257b49b3f46d8f7c3d6f3d4153962f1386c19337a,572822,250605414228549862723444011738687047217266540047314,279560669460337862922022417843991012814456935316877,1.1155412197335093,0.13281133504589804,False,neither,0,False,0,,250605414228549862723444011738687047217266540047314,279560669460337862922022417843991012814456935316877
285,574560,576575,4022508494445492072607020209303018350395259009223360512,00000000000000000029ff380000000000000000000000000000000000000000,343910623482682337543120434294251187973634047250425,0000000000000000000000eb502db6b128d84c1f65943d55b31dc17871528ff9,575171,250605414228549862723444011738687047217266540047314,279560669460337862922022417843991012814456935316877,1.1155412197335093,0.14011016021725847,False,neither,0,False,0,,250605414228549862723444011738687047217266540047314,279560669460337862922022417843991012814456935316877
286,576576,578591,4021030916290150529756716283937142188262386861422411776,00000000000000000029fb450000000000000000000000000000000000000000,623213914979539357278643918624822677067233250477150,0000000000000000000001aa6b9676d6b988c0549f42047dc11ac4d7660b845e,577021,250605414228549862723444011738687047217266540047314,279560669460337862922022417843991012814456935316877,1.1155412197335093,0.14016164544987378,False,neither,0,False,0,,250605414228549862723444011738687047217266540047314,279560669460337862922022417843991012814456935316877
287,578592,580607,3614033401827878015998272335407144409231622422786998272,00000000000000000025bb760000000000000000000000000000000000000000,1105233783988195244811330549824391365863385352372948,0000000000000000000002f43b4cef6428e72abd4896921299a66e06d1fc02d4,580345,250605414228549862723444011738687047217266540047314,279560669460337862922022417843991012814456935316877,1.1155412197335093,0.15594607104267236,False,neither,0,False,0,,250605414228549862723444011738687047217266540047314,279560669460337862922022417843991012814456935316877
288,580608,582623,3638558860803927897868648370584956354584468626790678528,00000000000000000025fd030000000000000000000000000000000000000000,8658150839532347429131486485375956966728700874142157,00000000000000000000172425af35e5cd01a93348d0c1be7949af83149731cd,580911,250605414228549862723444011738687047217266540047314,279560669460337862922022417843991012814456935316877,1.1155412197335093,0.15489492713813535,False,neither,0,False,0,,250605414228549862723444011738687047217266540047314,279560669460337862922022417843991012814456935316877
289,582624,584639,3397669776434136486181562425402160438435718857259745280,00000000000000000023792c0000000000000000000000000000000000000000,492054719156374486799872899203208141984012487346596,000000000000000000000150ad70b6d369df271f83ca3d6ac859b800f137c9a4,582757,250605414228549862723444011738687047217266540047314,279560669460337862922022417843991012814456935316877,1.1155412197335093,0.165876717490637,False,neither,0,False,0,,250605414228549862723444011738687047217266540047314,279560669460337862922022417843991012814456935316877
290,584640,586655,2974300520630483197933400799376074857018768662277914624,0000000000000000001f0d9b0000000000000000000000000000000000000000,37566394517181298232605889224087057760637556425325,000000000000000000000019b43763eb4519f4fe65eae9be90fe73117b89026d,585774,250605414228549862723444011738687047217266540047314,279560669460337862922022417843991012814456935316877,1.1155412197335093,0.18948801767770668,True,unique-min,1,False,0,,92192579740936743759077814667024874940266698570695,250605414228549862723444011738687047217266540047314
291,586656,588671,2990922178751847556822131306978557143801315583089180672,0000000000000000001f3a080000000000000000000000000000000000000000,732914738814693151044700078020468437599588229183082,0000000000000000000001f57b098911a90b164b9812304f4f7615cf9f91f66a,587409,92192579740936743759077814667024874940266698570695,250605414228549862723444011738687047217266540047314,2.718281828459045,0.16891797408637088,False,neither,0,False,0,,92192579740936743759077814667024874940266698570695,250605414228549862723444011738687047217266540047314
292,588672,590687,2699909434228155498652331786772923585210445951064342528,0000000000000000001c30390000000000000000000000000000000000000000,1084119514212226036740631551544304076697712433370663,0000000000000000000002e5c8e05547af93fede876776067b309c37fa6d1627,590543,92192579740936743759077814667024874940266698570695,250605414228549862723444011738687047217266540047314,2.718281828459045,0.187124986001313,False,neither,0,False,0,,92192579740936743759077814667024874940266698570695,250605414228549862723444011738687047217266540047314
293,590688,592703,2647377219375933524160418539145769508351933111739613184,0000000000000000001ba3d10000000000000000000000000000000000000000,1925715543935069234133069565654182514300256021663197,000000000000000000000525a0c7808ddb311ce6381dc6f8835df0197ee84ddd,591458,92192579740936743759077814667024874940266698570695,250605414228549862723444011738687047217266540047314,2.718281828459045,0.19083812891759044,False,neither,0,False,0,,92192579740936743759077814667024874940266698570695,250605414228549862723444011738687047217266540047314
294,592704,594719,2502742632840755378666227277045667991877723059489079296,0000000000000000001a213e0000000000000000000000000000000000000000,203884124158871390840699344928316831818728270380533,00000000000000000000008b80d0529bc20ac2c580f85acd2aed0baf5b82bdf5,593568,92192579740936743759077814667024874940266698570695,250605414228549862723444011738687047217266540047314,2.718281828459045,0.20186674748545858,True,new-second,1,False,0,,92192579740936743759077814667024874940266698570695,203884124158871390840699344928316831818728270380533
295,594720,596735,2267299103571658911252368261549572946260211294613274624,00000000000000000017abf50000000000000000000000000000000000000000,648993090718914629103761127060389430726846035318828,0000000000000000000001bc0f20af28f38472c0eb221137fce12b089c9cd82c,595237,92192579740936743759077814667024874940266698570695,203884124158871390840699344928316831818728270380533,2.2115025388354512,0.18128635681846814,False,neither,0,False,0,,92192579740936743759077814667024874940266698570695,203884124158871390840699344928316831818728270380533
296,596736,598751,2112846149036891759953684644743283440459952687539027968,000000000000000000160f240000000000000000000000000000000000000000,514715162977485283185309465867697201821219988774263,0000000000000000000001602eb228828476fe030cdcdfb3114f2ee3fdb51d77,598482,92192579740936743759077814667024874940266698570695,203884124158871390840699344928316831818728270380533,2.2115025388354512,0.19453872421882046,False,neither,0,False,0,,92192579740936743759077814667024874940266698570695,203884124158871390840699344928316831818728270380533
297,598752,600767,2072520395859657486634608572838975759381606196813234176,00000000000000000015a35c0000000000000000000000000000000000000000,320299530471347607003844840677311774425830260573683,0000000000000000000000db2867af8040293a4a38db547883a053e0852d85f3,600225,92192579740936743759077814667024874940266698570695,203884124158871390840699344928316831818728270380533,2.2115025388354512,0.19832393211927551,False,neither,0,False,0,,92192579740936743759077814667024874940266698570695,203884124158871390840699344928316831818728270380533
298,600768,602783,1969073848467738847181233556694484530967339635488849920,000000000000000000148edf0000000000000000000000000000000000000000,5830070293168441896115026575764859795612775618737365,000000000000000000000f9518918f22da40b0ba8a9a32292bc88aa8a69074d5,601875,92192579740936743759077814667024874940266698570695,203884124158871390840699344928316831818728270380533,2.2115025388354512,0.20874300607066287,False,neither,0,False,0,,92192579740936743759077814667024874940266698570695,203884124158871390840699344928316831818728270380533
299,602784,604799,2119459443945814095658556318611324621123895782295994368,0000000000000000001620d10000000000000000000000000000000000000000,1970555571801793363990715733014071812325076418041936,0000000000000000000005444f0fe469fa040b8c411cf1aa810902a374861850,603837,92192579740936743759077814667024874940266698570695,203884124158871390840699344928316831818728270380533,2.2115025388354512,0.19393171003030202,False,neither,0,False,0,,92192579740936743759077814667024874940266698570695,203884124158871390840699344928316831818728270380533
300,604800,606815,2078088717097888226752964612051624797686495299801972736,00000000000000000015b23e0000000000000000000000000000000000000000,585239044905006899932692515406065624488649505707935,0000000000000000000001906fd2657c2aa87d80a1dd31af693c7507cd31179f,605463,92192579740936743759077814667024874940266698570695,203884124158871390840699344928316831818728270380533,2.2115025388354512,0.19779251526773156,False,neither,0,False,0,,92192579740936743759077814667024874940266698570695,203884124158871390840699344928316831818728270380533
301,606816,608831,2093644940525638357414324633411056914147713045789409280,00000000000000000015dbd20000000000000000000000000000000000000000,634912021775506501012695035381687832380537599849729,0000000000000000000001b26ca7b70da9a77187933009c7d56893ceba127501,607040,92192579740936743759077814667024874940266698570695,203884124158871390840699344928316831818728270380533,2.2115025388354512,0.19632287516769195,False,neither,0,False,0,,92192579740936743759077814667024874940266698570695,203884124158871390840699344928316831818728270380533
302,608832,610847,2082043540528505650049623783208955059537684253263265792,00000000000000000015bcd00000000000000000000000000000000000000000,1911548590985520443183700616793401432583740103305127,00000000000000000000051bef435c6874f41fbd9d547f037faa940dfdbba7a7,609684,92192579740936743759077814667024874940266698570695,203884124158871390840699344928316831818728270380533,2.2115025388354512,0.19741681012105483,False,neither,0,False,0,,92192579740936743759077814667024874940266698570695,203884124158871390840699344928316831818728270380533
303,610848,612863,1953761695813422977307213550702116033770404430236090368,0000000000000000001465f20000000000000000000000000000000000000000,3667518234486380217349064134763964580586079503522677,0000000000000000000009cd6af56f912c7f4a0597f0c20ba1f4e366f7c81b75,612461,92192579740936743759077814667024874940266698570695,203884124158871390840699344928316831818728270380533,2.2115025388354512,0.21037898080664214,False,neither,0,False,0,,92192579740936743759077814667024874940266698570695,203884124158871390840699344928316831818728270380533
304,612864,614879,1824503568004603261415443256727022530945994444270206976,000000000000000000130c780000000000000000000000000000000000000000,792423574943148761878604727166617690405840056336690,00000000000000000000021e32be09862eafb7a2fe78f2b648d7252a022dc132,613562,92192579740936743759077814667024874940266698570695,203884124158871390840699344928316831818728270380533,2.2115025388354512,0.22528341490382206,False,neither,0,False,0,,92192579740936743759077814667024874940266698570695,203884124158871390840699344928316831818728270380533
305,614880,616895,1743137387349479903250289511035208906392689711805104128,0000000000000000001232ff0000000000000000000000000000000000000000,333986233014914201358642289179769753262884267706122,0000000000000000000000e485cca75b9e9a48a6b532d21582ebfb2ebd87470a,616078,92192579740936743759077814667024874940266698570695,203884124158871390840699344928316831818728270380533,2.2115025388354512,0.23579919591379728,False,neither,0,False,0,,92192579740936743759077814667024874940266698570695,203884124158871390840699344928316831818728270380533
306,616896,618911,1734095076719313606895363312975193263350078457161711616,000000000000000000121ad40000000000000000000000000000000000000000,1045690477445534603577951139837690407985905924150249,0000000000000000000002cb7d8eb9fcb7689e568a78523327199ddfa3a193e9,618604,92192579740936743759077814667024874940266698570695,203884124158871390840699344928316831818728270380533,2.2115025388354512,0.23702875339563373,False,neither,0,False,0,,92192579740936743759077814667024874940266698570695,203884124158871390840699344928316831818728270380533
307,618912,620927,1740794600224838465872409004248364704712181251938713600,000000000000000000122cbc0000000000000000000000000000000000000000,357293562068480239240625086076885577586132404364073,0000000000000000000000f4785d6f53ad5adccb7e4cfe31f4b207cf3b5b6329,620586,92192579740936743759077814667024874940266698570695,203884124158871390840699344928316831818728270380533,2.2115025388354512,0.236116537959847,False,neither,0,False,0,,92192579740936743759077814667024874940266698570695,203884124158871390840699344928316831818728270380533
308,620928,622943,1628687194130096895725758951785196783123433634364653568,0000000000000000001101190000000000000000000000000000000000000000,72533045771218623914847476875574206556275334177943,000000000000000000000031a10e42c80137b3c3ad3e15c5dfb4ea213c83e497,622050,92192579740936743759077814667024874940266698570695,203884124158871390840699344928316831818728270380533,2.2115025388354512,0.252369144784626,True,unique-min,1,False,0,,72533045771218623914847476875574206556275334177943,92192579740936743759077814667024874940266698570695
309,622944,624959,1937788944419033539314165479165359776648584743473905664,000000000000000000143b410000000000000000000000000000000000000000,1105229259600862377955387866553276974848696970555040,0000000000000000000002f43a820df8c871b58980d4f9539a4a883c0e1eaea0,622957,72533045771218623914847476875574206556275334177943,92192579740936743759077814667024874940266698570695,1.2710424436294538,0.09591356235828409,False,neither,0,False,0,,72533045771218623914847476875574206556275334177943,92192579740936743759077814667024874940266698570695
310,624960,626975,1832085838499075985755083973639154607251969422303166464,0000000000000000001320bc0000000000000000000000000000000000000000,71572536930809161800420906224920957060243633178508,000000000000000000000030f8cf8e0a76db53525aff8d56dcfdf4c74fc7878c,625857,72533045771218623914847476875574206556275334177943,92192579740936743759077814667024874940266698570695,1.2710424436294538,0.1014473431605111,True,unique-min,1,False,0,,71572536930809161800420906224920957060243633178508,72533045771218623914847476875574206556275334177943
311,626976,628991,1689336589076054705025375464973257095873115523033071616,00000000000000000011a3330000000000000000000000000000000000000000,1795098823162123569995904244340719375249390449481569,0000000000000000000004cc41a72cb708256b4547f6c54613c3b2a55e485761,627173,71572536930809161800420906224920957060243633178508,72533045771218623914847476875574206556275334177943,1.013420075375252,0.08655860603525563,False,neither,0,False,0,,71572536930809161800420906224920957060243633178508,72533045771218623914847476875574206556275334177943
312,628992,631007,1674005436900453533413418811078063286996924790657253376,000000000000000000117a390000000000000000000000000000000000000000,1533781396040637684232808922733151289530579059780585,00000000000000000000041974b079e93a666bedc5576b22c66cbbf15a94abe9,630891,71572536930809161800420906224920957060243633178508,72533045771218623914847476875574206556275334177943,1.013420075375252,0.08735134131077034,False,neither,0,False,0,,71572536930809161800420906224920957060243633178508,72533045771218623914847476875574206556275334177943
313,631008,633023,1780912820169571750977100152906426673601736600243404800,0000000000000000001297f60000000000000000000000000000000000000000,2702714281732893231778581433916417823630073403621811,00000000000000000000073945abeb8754bb8771391d8b186c420eb8b6f141b3,631929,71572536930809161800420906224920957060243633178508,72533045771218623914847476875574206556275334177943,1.013420075375252,0.08210768018439757,False,neither,0,False,0,,71572536930809161800420906224920957060243633178508,72533045771218623914847476875574206556275334177943
314,633024,635039,1963213226902041926479236780515292236058519345991516160,000000000000000000147f350000000000000000000000000000000000000000,4978868375878682284061570966865856565534095860755,000000000000000000000003681c2df35533c9578fb6aace040b0dfe0d446413,634842,71572536930809161800420906224920957060243633178508,72533045771218623914847476875574206556275334177943,1.013420075375252,0.07448331045809167,True,unique-min,1,False,0,,26330064889328492014716682686921905976703673595126,71572536930809161800420906224920957060243633178508
315,635040,637055,1707948812427463753688699391317898960128433823967870976,00000000000000000011d4f20000000000000000000000000000000000000000,1546729169999757681002310424537399548256766454864424,00000000000000000000042250a6bd9ee6de048d095c49806b36db43ccbb1a28,635657,26330064889328492014716682686921905976703673595126,71572536930809161800420906224920957060243633178508,2.718281828459045,0.08448159183847861,False,neither,0,False,0,,26330064889328492014716682686921905976703673595126,71572536930809161800420906224920957060243633178508
316,637056,639071,1708005810991319658902509335026374895166200405337047040,00000000000000000011d5190000000000000000000000000000000000000000,448235905084288487843480637563544812794342992753330,000000000000000000000132b2092267bd8d9325414627c2d0dc3ff5b4e7b2b2,637882,26330064889328492014716682686921905976703673595126,71572536930809161800420906224920957060243633178508,2.718281828459045,0.08447877256855807,False,neither,0,False,0,,26330064889328492014716682686921905976703673595126,71572536930809161800420906224920957060243633178508
317,639072,641087,1554226608711362053849117616927967595838003183165112320,000000000000000000103a150000000000000000000000000000000000000000,1083249920519035441787620531005740224482445784813573,0000000000000000000002e5308e673f0b96a35ae3ec617f3492063920809005,639697,26330064889328492014716682686921905976703673595126,71572536930809161800420906224920957060243633178508,2.718281828459045,0.09283732091817999,False,neither,0,False,0,,26330064889328492014716682686921905976703673595126,71572536930809161800420906224920957060243633178508
318,641088,643103,1600203988720154928752887338080389143353359165034594304,00000000000000000010b4f80000000000000000000000000000000000000000,364606352829723479011466026410085553305983398379896,0000000000000000000000f9794a504f24ef5a8376bd71999f5c1be0cb030178,641181,26330064889328492014716682686921905976703673595126,71572536930809161800420906224920957060243633178508,2.718281828459045,0.09016990050619407,False,neither,0,False,0,,26330064889328492014716682686921905976703673595126,71572536930809161800420906224920957060243633178508
319,643104,645119,1590739304116800001454600275103718494518067345886281728,000000000000000000109bac0000000000000000000000000000000000000000,292980804202503848906105700161003332391792611444191,0000000000000000000000c87731a1d688f3671d44ef862fe0ee2e74e1a845df,643346,26330064889328492014716682686921905976703673595126,71572536930809161800420906224920957060243633178508,2.718281828459045,0.09070639926925245,False,neither,0,False,0,,26330064889328492014716682686921905976703673595126,71572536930809161800420906224920957060243633178508
320,645120,647135,1535456543183121267670627692621392373016562041515671552,0000000000000000001007ea0000000000000000000000000000000000000000,1951034981101279950418610560983926542904448916594244,000000000000000000000536f3ca54e10ec0d94363c67dcc46c280d31cbf1e44,646469,26330064889328492014716682686921905976703673595126,71572536930809161800420906224920957060243633178508,2.718281828459045,0.0939722033118478,False,neither,0,False,0,,26330064889328492014716682686921905976703673595126,71572536930809161800420906224920957060243633178508
321,647136,649151,1554222224206450061140363005873469446988944215367483392,000000000000000000103a120000000000000000000000000000000000000000,194175773342999333511070207666232200265488706917506,000000000000000000000084dc46d0da1c920a9b1ce16d91159655cfe1055482,649141,26330064889328492014716682686921905976703673595126,71572536930809161800420906224920957060243633178508,2.718281828459045,0.09283758281489157,False,neither,0,False,0,,26330064889328492014716682686921905976703673595126,71572536930809161800420906224920957060243633178508
322,649152,651167,1395807138732878832030429199485686097922398375169228800,0000000000000000000e92aa0000000000000000000000000000000000000000,589902433050966392895059750543558421448829465029441,000000000000000000000193a0abf401558a9c125d7f94773d74b6a1329c6b41,649763,26330064889328492014716682686921905976703673595126,71572536930809161800420906224920957060243633178508,2.718281828459045,0.10337404821091453,False,neither,0,False,0,,26330064889328492014716682686921905976703673595126,71572536930809161800420906224920957060243633178508
323,651168,653183,1397005570075490172423356221048513449998516239854469120,0000000000000000000e95de0000000000000000000000000000000000000000,566196069422705677098141645082020479587193444173348,0000000000000000000001836835d7c46f837f06a149be9e8b0a24de40210624,652660,26330064889328492014716682686921905976703673595126,71572536930809161800420906224920957060243633178508,2.718281828459045,0.10328536803522856,False,neither,0,False,0,,26330064889328492014716682686921905976703673595126,71572536930809161800420906224920957060243633178508
324,653184,655199,1348156339349342073285316259199804406349536350538039296,0000000000000000000e134e0000000000000000000000000000000000000000,1184525099253652055300382013405587292964057354837288,00000000000000000000032a7c267b31b189318ed0f54b9e3f39af186d039d28,654882,26330064889328492014716682686921905976703673595126,71572536930809161800420906224920957060243633178508,2.718281828459045,0.10702782032100949,False,neither,0,False,0,,26330064889328492014716682686921905976703673595126,71572536930809161800420906224920957060243633178508
325,655200,657215,1605902383604108119230963505243149930846997646019657728,00000000000000000010c4330000000000000000000000000000000000000000,562586879243755047116091757034897494840426089170056,000000000000000000000180f004286a6fad08cee223fb6ff675af828d304488,656657,26330064889328492014716682686921905976703673595126,71572536930809161800420906224920957060243633178508,2.718281828459045,0.08984994102112381,False,neither,0,False,0,,26330064889328492014716682686921905976703673595126,71572536930809161800420906224920957060243633178508
326,657216,659231,1532070243889425565609149754863988745260019245813596160,0000000000000000000ffedd0000000000000000000000000000000000000000,44698914026980559940220631875370347384839986973561,00000000000000000000001e9590a06c8452a3ce553834b2bab3daebf62f8b79,658771,26330064889328492014716682686921905976703673595126,71572536930809161800420906224920957060243633178508,2.718281828459045,0.09417990789130237,True,new-second,1,False,0,,26330064889328492014716682686921905976703673595126,44698914026980559940220631875370347384839986973561
327,659232,661247,1407282849589201081744164532792174352192736757496676352,0000000000000000000eb1560000000000000000000000000000000000000000,138780975866259753603783007386308043648435645090527,00000000000000000000005ef5322ffefb3cd51f5fbcd818f04d50ac2e308adf,660632,26330064889328492014716682686921905976703673595126,44698914026980559940220631875370347384839986973561,1.697637822575094,0.06403333253488994,False,neither,0,False,0,,26330064889328492014716682686921905976703673595126,44698914026980559940220631875370347384839986973561
328,661248,663263,1443989924712404039437768281050676516514415159246061568,0000000000000000000f13720000000000000000000000000000000000000000,458123515515347141433448220616232233184804436500866,00000000000000000000013975f8eb9fd7c6285f7c6aca7598aa65fc1b14e182,661535,26330064889328492014716682686921905976703673595126,44698914026980559940220631875370347384839986973561,1.697637822575094,0.06240556747398386,False,neither,0,False,0,,26330064889328492014716682686921905976703673595126,44698914026980559940220631875370347384839986973561
329,663264,665279,1449469094350757594478113895488529861555105250349678592,0000000000000000000f22170000000000000000000000000000000000000000,74064603698834479291972597564294013953758662861346,000000000000000000000032ad53b18dadb72800d883f8e1188ceaa566b9a222,664602,26330064889328492014716682686921905976703673595126,44698914026980559940220631875370347384839986973561,1.697637822575094,0.06216966683153461,False,neither,0,False,0,,26330064889328492014716682686921905976703673595126,44698914026980559940220631875370347384839986973561
330,665280,667295,1308244191135472445492091830103155433365752488721907712,0000000000000000000da8a10000000000000000000000000000000000000000,379555438196967236236118749806500997907284933169132,000000000000000000000103b3ce7c49083c6a2532e0725dfa3f332f4d474fec,665401,26330064889328492014716682686921905976703673595126,44698914026980559940220631875370347384839986973561,1.697637822575094,0.06888087964692621,False,neither,0,False,0,,26330064889328492014716682686921905976703673595126,44698914026980559940220631875370347384839986973561
331,667296,669311,1294666840924668357381979598007221164113148875397660672,0000000000000000000d84570000000000000000000000000000000000000000,768546001907017535596205609848577843732699692247374,00000000000000000000020ddc4aa1abe2a2384ba6b789aa4f3e79ae0deda94e,668228,26330064889328492014716682686921905976703673595126,44698914026980559940220631875370347384839986973561,1.697637822575094,0.06960324295788164,False,neither,0,False,0,,26330064889328492014716682686921905976703673595126,44698914026980559940220631875370347384839986973561
332,669312,671327,1257769770588612382309009370720465882998915202417688576,0000000000000000000d21b90000000000000000000000000000000000000000,443291748960375760669430957263121596164690629113084,00000000000000000000012f50018190a2248d79b29d2d36d9d8cfbc463834fc,671221,26330064889328492014716682686921905976703673595126,44698914026980559940220631875370347384839986973561,1.697637822575094,0.07164507589987763,False,neither,0,False,0,,26330064889328492014716682686921905976703673595126,44698914026980559940220631875370347384839986973561
333,671328,673343,1240994654795328278613867476210548386499304408689410048,0000000000000000000cf4e30000000000000000000000000000000000000000,1054309047430813931568828047264497481230453067177308,0000000000000000000002d16334c5555f543f29903cd20e42a959ec9f4f5d5c,672342,26330064889328492014716682686921905976703673595126,44698914026980559940220631875370347384839986973561,1.697637822575094,0.07261353651297937,False,neither,0,False,0,,26330064889328492014716682686921905976703673595126,44698914026980559940220631875370347384839986973561
334,673344,675359,1256955714176619069383569918268642913356966847991250944,0000000000000000000d1f8c0000000000000000000000000000000000000000,1009006288235763086245687251152030664989840162743194,0000000000000000000002b263deca5542b7068238d3e45658012e7101dce39a,674143,26330064889328492014716682686921905976703673595126,44698914026980559940220631875370347384839986973561,1.697637822575094,0.07169147620878769,False,neither,0,False,0,,26330064889328492014716682686921905976703673595126,44698914026980559940220631875370347384839986973561
335,675360,677375,1232968087803106959787092839109270560155354027163385856,0000000000000000000cdf6f0000000000000000000000000000000000000000,38889447702414648438024426259921185408251326535501,00000000000000000000001a9bf725a1f7d019440a04f39706c083751b62974d,675600,26330064889328492014716682686921905976703673595126,44698914026980559940220631875370347384839986973561,1.697637822575094,0.07308624738127285,True,new-second,1,False,0,,26330064889328492014716682686921905976703673595126,38889447702414648438024426259921185408251326535501
336,677376,679391,1165190949371886336955396954992052935118810155482873856,0000000000000000000c2a480000000000000000000000000000000000000000,273392035315047381967625974363632330612145474760901,0000000000000000000000bb0ffadb199d2278f071cc6d419552c70d4333f0c5,679075,26330064889328492014716682686921905976703673595126,38889447702414648438024426259921185408251326535501,1.4769977919111184,0.0672860758233071,False,neither,0,False,0,,26330064889328492014716682686921905976703673595126,38889447702414648438024426259921185408251326535501
337,679392,681407,1143226041264440196997713775641159917616401145294487552,0000000000000000000bef930000000000000000000000000000000000000000,54165085145169464274832491533285285123347010728539,0000000000000000000000250fae6b97e3241d86c65fb5be489875c49032b25b,679468,26330064889328492014716682686921905976703673595126,38889447702414648438024426259921185408251326535501,1.4769977919111184,0.06857884944726599,False,neither,0,False,0,,26330064889328492014716682686921905976703673595126,38889447702414648438024426259921185408251326535501
338,681408,683423,1308153578033957929511163201643527023818533820904243200,0000000000000000000da8630000000000000000000000000000000000000000,1870042702662749275234441364715449117010821303999938,0000000000000000000004ff88fef57542de6020edab5058be2094ef49f79dc2,681903,26330064889328492014716682686921905976703673595126,38889447702414648438024426259921185408251326535501,1.4769977919111184,0.05993266225353912,False,neither,0,False,0,,26330064889328492014716682686921905976703673595126,38889447702414648438024426259921185408251326535501
339,683424,685439,1076379879376199359324913638762382564863378102643851264,0000000000000000000b3ce90000000000000000000000000000000000000000,616703179177872350621849857537787177441147561958378,0000000000000000000001a5f726f94055b464f48ba2d3892498e78ad003dbea,684822,26330064889328492014716682686921905976703673595126,38889447702414648438024426259921185408251326535501,1.4769977919111184,0.0728377853119144,False,neither,0,False,0,,26330064889328492014716682686921905976703673595126,38889447702414648438024426259921185408251326535501
340,685440,687455,1280876111474813957445809627925710317539675495922139136,0000000000000000000d5f7b0000000000000000000000000000000000000000,806289224088874500474014087693566430261838004691652,000000000000000000000227af7b3fa164c152741f379f9950fbd6ad53e522c4,687341,26330064889328492014716682686921905976703673595126,38889447702414648438024426259921185408251326535501,1.4769977919111184,0.06120898490158901,False,neither,0,False,0,,26330064889328492014716682686921905976703673595126,38889447702414648438024426259921185408251326535501
341,687456,689471,1352521844740049480301990665795127943729248621043908608,0000000000000000000e1ef90000000000000000000000000000000000000000,513629341678310747529156896680048957750756924606669,00000000000000000000015f70803f4a8fde073d699b6f8bd458a8f10d9a48cd,689015,26330064889328492014716682686921905976703673595126,38889447702414648438024426259921185408251326535501,1.4769977919111184,0.0579666249923944,False,neither,0,False,0,,26330064889328492014716682686921905976703673595126,38889447702414648438024426259921185408251326535501
342,689472,691487,1877009475827353279654828838027187714710153476809162752,0000000000000000001398ce0000000000000000000000000000000000000000,755566753099462011765548591693440687536801413090121,000000000000000000000204fad0fc6be3a37e214c77b3631d016c45ec3c4b49,691430,26330064889328492014716682686921905976703673595126,38889447702414648438024426259921185408251326535501,1.4769977919111184,0.041769169297086295,False,neither,0,False,0,,26330064889328492014716682686921905976703673595126,38889447702414648438024426259921185408251326535501
343,691488,693503,1971793703014811657512010614168169533666919325951328256,0000000000000000001496240000000000000000000000000000000000000000,99062921117398238117353379553829896032154964705974,000000000000000000000043c81703f5a38817c2d3d766a06af1cb36d973c2b6,691703,26330064889328492014716682686921905976703673595126,38889447702414648438024426259921185408251326535501,1.4769977919111184,0.039761323128375464,False,neither,0,False,0,,26330064889328492014716682686921905976703673595126,38889447702414648438024426259921185408251326535501
344,693504,695519,1859734526474102007161661283304481249417820354151186432,000000000000000000136aa20000000000000000000000000000000000000000,598630511699313152275244919721439367045074437617044,00000000000000000000019999808926fea81b376f1060e7411bc3a5d2853594,695519,26330064889328492014716682686921905976703673595126,38889447702414648438024426259921185408251326535501,1.4769977919111184,0.04215716031078359,False,neither,0,False,0,,26330064889328492014716682686921905976703673595126,38889447702414648438024426259921185408251326535501
345,695520,697535,1733053026051896673114684085689466553557063777258569728,00000000000000000012180b0000000000000000000000000000000000000000,88218590520265816733509724553400945376765774312094,00000000000000000000003c5c9269d93153a4eb8fabef76318d849a2ec2b29e,696345,26330064889328492014716682686921905976703673595126,38889447702414648438024426259921185408251326535501,1.4769977919111184,0.045238734989358716,False,neither,0,False,0,,26330064889328492014716682686921905976703673595126,38889447702414648438024426259921185408251326535501
346,697536,699551,1530484514612921535942898756820491578183692559004467200,0000000000000000000ffaa00000000000000000000000000000000000000000,1644272447893789288853652491861579197340097176292920,0000000000000000000004650e8e98e7b560b462adf7570cc74fa7111a6e4e38,697901,26330064889328492014716682686921905976703673595126,38889447702414648438024426259921185408251326535501,1.4769977919111184,0.051226344219429454,False,neither,0,False,0,,26330064889328492014716682686921905976703673595126,38889447702414648438024426259921185408251326535501
347,699552,701567,1463986190114365453164631096931900700789347628299059200,0000000000000000000f48e40000000000000000000000000000000000000000,1951159827597189334640955312473560974761188747271991,00000000000000000000053709a8a45db61302d4dc0bb250f01390872c7e5f37,701548,26330064889328492014716682686921905976703673595126,38889447702414648438024426259921185408251326535501,1.4769977919111184,0.053553187248264474,False,neither,0,False,0,,26330064889328492014716682686921905976703673595126,38889447702414648438024426259921185408251326535501
348,701568,703583,1419099090327021431837841324664685500406654972106637312,0000000000000000000ed0eb0000000000000000000000000000000000000000,957683084043904660061759383257006981127519679337342,00000000000000000000028f45fab8293096266da37c27bc423180d34bd0d37e,702904,26330064889328492014716682686921905976703673595126,38889447702414648438024426259921185408251326535501,1.4769977919111184,0.05524711213083854,False,neither,0,False,0,,26330064889328492014716682686921905976703673595126,38889447702414648438024426259921185408251326535501
349,703584,705599,1355224161267474319797749279050820351032592440315871232,0000000000000000000e26320000000000000000000000000000000000000000,327278727361516511734133665328570184723279710583259,0000000000000000000000dfeee5b2a66cfa09a0daf3ecf641c45ca54f8cf9db,704102,26330064889328492014716682686921905976703673595126,38889447702414648438024426259921185408251326535501,1.4769977919111184,0.05785103956141338,False,neither,0,False,0,,26330064889328492014716682686921905976703673595126,38889447702414648438024426259921185408251326535501
350,705600,707615,1342441867947378242875139851503883739742681654295003136,0000000000000000000e04080000000000000000000000000000000000000000,90838299715438105208833433575233017053963937940402,00000000000000000000003e27723c907f8d3cf2a8ec8ce1c96381da02ec83b2,707157,26330064889328492014716682686921905976703673595126,38889447702414648438024426259921185408251326535501,1.4769977919111184,0.058401878278681,False,neither,0,False,0,,26330064889328492014716682686921905976703673595126,38889447702414648438024426259921185408251326535501
351,707616,709631,1244706868954148772026104835685647745369230477348569088,0000000000000000000cfecf0000000000000000000000000000000000000000,334620405277953812631009511132111222944807773621300,0000000000000000000000e4f4e1ebe93f66e36622b3c72c76b090afbdb94c34,708610,26330064889328492014716682686921905976703673595126,38889447702414648438024426259921185408251326535501,1.4769977919111184,0.06298762264720498,False,neither,0,False,0,,26330064889328492014716682686921905976703673595126,38889447702414648438024426259921185408251326535501
352,709632,711647,1188998811044006745492934980917001185509005296607952896,0000000000000000000c69ea0000000000000000000000000000000000000000,1019468968425914811229649113799727720643171644391163,0000000000000000000002b98c8998a238399e891b0841ac8ac65e0d2b08befb,710330,26330064889328492014716682686921905976703673595126,38889447702414648438024426259921185408251326535501,1.4769977919111184,0.06593877625430711,False,neither,0,False,0,,26330064889328492014716682686921905976703673595126,38889447702414648438024426259921185408251326535501
353,711648,713663,1207017664730659447571468211219560238858343288930304000,0000000000000000000c9a130000000000000000000000000000000000000000,270015947363937769230672944588365343760118936554277,0000000000000000000000b8c09dd61797ab1f7da1ab0159b2401354f23ccb25,712358,26330064889328492014716682686921905976703673595126,38889447702414648438024426259921185408251326535501,1.4769977919111184,0.06495441521608782,False,neither,0,False,0,,26330064889328492014716682686921905976703673595126,38889447702414648438024426259921185408251326535501
354,713664,715679,1114247386799443053935571112778061457902663314832359424,0000000000000000000ba21f0000000000000000000000000000000000000000,872311656428286117283532654766163384915222081775577,000000000000000000000254dc1f818fb4cb074227c1beac6ed65dd8ce3f27d9,714025,26330064889328492014716682686921905976703673595126,38889447702414648438024426259921185408251326535501,1.4769977919111184,0.07036240559941255,False,neither,0,False,0,,26330064889328492014716682686921905976703673595126,38889447702414648438024426259921185408251326535501
355,715680,717695,1110710552837102268873518195482888052995095958078357504,0000000000000000000b98ab0000000000000000000000000000000000000000,504245407621956511287665061371555433941674746235523,00000000000000000000015904ca174b3a91c0a21bc56bc9c2256e8ebd28ca83,716689,26330064889328492014716682686921905976703673595126,38889447702414648438024426259921185408251326535501,1.4769977919111184,0.07058646050296985,False,neither,0,False,0,,26330064889328492014716682686921905976703673595126,38889447702414648438024426259921185408251326535501
356,717696,719711,1106174051754827146215413957762136710502083943464960000,0000000000000000000b8c8b0000000000000000000000000000000000000000,305250381215650381072072881353337894204495294414261,0000000000000000000000d0dc5c7e6b5de835f33170326b1df3c963d8d8bdb5,718396,26330064889328492014716682686921905976703673595126,38889447702414648438024426259921185408251326535501,1.4769977919111184,0.07087594076510194,False,neither,0,False,0,,26330064889328492014716682686921905976703673595126,38889447702414648438024426259921185408251326535501
357,719712,721727,1011873581609325297224157601300783981224824207994519552,0000000000000000000a90800000000000000000000000000000000000000000,400739581666671102701438448960829045816168821131837,000000000000000000000112327855102583b9a7f1ab766a42591fc3ea618a3d,721244,26330064889328492014716682686921905976703673595126,38889447702414648438024426259921185408251326535501,1.4769977919111184,0.07748114783605237,False,neither,0,False,0,,26330064889328492014716682686921905976703673595126,38889447702414648438024426259921185408251326535501
358,721728,723743,1010078857598682948440603476326208385676686722831745024,0000000000000000000a8bb40000000000000000000000000000000000000000,154837650696301172860210573922879756540433339274187,000000000000000000000069f1b863743ddcdc52ad1db175bb0a7852450453cb,722123,26330064889328492014716682686921905976703673595126,38889447702414648438024426259921185408251326535501,1.4769977919111184,0.07761881755891349,False,neither,0,False,0,,26330064889328492014716682686921905976703673595126,38889447702414648438024426259921185408251326535501
359,723744,725759,963971403944167623177113627223675088972581362965938176,0000000000000000000a10780000000000000000000000000000000000000000,61624715662578228434518867532241514852105128443843,00000000000000000000002a2a53d24ef9e2f8eb8dd628e603bfcac472aeffc3,724691,26330064889328492014716682686921905976703673595126,38889447702414648438024426259921185408251326535501,1.4769977919111184,0.08133138207967926,False,neither,0,False,0,,26330064889328492014716682686921905976703673595126,38889447702414648438024426259921185408251326535501
360,725760,727775,978555728783092703397868198169350877225727913812295680,0000000000000000000a37730000000000000000000000000000000000000000,708721384690411946492580223575589402962532901407647,0000000000000000000001e4ed46041a523abe146cca8ac3410620e4f0d54b9f,727487,26330064889328492014716682686921905976703673595126,38889447702414648438024426259921185408251326535501,1.4769977919111184,0.08011922495775033,False,neither,0,False,0,,26330064889328492014716682686921905976703673595126,38889447702414648438024426259921185408251326535501
361,727776,729791,982035564181577583246111171756048347095528689197121536,0000000000000000000a40c00000000000000000000000000000000000000000,1362768548669737675642442152463241485725633263397320,0000000000000000000003a471af2ef2e917c2bb693463e5cd87bd84b57b69c8,729542,26330064889328492014716682686921905976703673595126,38889447702414648438024426259921185408251326535501,1.4769977919111184,0.07983532310604957,False,neither,0,False,0,,26330064889328492014716682686921905976703673595126,38889447702414648438024426259921185408251326535501
362,729792,731807,943064623022149056932209915691668660376403247938666496,00000000000000000009d8970000000000000000000000000000000000000000,74211325128333409349721422837383173178985931818940,000000000000000000000032c706e8f67ae02adf7693354a336b027b20c347bc,731692,26330064889328492014716682686921905976703673595126,38889447702414648438024426259921185408251326535501,1.4769977919111184,0.08313441587578944,False,neither,0,False,0,,26330064889328492014716682686921905976703673595126,38889447702414648438024426259921185408251326535501
363,731808,733823,955133703543227653230735945040239725552721938878562304,00000000000000000009f8d90000000000000000000000000000000000000000,41618121775818842511355901180823397261800097492682,00000000000000000000001c79ed1fce45cf47b145fc4564a979731765a0aeca,733234,26330064889328492014716682686921905976703673595126,38889447702414648438024426259921185408251326535501,1.4769977919111184,0.08208392843559587,False,neither,0,False,0,,26330064889328492014716682686921905976703673595126,38889447702414648438024426259921185408251326535501
364,733824,735839,904852201212495269232856372055468724544479235670016000,0000000000000000000972750000000000000000000000000000000000000000,203083587889880429652432533306692172202224635274240,00000000000000000000008af49708ed309e0b670d140ac9c85ec48c177ae400,734335,26330064889328492014716682686921905976703673595126,38889447702414648438024426259921185408251326535501,1.4769977919111184,0.08664522942311573,False,neither,0,False,0,,26330064889328492014716682686921905976703673595126,38889447702414648438024426259921185408251326535501
365,735840,737855,862674725460762741916416231468109512880228678412271616,0000000000000000000901ba0000000000000000000000000000000000000000,635212029146540390167955112092250935631826897232648,0000000000000000000001b2a13482c64d19573dee05094cbeee05b59bea6308,736596,26330064889328492014716682686921905976703673595126,38889447702414648438024426259921185408251326535501,1.4769977919111184,0.09088144610495356,False,neither,0,False,0,,26330064889328492014716682686921905976703673595126,38889447702414648438024426259921185408251326535501
366,737856,739871,901734818220068453308327912307284892863553131555848192,000000000000000000096a200000000000000000000000000000000000000000,58349721990426117239112150547044006376584396315227,000000000000000000000027ecac06b57e047cf42357d584ffe5bae94ae29a5b,738031,26330064889328492014716682686921905976703673595126,38889447702414648438024426259921185408251326535501,1.4769977919111184,0.08694477021839266,False,neither,0,False,0,,26330064889328492014716682686921905976703673595126,38889447702414648438024426259921185408251326535501
367,739872,741887,890244492347372894565410542152469475763018189902970880,000000000000000000094b6a0000000000000000000000000000000000000000,174621902067679683581378910074819872096628381563258,0000000000000000000000777b2ce70e001fd788734fea4b7c84b1184dabb97a,740699,26330064889328492014716682686921905976703673595126,38889447702414648438024426259921185408251326535501,1.4769977919111184,0.08806696052827234,False,neither,0,False,0,,26330064889328492014716682686921905976703673595126,38889447702414648438024426259921185408251326535501
368,741888,743903,911713951399763858433822672345071673321763838959288320,0000000000000000000984cc0000000000000000000000000000000000000000,1442666950038720453045673653632059615314050489779,000000000000000000000000fcb36c64b8a99acde151e61c933c6f7a57271db3,742035,26330064889328492014716682686921905976703673595126,38889447702414648438024426259921185408251326535501,1.4769977919111184,0.08599311927573101,True,unique-min,1,False,0,,9686289557493979960134201314161014468585162103771,26330064889328492014716682686921905976703673595126
369,743904,745919,924766622522766152396299781586060796970310972500606976,00000000000000000009a7af0000000000000000000000000000000000000000,765257460357118573713452323297985202214919632657396,00000000000000000000020b9c435410024003a396ae353de19ca13e3f611bf4,745134,9686289557493979960134201314161014468585162103771,26330064889328492014716682686921905976703673595126,2.718281828459045,0.057399790957074114,False,neither,0,False,0,,9686289557493979960134201314161014468585162103771,26330064889328492014716682686921905976703673595126
370,745920,747935,973529624652311728262165726029639579921131161797001216,0000000000000000000a2a040000000000000000000000000000000000000000,545743000611075501023984526550674658445577010942474,000000000000000000000175699a847bcf022f8fa0bcb07166329308d0b2120a,745929,9686289557493979960134201314161014468585162103771,26330064889328492014716682686921905976703673595126,2.718281828459045,0.05452470009409713,False,neither,0,False,0,,9686289557493979960134201314161014468585162103771,26330064889328492014716682686921905976703673595126
371,747936,749951,956871428990014096800480126306339386063092842672160768,00000000000000000009fd7e0000000000000000000000000000000000000000,285202270816893128085457094603432209434459375069414,0000000000000000000000c324b021bb5d741b28a78422282d18aa585c66e8e6,748425,9686289557493979960134201314161014468585162103771,26330064889328492014716682686921905976703673595126,2.718281828459045,0.055473921792099194,False,neither,0,False,0,,9686289557493979960134201314161014468585162103771,26330064889328492014716682686921905976703673595126
372,749952,751967,950899733299880027476699870079860653644778702301560832,00000000000000000009ed880000000000000000000000000000000000000000,66646480749189004884361844910688643953903551508229,00000000000000000000002d99f38e592520813d7e7b7b205c5db2880669ef05,751055,9686289557493979960134201314161014468585162103771,26330064889328492014716682686921905976703673595126,2.718281828459045,0.05582230066747347,False,neither,0,False,0,,9686289557493979960134201314161014468585162103771,26330064889328492014716682686921905976703673595126
373,751968,753983,870306687010904716955275873664553942808871958151692288,0000000000000000000916200000000000000000000000000000000000000000,231362657567014190126481946340698560298326866820099,00000000000000000000009e4e0460432431268c28b94bc650b914a2824c7c03,751981,9686289557493979960134201314161014468585162103771,26330064889328492014716682686921905976703673595126,2.718281828459045,0.06099161549498831,False,neither,0,False,0,,9686289557493979960134201314161014468585162103771,26330064889328492014716682686921905976703673595126
374,753984,755999,841292956506611632223096322365470292302662385308532736,00000000000000000008c8940000000000000000000000000000000000000000,211968016049320284091226360428234263275141382265098,00000000000000000000009108ce927075bd263aa1a2448b6f3a762bcd2fd90a,754734,9686289557493979960134201314161014468585162103771,26330064889328492014716682686921905976703673595126,2.718281828459045,0.06309503771112232,False,neither,0,False,0,,9686289557493979960134201314161014468585162103771,26330064889328492014716682686921905976703673595126
375,756000,758015,859664032087861081904916640712713969859737457373741056,00000000000000000008f9ae0000000000000000000000000000000000000000,533412054325019065460326457635714671597350485263,0000000000000000000000005d6f06154c8685146aa7bc3dc9843876c9cefd0f,756951,9686289557493979960134201314161014468585162103771,26330064889328492014716682686921905976703673595126,2.718281828459045,0.06174669270269191,True,unique-min,1,False,0,,3563386789435662677982618808482317743924885311159,9686289557493979960134201314161014468585162103771
376,758016,760031,757060771140682373435345150716700036747812369126653952,00000000000000000007e7720000000000000000000000000000000000000000,927312972471145446821698350021462071620937383967662,00000000000000000000027a7e47d1142320321f56ff1a2b9e4fc87e3ad87bae,759017,3563386789435662677982618808482317743924885311159,9686289557493979960134201314161014468585162103771,2.718281828459045,0.025793913107510776,False,neither,0,False,0,,3563386789435662677982618808482317743924885311159,9686289557493979960134201314161014468585162103771
377,760032,762047,731886405437657570669286679473162061734238931073892352,00000000000000000007a4290000000000000000000000000000000000000000,90576667299312951926929494263793297504428148977813,00000000000000000000003df99e3bb8a167c6f4c37d21ad3453f188d010f095,761210,3563386789435662677982618808482317743924885311159,9686289557493979960134201314161014468585162103771,2.718281828459045,0.02668113467175369,False,neither,0,False,0,,3563386789435662677982618808482317743924885311159,9686289557493979960134201314161014468585162103771
378,762048,764063,733349368576625804490408567990711061036914519549411328,00000000000000000007a8120000000000000000000000000000000000000000,762219549801045343585865274850992287129504857552648,0000000000000000000002098822b5299710bacd35b2b1e4e23dc50dba517708,763576,3563386789435662677982618808482317743924885311159,9686289557493979960134201314161014468585162103771,2.718281828459045,0.02662790831307231,False,neither,0,False,0,,3563386789435662677982618808482317743924885311159,9686289557493979960134201314161014468585162103771
379,764064,766079,729612308889970685728561745873455525355654300037021696,000000000000000000079e150000000000000000000000000000000000000000,409266838317203998299142381986355298765702186621045,000000000000000000000118081fbebbedf664f83e34414d8bd9d4455ed35875,765419,3563386789435662677982618808482317743924885311159,9686289557493979960134201314161014468585162103771,2.718281828459045,0.02676429592808956,False,neither,0,False,0,,3563386789435662677982618808482317743924885311159,9686289557493979960134201314161014468585162103771
380,766080,768095,787270009984312136754615316208945606764100494789967872,0000000000000000000838300000000000000000000000000000000000000000,743563542980025653825713025236368001530680342318488,0000000000000000000001fcc44e6dd21036588868cfce5b9c56a4a046518d98,767581,3563386789435662677982618808482317743924885311159,9686289557493979960134201314161014468585162103771,2.718281828459045,0.024804145338010508,False,neither,0,False,0,,3563386789435662677982618808482317743924885311159,9686289557493979960134201314161014468585162103771
381,768096,770111,762342638057996256581733267702136683580848909336969216,00000000000000000007f5900000000000000000000000000000000000000000,4852171612067613144709721042812680040569352449786,00000000000000000000000351eae66e03ae45aad1be8f94d1ca5d6fe98b6efa,768824,3563386789435662677982618808482317743924885311159,9686289557493979960134201314161014468585162103771,2.718281828459045,0.02561520079429465,True,new-second,1,False,0,,3563386789435662677982618808482317743924885311159,4852171612067613144709721042812680040569352449786
382,770112,772127,790751306884434347505776493480475792916920926107336704,00000000000000000008417e0000000000000000000000000000000000000000,928261047675574470148338238169003752417503018864861,00000000000000000000027b2458faad8a2acfc4662bed0fc70935f57205d0dd,771328,3563386789435662677982618808482317743924885311159,4852171612067613144709721042812680040569352449786,1.3616741316022156,0.012370485998270897,False,neither,0,False,0,,3563386789435662677982618808482317743924885311159,4852171612067613144709721042812680040569352449786
383,772128,774143,717191006474295341826748628480199835971598529354268672,000000000000000000077ce20000000000000000000000000000000000000000,134187254898747312310945142893605136423190217138070,00000000000000000000005bd08c9d7691c94c85885985a268b9612491789f96,773095,3563386789435662677982618808482317743924885311159,4852171612067613144709721042812680040569352449786,1.3616741316022156,0.013639292575650698,False,neither,0,False,0,,3563386789435662677982618808482317743924885311159,4852171612067613144709721042812680040569352449786
384,774144,776159,685105199528332699160504931662746558558072186305773568,0000000000000000000727200000000000000000000000000000000000000000,83213369632994181112195288877820551368890415725119,000000000000000000000038efd88be72dca654e1bfef2b7186efbcd53de3a3f,774243,3563386789435662677982618808482317743924885311159,4852171612067613144709721042812680040569352449786,1.3616741316022156,0.014278067042350294,False,neither,0,False,0,,3563386789435662677982618808482317743924885311159,4852171612067613144709721042812680040569352449786
385,776160,778175,688509036841676372057001313638142781710850853198364672,0000000000000000000730390000000000000000000000000000000000000000,74664862232474298019989443860939023724461683543295,00000000000000000000003316783795fea92381b0fea5943c557f1d2f6e8cff,777625,3563386789435662677982618808482317743924885311159,4852171612067613144709721042812680040569352449786,1.3616741316022156,0.014207479417844865,False,neither,0,False,0,,3563386789435662677982618808482317743924885311159,4852171612067613144709721042812680040569352449786
386,778176,780191,626181838016062686207286970262124176054603953970610176,0000000000000000000689a30000000000000000000000000000000000000000,81075132189193668020920355055436740479378012898237,000000000000000000000037794ea9d56b1ba4a618b528d756f499eb1fa603bd,779466,3563386789435662677982618808482317743924885311159,4852171612067613144709721042812680040569352449786,1.3616741316022156,0.015621625183062851,False,neither,0,False,0,,3563386789435662677982618808482317743924885311159,4852171612067613144709721042812680040569352449786
387,780192,782207,619023402996415923713925321951479821824329196375113728,0000000000000000000676810000000000000000000000000000000000000000,500793073724750222509632969414622145153905115292116,000000000000000000000156a81215bfeede0e57f120b184a54f29544ce061d4,780357,3563386789435662677982618808482317743924885311159,4852171612067613144709721042812680040569352449786,1.3616741316022156,0.01580227487778026,False,neither,0,False,0,,3563386789435662677982618808482317743924885311159,4852171612067613144709721042812680040569352449786
388,782208,784223,575524729764536260159429050275345090310309676098519040,00000000000000000006023e0000000000000000000000000000000000000000,612200778043205671500393702143643170629649215890443,0000000000000000000001a2e28052fcfe51e6eba224128b58fe16b27f35a40b,782874,3563386789435662677982618808482317743924885311159,4852171612067613144709721042812680040569352449786,1.3616741316022156,0.016996624930314282,False,neither,0,False,0,,3563386789435662677982618808482317743924885311159,4852171612067613144709721042812680040569352449786
389,784224,786239,562973353703138465897895804931977651737504527419441152,00000000000000000005e0b20000000000000000000000000000000000000000,243292076020119788024814859696813061887594121639792,0000000000000000000000a6779a0013b17e1513ce0828bc04c757232633b770,785698,3563386789435662677982618808482317743924885311159,4852171612067613144709721042812680040569352449786,1.3616741316022156,0.01737556121543622,False,neither,0,False,0,,3563386789435662677982618808482317743924885311159,4852171612067613144709721042812680040569352449786
390,786240,788255,553442901526103647968289576137834770166328191306694656,00000000000000000005c7390000000000000000000000000000000000000000,107060614261458229151424733737824283466371650640341,00000000000000000000004940fbfab5c53bb1280fb61634fdb97596758159d5,786930,3563386789435662677982618808482317743924885311159,4852171612067613144709721042812680040569352449786,1.3616741316022156,0.017674773572765628,False,neither,0,False,0,,3563386789435662677982618808482317743924885311159,4852171612067613144709721042812680040569352449786
391,788256,790271,561592234655860762640193322765060764283929671166328832,00000000000000000005dd010000000000000000000000000000000000000000,100515511149857891527272549306098363454538920264009,000000000000000000000044c68767c0ae776f2b57934fc08df313acf0e08149,789375,3563386789435662677982618808482317743924885311159,4852171612067613144709721042812680040569352449786,1.3616741316022156,0.017418292786620573,False,neither,0,False,0,,3563386789435662677982618808482317743924885311159,4852171612067613144709721042812680040569352449786
392,790272,792287,544090752548823200194704196893283275123549878964191232,00000000000000000005ae3a0000000000000000000000000000000000000000,368012536412240271775357453656918164357599152714888,0000000000000000000000fbcdecde38ecaf99cc5edaaf202f84a7cd813a3488,791739,3563386789435662677982618808482317743924885311159,4852171612067613144709721042812680040569352449786,1.3616741316022156,0.017978577882649338,False,neither,0,False,0,,3563386789435662677982618808482317743924885311159,4852171612067613144709721042812680040569352449786
393,792288,794303,526200511006255617572972890856003254679941608705622016,000000000000000000057e690000000000000000000000000000000000000000,780011960246530963007630212203751713606137853522669,000000000000000000000215b4b1fc4d0a240f58c466b805a98592c1ff8832ed,792997,3563386789435662677982618808482317743924885311159,4852171612067613144709721042812680040569352449786,1.3616741316022156,0.01858982985634542,False,neither,0,False,0,,3563386789435662677982618808482317743924885311159,4852171612067613144709721042812680040569352449786
394,794304,796319,514982024438103606772841406080073066221062670505738240,00000000000000000005606d0000000000000000000000000000000000000000,272493783013199325741237140330555437205252992926058,0000000000000000000000ba72a3d45f86691ecd753cd76e9f5fe76d6aa0016a,794427,3563386789435662677982618808482317743924885311159,4852171612067613144709721042812680040569352449786,1.3616741316022156,0.01899479497483706,False,neither,0,False,0,,3563386789435662677982618808482317743924885311159,4852171612067613144709721042812680040569352449786
395,796320,798335,532311049351936122673982497141590033985123062667804672,000000000000000000058ebe0000000000000000000000000000000000000000,68476483047246526944035806233632155553319308036240,00000000000000000000002eda7fb2798a843b5b251161648090593cf17d0890,796403,3563386789435662677982618808482317743924885311159,4852171612067613144709721042812680040569352449786,1.3616741316022156,0.01837643231685198,False,neither,0,False,0,,3563386789435662677982618808482317743924885311159,4852171612067613144709721042812680040569352449786
396,798336,800351,500073246235691066104245617101534263137552502634840064,0000000000000000000538940000000000000000000000000000000000000000,36467141119236277955581122348451131356121665334950,000000000000000000000018f3ab29c4c0e4a99d6850ccdedd2acd94e39b6ea6,799182,3563386789435662677982618808482317743924885311159,4852171612067613144709721042812680040569352449786,1.3616741316022156,0.01956109038738284,False,neither,0,False,0,,3563386789435662677982618808482317743924885311159,4852171612067613144709721042812680040569352449786
397,800352,802367,515199788182065911307653755120147792390991404454641664,0000000000000000000561020000000000000000000000000000000000000000,47782775457072004248302896610222535353087388869786,000000000000000000000020b1bdc17cfeb6560d4ae534325d6e07b6bd30e49a,801948,3563386789435662677982618808482317743924885311159,4852171612067613144709721042812680040569352449786,1.3616741316022156,0.018986766288171426,False,neither,0,False,0,,3563386789435662677982618808482317743924885311159,4852171612067613144709721042812680040569352449786
398,802368,804383,514581572989474939373253596435908804673676944988962816,000000000000000000055f5b0000000000000000000000000000000000000000,695768550530492522793886116900249237370278304462455,0000000000000000000001dc106cd823035c4a85d20897964846da9f4d56b677,803049,3563386789435662677982618808482317743924885311159,4852171612067613144709721042812680040569352449786,1.3616741316022156,0.019009576874468425,False,neither,0,False,0,,3563386789435662677982618808482317743924885311159,4852171612067613144709721042812680040569352449786
399,804384,806399,484696787509332636501824648976526249487752436350189568,000000000000000000050f7b0000000000000000000000000000000000000000,94726402654685691917741877057720545880394516499388,000000000000000000000040d07ecd61c03c87fa6c7b911986a874ea4ce18bbc,805387,3563386789435662677982618808482317743924885311159,4852171612067613144709721042812680040569352449786,1.3616741316022156,0.020181643910193982,False,neither,0,False,0,,3563386789435662677982618808482317743924885311159,4852171612067613144709721042812680040569352449786
400,806400,808415,497866378763321402697758053004132675777872044494946304,0000000000000000000532ae0000000000000000000000000000000000000000,72704408526419723230485884201555708896850667894377,000000000000000000000031bf126ebcb4915fb443a360f9c25cf19cb3dff669,807061,3563386789435662677982618808482317743924885311159,4852171612067613144709721042812680040569352449786,1.3616741316022156,0.01964779785738157,False,neither,0,False,0,,3563386789435662677982618808482317743924885311159,4852171612067613144709721042812680040569352449786
401,808416,810431,471981723264553781113452590931894587216745823226298368,00000000000000000004ed7f0000000000000000000000000000000000000000,81614204306548091553664414220754079600663199863618,000000000000000000000037d7bb7e41021b1521414211625613e4a659f1d342,808804,3563386789435662677982618808482317743924885311159,4852171612067613144709721042812680040569352449786,1.3616741316022156,0.020725332121484166,False,neither,0,False,0,,3563386789435662677982618808482317743924885311159,4852171612067613144709721042812680040569352449786
402,810432,812447,470321457404545875398373204961928889706416683857477632,00000000000000000004e90f0000000000000000000000000000000000000000,214973104142022637553903603105092957023675013441724,000000000000000000000093172f61f0327ff9ca6bedd1605432de858960a8bc,810622,3563386789435662677982618808482317743924885311159,4852171612067613144709721042812680040569352449786,1.3616741316022156,0.020798493915012605,False,neither,0,False,0,,3563386789435662677982618808482317743924885311159,4852171612067613144709721042812680040569352449786
403,812448,814463,441737408381628076124145537003663826407985955181953024,000000000000000000049ca90000000000000000000000000000000000000000,241321291397396623155859434115132189853777074059475,0000000000000000000000a51e64f61ef271a1ab42592972cd13122a9933f8d3,813975,3563386789435662677982618808482317743924885311159,4852171612067613144709721042812680040569352449786,1.3616741316022156,0.022144327793668338,False,neither,0,False,0,,3563386789435662677982618808482317743924885311159,4852171612067613144709721042812680040569352449786
404,814464,816479,431604817530012926192239390058441836232711374861500416,0000000000000000000481940000000000000000000000000000000000000000,869314303494592115557042129202562493721864199282028,000000000000000000000252cf198d5542ee549c5a02cb74396cf7da02391d6c,814983,3563386789435662677982618808482317743924885311159,4852171612067613144709721042812680040569352449786,1.3616741316022156,0.022664200149360218,False,neither,0,False,0,,3563386789435662677982618808482317743924885311159,4852171612067613144709721042812680040569352449786
405,816480,818495,416823189970048174077527321660349349771911273121841152,000000000000000000045a120000000000000000000000000000000000000000,261632977696936986745267679613000029070527689665838,0000000000000000000000b3043c79c2e84cea7e4344ed7b549c91d000802d2e,816573,3563386789435662677982618808482317743924885311159,4852171612067613144709721042812680040569352449786,1.3616741316022156,0.023467931260329387,False,neither,0,False,0,,3563386789435662677982618808482317743924885311159,4852171612067613144709721042812680040569352449786
406,818496,820511,396710004437100288117208210992507862855406329465405440,0000000000000000000424500000000000000000000000000000000000000000,104695720100640785011407217137622305146105189426025,000000000000000000000047a2be7521efc7cae552f49da07eb90b25fe00e369,820510,3563386789435662677982618808482317743924885311159,4852171612067613144709721042812680040569352449786,1.3616741316022156,0.024657754683570815,False,neither,0,False,0,,3563386789435662677982618808482317743924885311159,4852171612067613144709721042812680040569352449786
407,820512,822527,400552292241643231889165698417718970914081776120889344,000000000000000000042e950000000000000000000000000000000000000000,47623932902814280783215896490223589276036757809926,00000000000000000000002095eb0263fe9ff393ad4b6cac66f27bcdf3f56b06,822309,3563386789435662677982618808482317743924885311159,4852171612067613144709721042812680040569352449786,1.3616741316022156,0.024421225790981327,False,neither,0,False,0,,3563386789435662677982618808482317743924885311159,4852171612067613144709721042812680040569352449786
408,822528,824543,374406027949793378682501776760424667692437142927048704,00000000000000000003e8b30000000000000000000000000000000000000000,249906915235059877926377963973832865448808563292126,0000000000000000000000aafe45a63d97c580f2b1f0de258b3260661bd337de,823004,3563386789435662677982618808482317743924885311159,4852171612067613144709721042812680040569352449786,1.3616741316022156,0.026126657264289664,False,neither,0,False,0,,3563386789435662677982618808482317743924885311159,4852171612067613144709721042812680040569352449786
409,824544,826559,368311566122123513513592411007997767500471904222838784,00000000000000000003d8690000000000000000000000000000000000000000,265372589931924684580135793453799332113590258163606,0000000000000000000000b593467ce4246d4855dcf4d5222a54184e6fa6df96,826370,3563386789435662677982618808482317743924885311159,4852171612067613144709721042812680040569352449786,1.3616741316022156,0.026558975795739286,False,neither,0,False,0,,3563386789435662677982618808482317743924885311159,4852171612067613144709721042812680040569352449786
410,826560,828575,383255420363831995852225088422521761376453814474768384,00000000000000000004005a0000000000000000000000000000000000000000,143336145808470294570856528413029560320032142616532,000000000000000000000062131712763dc8626abd786305f08ea0de2ad967d4,827838,3563386789435662677982618808482317743924885311159,4852171612067613144709721042812680040569352449786,1.3616741316022156,0.02552339106030668,False,neither,0,False,0,,3563386789435662677982618808482317743924885311159,4852171612067613144709721042812680040569352449786
411,828576,830591,357069695527774208266769667274744118513278471102267392,00000000000000000003ba5d0000000000000000000000000000000000000000,355558355733152634291663965616768912777402545885680,0000000000000000000000f3486c177bf49f82844091549b0737a0d37fc051f0,829040,3563386789435662677982618808482317743924885311159,4852171612067613144709721042812680040569352449786,1.3616741316022156,0.027395150281431344,False,neither,0,False,0,,3563386789435662677982618808482317743924885311159,4852171612067613144709721042812680040569352449786
412,830592,832607,329879919066870090376508314646890389215599502072741888,0000000000000000000371b10000000000000000000000000000000000000000,216955403574051255006991268633712262148958293298225,0000000000000000000000947268c36c2abc6b2eea2aa5780691cf31dd0f8c31,830926,3563386789435662677982618808482317743924885311159,4852171612067613144709721042812680040569352449786,1.3616741316022156,0.029653147719929565,False,neither,0,False,0,,3563386789435662677982618808482317743924885311159,4852171612067613144709721042812680040569352449786
413,832608,834623,339749439623765677783137798322223448447336014535458816,000000000000000000038c120000000000000000000000000000000000000000,182035347301858173125633580478326078836740081519197,00000000000000000000007c8dbb48b844bf8bd77fc3408f348f041373e70a5d,833326,3563386789435662677982618808482317743924885311159,4852171612067613144709721042812680040569352449786,1.3616741316022156,0.028791741292526485,False,neither,0,False,0,,3563386789435662677982618808482317743924885311159,4852171612067613144709721042812680040569352449786
414,834624,836639,321145985282180614537323094086577881890135649195917312,000000000000000000035a590000000000000000000000000000000000000000,259484415137104613115476898996547349730177073966455,0000000000000000000000b18be3992c3ab6def9ba1a13b07fae246deee66d77,835415,3563386789435662677982618808482317743924885311159,4852171612067613144709721042812680040569352449786,1.3616741316022156,0.03045959911761998,False,neither,0,False,0,,3563386789435662677982618808482317743924885311159,4852171612067613144709721042812680040569352449786
415,836640,838655,324317443835188673869825090173572216042789022814175232,0000000000000000000362d30000000000000000000000000000000000000000,72794157856107580301048175327797356053920527276945,000000000000000000000031cecaee83ccfe000d98859fe010eca6d8cd9ddb91,837836,3563386789435662677982618808482317743924885311159,4852171612067613144709721042812680040569352449786,1.3616741316022156,0.03016173861711646,False,neither,0,False,0,,3563386789435662677982618808482317743924885311159,4852171612067613144709721042812680040569352449786
416,838656,840671,312072983117630369221114618645075196904111619969122304,0000000000000000000342190000000000000000000000000000000000000000,262954518003790395183858838262246640596929951173544,0000000000000000000000b3ebb8647ba1fc77c3c310651fb2e7e4688dca0ba8,840165,3563386789435662677982618808482317743924885311159,4852171612067613144709721042812680040569352449786,1.3616741316022156,0.03134516122544695,False,neither,0,False,0,,3563386789435662677982618808482317743924885311159,4852171612067613144709721042812680040569352449786
417,840672,842687,305996059309608474887223697110640892108382252455428096,0000000000000000000331db0000000000000000000000000000000000000000,224233664903982287174146324673642137145188960166530,0000000000000000000000996d4949f905c49f6af44dafadcc99ca543e07e282,840676,3563386789435662677982618808482317743924885311159,4852171612067613144709721042812680040569352449786,1.3616741316022156,0.03196765994960363,False,neither,0,False,0,,3563386789435662677982618808482317743924885311159,4852171612067613144709721042812680040569352449786
418,842688,844703,324234138241860812403487480138107387910668634659225600,00000000000000000003629a0000000000000000000000000000000000000000,2254640379176521218445219994660972651329674190988,0000000000000000000000018aed923c250162fe3f058d6af0f3932d9d9aa08c,843946,3563386789435662677982618808482317743924885311159,4852171612067613144709721042812680040569352449786,1.3616741316022156,0.03016948808342782,True,unique-min,1,False,0,,2254640379176521218445219994660972651329674190988,3563386789435662677982618808482317743924885311159
419,844704,846719,319495949933634025142671133910441198360944101354897408,0000000000000000000355f00000000000000000000000000000000000000000,4197871757217140143149136655690874420931935047387,000000000000000000000002df4f1474368379ec9324213e5cdb48c47f0f8edb,845815,2254640379176521218445219994660972651329674190988,3563386789435662677982618808482317743924885311159,1.5804679195611429,0.02248475377855187,False,neither,0,False,0,,2254640379176521218445219994660972651329674190988,3563386789435662677982618808482317743924885311159
420,846720,848735,322033116776040472608672730780036665683066800249503744,000000000000000000035cb80000000000000000000000000000000000000000,674318170288041107897045933636074462494025236148776,0000000000000000000001cd6320871808b4aba28e171a85693daca9da58f228,847198,2254640379176521218445219994660972651329674190988,3563386789435662677982618808482317743924885311159,1.5804679195611429,0.02230760562584716,False,neither,0,False,0,,2254640379176521218445219994660972651329674190988,3563386789435662677982618808482317743924885311159
421,848736,850751,322192420454509541026756932426802740532209296896688128,000000000000000000035d250000000000000000000000000000000000000000,247605009137046890195427424609001865680827750186154,0000000000000000000000a96b109c29bfae3fd5de5ac3f4c941ab46f4ee7caa,850130,2254640379176521218445219994660972651329674190988,3563386789435662677982618808482317743924885311159,1.5804679195611429,0.02229657593238317,False,neither,0,False,0,,2254640379176521218445219994660972651329674190988,3563386789435662677982618808482317743924885311159
422,850752,852767,339134147434449367654574047007649893296060866934865920,000000000000000000038a6d0000000000000000000000000000000000000000,30205802378408570370680410103872283860267245250098,000000000000000000000014aaeb0608af29707eedf6b92fed2cc1a814002632,851496,2254640379176521218445219994660972651329674190988,3563386789435662677982618808482317743924885311159,1.5804679195611429,0.021182732030518507,False,neither,0,False,0,,2254640379176521218445219994660972651329674190988,3563386789435662677982618808482317743924885311159
423,852768,854783,328583567114557579488061646200271046177164689907122176,000000000000000000036e3a0000000000000000000000000000000000000000,138837988981776287377834460765714018629310117484036,00000000000000000000005eff2ebe770336ed503be779dcdb372934c0fe9604,853198,2254640379176521218445219994660972651329674190988,3563386789435662677982618808482317743924885311159,1.5804679195611429,0.021862894211619948,False,neither,0,False,0,,2254640379176521218445219994660972651329674190988,3563386789435662677982618808482317743924885311159
424,854784,856799,297348354121521522320212493955458645481078099598639104,000000000000000000031abe0000000000000000000000000000000000000000,254905188299933548054788603860133920379203881959513,0000000000000000000000ae69c7f718a88a25158b240b958e60d4e6257e8059,855874,2254640379176521218445219994660972651329674190988,3563386789435662677982618808482317743924885311159,1.5804679195611429,0.024159500693137846,False,neither,0,False,0,,2254640379176521218445219994660972651329674190988,3563386789435662677982618808482317743924885311159
425,856800,858815,310338180674118587457206844748640968959780028040609792,000000000000000000033d760000000000000000000000000000000000000000,15019292236393980125874459266869313026503864078144,00000000000000000000000a46d05b4f134e227d235b081c8606a09be3cdcf40,858532,2254640379176521218445219994660972651329674190988,3563386789435662677982618808482317743924885311159,1.5804679195611429,0.023148256369543783,False,neither,0,False,0,,2254640379176521218445219994660972651329674190988,3563386789435662677982618808482317743924885311159
426,858816,860831,301319254070149585548971905645948786445483268317904896,00000000000000000003255b0000000000000000000000000000000000000000,94499608755243239295647005823247666968705693327607,000000000000000000000040a8c50318c313d13980db9c7c152f347e7e0320f7,860184,2254640379176521218445219994660972651329674190988,3563386789435662677982618808482317743924885311159,1.5804679195611429,0.023841117586962602,False,neither,0,False,0,,2254640379176521218445219994660972651329674190988,3563386789435662677982618808482317743924885311159
427,860832,862847,290914823913990887674279873321841567628552684544458752,00000000000000000003098c0000000000000000000000000000000000000000,575613510232280659246447816029555370225944496178166,000000000000000000000189d9ca7e6d950e926f7e1813b32907e490da4003f6,862067,2254640379176521218445219994660972651329674190988,3563386789435662677982618808482317743924885311159,1.5804679195611429,0.024693783805345672,False,neither,0,False,0,,2254640379176521218445219994660972651329674190988,3563386789435662677982618808482317743924885311159
428,862848,864863,304956931645466202912380877194579614881406884417372160,000000000000000000032f140000000000000000000000000000000000000000,68595591146025704221274825729850257974738883408569,00000000000000000000002eef5cb064abdd42bb9a05adefb13b7ee6a8d372b9,863696,2254640379176521218445219994660972651329674190988,3563386789435662677982618808482317743924885311159,1.5804679195611429,0.02355672890837567,False,neither,0,False,0,,2254640379176521218445219994660972651329674190988,3563386789435662677982618808482317743924885311159
429,864864,866879,292880543616200952099263829421844968289989913814761472,000000000000000000030ecd0000000000000000000000000000000000000000,240618528481077991164338678923467189093258705069172,0000000000000000000000a4a34bfb7bb27a2c09943caa360b295f4eded56474,866021,2254640379176521218445219994660972651329674190988,3563386789435662677982618808482317743924885311159,1.5804679195611429,0.024528047096621538,False,neither,0,False,0,,2254640379176521218445219994660972651329674190988,3563386789435662677982618808482317743924885311159
430,866880,868895,281789207690496729853016065226361096453821041746116608,00000000000000000002f1280000000000000000000000000000000000000000,60939975780053232595088811872689923461875087452689,000000000000000000000029b26305f3bfbe35208a9701b853e6e9c224582a11,867667,2254640379176521218445219994660972651329674190988,3563386789435662677982618808482317743924885311159,1.5804679195611429,0.025493480841156314,False,neither,0,False,0,,2254640379176521218445219994660972651329674190988,3563386789435662677982618808482317743924885311159
431,868896,870911,265227471136262937983931908702020177275080014169112576,00000000000000000002c4e40000000000000000000000000000000000000000,2580554000060355442454944565354521997722846080764,000000000000000000000001c4040b1ea831f0378f473e7412a7f9a13b35aefc,869693,2254640379176521218445219994660972651329674190988,3563386789435662677982618808482317743924885311159,1.5804679195611429,0.027085383488845174,True,new-second,1,False,0,,2254640379176521218445219994660972651329674190988,2580554000060355442454944565354521997722846080764
432,870912,872927,263561359269705708657179707992723614632672251070119936,00000000000000000002c0700000000000000000000000000000000000000000,191665620770115610630564107065880777942151607672940,0000000000000000000000832497ae7b4b638066ad90c193eaa7020fbbc0e06c,871677,2254640379176521218445219994660972651329674190988,2580554000060355442454944565354521997722846080764,1.1445523746908455,0.019738845172664318,False,neither,0,False,0,,2254640379176521218445219994660972651329674190988,2580554000060355442454944565354521997722846080764
433,872928,874943,259426771137696584301581483600969249970065617906040832,00000000000000000002b5630000000000000000000000000000000000000000,26114187957766701767928087889751208271114653388080,000000000000000000000011de38affbaa58d0aeb8b1661477a511c64cdfcd30,873550,2254640379176521218445219994660972651329674190988,2580554000060355442454944565354521997722846080764,1.1445523746908455,0.020053431036846956,False,neither,0,False,0,,2254640379176521218445219994660972651329674190988,2580554000060355442454944565354521997722846080764
434,874944,876959,248423125310232216230425940495448355115076101789974528,0000000000000000000297fa0000000000000000000000000000000000000000,189859925900292328560364947131200138955833465088185,000000000000000000000081e84d85f254506df3f59000198eaa0f544a27a8b9,875512,2254640379176521218445219994660972651329674190988,2580554000060355442454944565354521997722846080764,1.1445523746908455,0.020941677058546354,False,neither,0,False,0,,2254640379176521218445219994660972651329674190988,2580554000060355442454944565354521997722846080764
435,876960,878975,245573197117436955539928755071651603226747033331171328,00000000000000000002905c0000000000000000000000000000000000000000,96701631986108389516920539519877949673565874317767,0000000000000000000000422a7b26176a63d5debbb1da15eb8bb1fd1d7869c7,877438,2254640379176521218445219994660972651329674190988,2580554000060355442454944565354521997722846080764,1.1445523746908455,0.021184709590411077,False,neither,0,False,0,,2254640379176521218445219994660972651329674190988,2580554000060355442454944565354521997722846080764
436,878976,880991,244083926948996765466279200227113710829717638069878784,000000000000000000028c610000000000000000000000000000000000000000,165002039958966718613931113173928596445967400155524,000000000000000000000070e6235dd6cbfc09a9d8e996cbabed7a23c439b984,879371,2254640379176521218445219994660972651329674190988,2580554000060355442454944565354521997722846080764,1.1445523746908455,0.02131396740928688,False,neither,0,False,0,,2254640379176521218445219994660972651329674190988,2580554000060355442454944565354521997722846080764
437,880992,883007,249381870384321288544767557745710236775970393538166784,000000000000000000029a8a0000000000000000000000000000000000000000,51304897572319189260260735464368225197356185231075,0000000000000000000000231aaf2c7c7178ca3a33c4274752e57c0964871ee3,882550,2254640379176521218445219994660972651329674190988,2580554000060355442454944565354521997722846080764,1.1445523746908455,0.02086116707723896,False,neither,0,False,0,,2254640379176521218445219994660972651329674190988,2580554000060355442454944565354521997722846080764
438,883008,885023,236140665550103308105842173161300712617887644698804224,0000000000000000000277260000000000000000000000000000000000000000,20444180611358593453453605057598176711091200492742,00000000000000000000000dfd0cc3bf9b3e2324c5dc264cf0b4156df51884c6,883909,2254640379176521218445219994660972651329674190988,2580554000060355442454944565354521997722846080764,1.1445523746908455,0.02203092318725533,False,neither,0,False,0,,2254640379176521218445219994660972651329674190988,2580554000060355442454944565354521997722846080764
439,885024,887039,243826702660826526552675351696555645018258193942315008,000000000000000000028bb10000000000000000000000000000000000000000,66383989293518661509080352889985402616271731416048,00000000000000000000002d6bf90836f22d9aca29d3cb9a7625d2f7fabbdbf0,885555,2254640379176521218445219994660972651329674190988,2580554000060355442454944565354521997722846080764,1.1445523746908455,0.021336452518731862,False,neither,0,False,0,,2254640379176521218445219994660972651329674190988,2580554000060355442454944565354521997722846080764
440,887040,889055,240389250809824242889060284970006947356027440601235456,0000000000000000000282810000000000000000000000000000000000000000,34429259360430229275881129214933812735759580272654,0000000000000000000000178eb56276f3e71722a9aa81d7aec9bfd4783e180e,887368,2254640379176521218445219994660972651329674190988,2580554000060355442454944565354521997722846080764,1.1445523746908455,0.021641553632684583,False,neither,0,False,0,,2254640379176521218445219994660972651329674190988,2580554000060355442454944565354521997722846080764
441,889056,891071,236991259503029893604236717733941589335327397438816256,00000000000000000002796c0000000000000000000000000000000000000000,78909394857746902110472464079776546471340873992041,000000000000000000000035fdf3a48937849914575f2aa25275e3703339c769,889399,2254640379176521218445219994660972651329674190988,2580554000060355442454944565354521997722846080764,1.1445523746908455,0.021951851199200723,False,neither,0,False,0,,2254640379176521218445219994660972651329674190988,2580554000060355442454944565354521997722846080764
442,891072,893087,221874948068116364721256005509157074063026087146815488,0000000000000000000251050000000000000000000000000000000000000000,111663498475558233745867333215618652759748694851649,00000000000000000000004c673c7227adf6751a3adc2dbd64e546f6e5694041,892491,2254640379176521218445219994660972651329674190988,2580554000060355442454944565354521997722846080764,1.1445523746908455,0.023447427974268294,False,neither,0,False,0,,2254640379176521218445219994660972651329674190988,2580554000060355442454944565354521997722846080764
443,893088,895103,218766334085513534214236767869969540080217918627905536,0000000000000000000248b60000000000000000000000000000000000000000,453558746802585393588275066731786758743098070808103,00000000000000000000013656659cad303f6f8f2c6174448ac5301442323627,893092,2254640379176521218445219994660972651329674190988,2580554000060355442454944565354521997722846080764,1.1445523746908455,0.0237806099639084,False,neither,0,False,0,,2254640379176521218445219994660972651329674190988,2580554000060355442454944565354521997722846080764
444,895104,897119,226329605058700956815940836879276304706937369537806336,000000000000000000025ced0000000000000000000000000000000000000000,269932532617064282420565508512601989397193876930982,0000000000000000000000b8b20163c247a22468544eba60b8505ccf389181a6,896626,2254640379176521218445219994660972651329674190988,2580554000060355442454944565354521997722846080764,1.1445523746908455,0.02298593179081623,False,neither,0,False,0,,2254640379176521218445219994660972651329674190988,2580554000060355442454944565354521997722846080764
445,897120,899135,221600185760298154972633712760606412855330771828736000,0000000000000000000250490000000000000000000000000000000000000000,76049900014798620341199977765261476218157334801282,00000000000000000000003409137593fd2b652c333ce972a1f255b30d9c2b82,897140,2254640379176521218445219994660972651329674190988,2580554000060355442454944565354521997722846080764,1.1445523746908455,0.023476500465342737,False,neither,0,False,0,,2254640379176521218445219994660972651329674190988,2580554000060355442454944565354521997722846080764
446,899136,901151,212309419851785605121612888279029001699378008653037568,0000000000000000000237740000000000000000000000000000000000000000,27533255078926562055094650077488462964095521027461,000000000000000000000012d6c9dba0916d4692d03332281b14a83f200a7585,899786,2254640379176521218445219994660972651329674190988,2580554000060355442454944565354521997722846080764,1.1445523746908455,0.024503843813211395,False,neither,0,False,0,,2254640379176521218445219994660972651329674190988,2580554000060355442454944565354521997722846080764
447,901152,903167,213268164925874677435954505529290883360272300401229824,000000000000000000023a040000000000000000000000000000000000000000,178523274863485252728472714329401537893235143989151,00000000000000000000007a268c825acdb14e7213d3f78435bb879d411bd79f,902789,2254640379176521218445219994660972651329674190988,2580554000060355442454944565354521997722846080764,1.1445523746908455,0.024393687008700368,False,neither,0,False,0,,2254640379176521218445219994660972651329674190988,2580554000060355442454944565354521997722846080764
448,903168,905183,230505115236555346453248764446346725294094368813088768,0000000000000000000268160000000000000000000000000000000000000000,188360341311609945601272919149644221151049022424775,000000000000000000000080e1a1d31ae37aa7344ecd50048e9822fe785fc6c7,903245,2254640379176521218445219994660972651329674190988,2580554000060355442454944565354521997722846080764,1.1445523746908455,0.022569550609680522,False,neither,0,False,0,,2254640379176521218445219994660972651329674190988,2580554000060355442454944565354521997722846080764
449,905184,907199,213504928191122283708703502472190921209456561473191936,000000000000000000023aa60000000000000000000000000000000000000000,317213307286204728555769505232882418646019560689332,0000000000000000000000d90bd0a6d178570c7bbb3dfffb6f7a5d5eeb13ceb4,906913,2254640379176521218445219994660972651329674190988,2580554000060355442454944565354521997722846080764,1.1445523746908455,0.024366635975094073,False,neither,0,False,0,,2254640379176521218445219994660972651329674190988,2580554000060355442454944565354521997722846080764
450,907200,909215,211248369663083369602997013090476980227107801626836992,00000000000000000002349e0000000000000000000000000000000000000000,222448237273120036392348203449613571288239737655611,000000000000000000000098348bf1ee522fbb47d546fda81296b52fe5ffd13b,907866,2254640379176521218445219994660972651329674190988,2580554000060355442454944565354521997722846080764,1.1445523746908455,0.02462692077775036,False,neither,0,False,0,,2254640379176521218445219994660972651329674190988,2580554000060355442454944565354521997722846080764
451,909216,911231,208285905844213629387798143934561074546265226362224640,000000000000000000022cb30000000000000000000000000000000000000000,168076736486874747269610786259196924891041512798806,00000000000000000000007300b586fc6b35b7b6d4ed4d0b0ab03be947bfba56,909689,2254640379176521218445219994660972651329674190988,2580554000060355442454944565354521997722846080764,1.1445523746908455,0.024977191053977423,False,neither,0,False,0,,2254640379176521218445219994660972651329674190988,2580554000060355442454944565354521997722846080764
452,911232,913247,207862070369387667541519075333073352470565005924761600,000000000000000000022b910000000000000000000000000000000000000000,17377255731366044165688262259155676672513064320996,00000000000000000000000be3d718be899a17d1af6e1ce7c7e8f4fcdde43fe4,912658,2254640379176521218445219994660972651329674190988,2580554000060355442454944565354521997722846080764,1.1445523746908455,0.025028120112902744,False,neither,0,False,0,,2254640379176521218445219994660972651329674190988,2580554000060355442454944565354521997722846080764
453,913248,915263,198173776015521112096746848576997112333265829097373696,0000000000000000000211ac0000000000000000000000000000000000000000,23674496143617781215808943260091481311157913677203,00000000000000000000001032e11f7477824dee8b52f8c1625b40a35bec6d93,913970,2254640379176521218445219994660972651329674190988,2580554000060355442454944565354521997722846080764,1.1445523746908455,0.026251691665370606,False,neither,0,False,0,,2254640379176521218445219994660972651329674190988,2580554000060355442454944565354521997722846080764
454,915264,917279,189398920184986370975851924841368549083251610109345792,00000000000000000001fa380000000000000000000000000000000000000000,34340023251571938435858848165985585461947586677271,0000000000000000000000177f13e62c5270f33d398979c85ef1ff77444d8a17,915966,2254640379176521218445219994660972651329674190988,2580554000060355442454944565354521997722846080764,1.1445523746908455,0.027467933075016916,False,neither,0,False,0,,2254640379176521218445219994660972651329674190988,2580554000060355442454944565354521997722846080764
455,917280,919295,178729958232470779672965025562539683039763302545620992,00000000000000000001ddb40000000000000000000000000000000000000000,50807809390568328837095415414001176129684669357797,000000000000000000000022c39cf802abee1c1317392ff767b65fbade425ee5,919268,2254640379176521218445219994660972651329674190988,2580554000060355442454944565354521997722846080764,1.1445523746908455,0.02910758171472862,False,neither,0,False,0,,2254640379176521218445219994660972651329674190988,2580554000060355442454944565354521997722846080764
456,919296,921311,183753139359977093002831090332585547778320742695829504,00000000000000000001eb210000000000000000000000000000000000000000,21312001142899120498238578055292938387314743728906,00000000000000000000000e950f2ee27d790217936d2f55a9ad686df1785b0a,919973,2254640379176521218445219994660972651329674190988,2580554000060355442454944565354521997722846080764,1.1445523746908455,0.028311880179255323,False,neither,0,False,0,,2254640379176521218445219994660972651329674190988,2580554000060355442454944565354521997722846080764
457,921312,923327,172847414142213895427195194110856643885648174060142592,00000000000000000001cdfb0000000000000000000000000000000000000000,27444060329759395180018162483033249715104043008538,000000000000000000000012c72a3a1f2541c2b45319d3b18c71bac7354c821a,922797,2254640379176521218445219994660972651329674190988,2580554000060355442454944565354521997722846080764,1.1445523746908455,0.030098204765975228,False,neither,0,False,0,,2254640379176521218445219994660972651329674190988,2580554000060355442454944565354521997722846080764
458,923328,925343,177049231349540241317030788004915957567158980121198592,00000000000000000001d9360000000000000000000000000000000000000000,118141719380044295231579803591199434566346268555930,000000000000000000000050d5f9eb072f615f319c236f250b4abc04a9c93a9a,924123,2254640379176521218445219994660972651329674190988,2580554000060355442454944565354521997722846080764,1.1445523746908455,0.02938389974622833,False,neither,0,False,0,,2254640379176521218445219994660972651329674190988,2580554000060355442454944565354521997722846080764
459,925344,927359,180571450295507717349901668451762199644529777549770752,00000000000000000001e2a00000000000000000000000000000000000000000,105149912311628860603249751440896610530549610184376,000000000000000000000047f24d24037251cde79fae133dd0b7f8a30e09feb8,926584,2254640379176521218445219994660972651329674190988,2580554000060355442454944565354521997722846080764,1.1445523746908455,0.02881073866111105,False,neither,0,False,0,,2254640379176521218445219994660972651329674190988,2580554000060355442454944565354521997722846080764
460,927360,929375,181918954805126809840485465867526612588652547354394624,00000000000000000001e63a0000000000000000000000000000000000000000,103869312254649642964141777448964574353079125178834,00000000000000000000004711fd0c4fd7963c2e4fbacbe25f518063767879d2,928159,2254640379176521218445219994660972651329674190988,2580554000060355442454944565354521997722846080764,1.1445523746908455,0.028597332640210745,False,neither,0,False,0,,2254640379176521218445219994660972651329674190988,2580554000060355442454944565354521997722846080764
461,929376,931391,181841495218348271985820670571392649588610782929616896,00000000000000000001e6050000000000000000000000000000000000000000,80964568735534361838926663807306494397335513431983,00000000000000000000003765f0d3a17566d0979c096975123febc360157faf,929492,2254640379176521218445219994660972651329674190988,2580554000060355442454944565354521997722846080764,1.1445523746908455,0.028609514334859813,False,neither,0,False,0,,2254640379176521218445219994660972651329674190988,2580554000060355442454944565354521997722846080764
462,931392,933407,184058593202179251712735660462623250929428832597311488,00000000000000000001ebf20000000000000000000000000000000000000000,251962408973055338571351224997006891313423506324252,0000000000000000000000ac66512d2680e468f80353c7023d8531b7c119bb1c,933113,2254640379176521218445219994660972651329674190988,2580554000060355442454944565354521997722846080764,1.1445523746908455,0.028264895290203054,False,neither,0,False,0,,2254640379176521218445219994660972651329674190988,2580554000060355442454944565354521997722846080764
463,933408,935423,190300666695219538076383598383154495706379320488361984,00000000000000000001fca10000000000000000000000000000000000000000,151153897015156757022643936951066541437500170280667,0000000000000000000000676c77291339fad881616d67f910cabeabb5e19edb,935338,2254640379176521218445219994660972651329674190988,2580554000060355442454944565354521997722846080764,1.1445523746908455,0.027337775292472815,False,neither,0,False,0,,2254640379176521218445219994660972651329674190988,2580554000060355442454944565354521997722846080764
464,935424,937439,214194756963942469886095641713233006794734161633476608,000000000000000000023c7e0000000000000000000000000000000000000000,146396539865602406129628866860669710804409362533293,0000000000000000000000642b27e34bdd13db352ce2056d5dde755678a9cbad,936957,2254640379176521218445219994660972651329674190988,2580554000060355442454944565354521997722846080764,1.1445523746908455,0.02428816156782702,False,neither,0,False,0,,2254640379176521218445219994660972651329674190988,2580554000060355442454944565354521997722846080764
465,937440,939455,186702449664110855091766126325007006911986414567555072,00000000000000000001f3030000000000000000000000000000000000000000,17891696423367074076005333688301956805900616489684,00000000000000000000000c3df36a44bd018f334df2706ee141d111c4d25ad4,939000,2254640379176521218445219994660972651329674190988,2580554000060355442454944565354521997722846080764,1.1445523746908455,0.027864641698494622,False,neither,0,False,0,,2254640379176521218445219994660972651329674190988,2580554000060355442454944565354521997722846080764
466,939456,941471,185873778235744233137144637024856874439841500815687680,00000000000000000001f0cc0000000000000000000000000000000000000000,74108355929152797272617280559761426986310390683173,000000000000000000000032b4fd9c869dc0b97c1646c0ce366af6a0726e9625,941001,2254640379176521218445219994660972651329674190988,2580554000060355442454944565354521997722846080764,1.1445523746908455,0.027988869185859352,False,neither,0,False,0,,2254640379176521218445219994660972651329674190988,2580554000060355442454944565354521997722846080764
467,941472,943487,201501615243723578041496638941092088769022387497730048,000000000000000000021a910000000000000000000000000000000000000000,69362777383934025667961448686609509105172763332085,00000000000000000000002f75be827e655be1eb764238571c87c9bc3d834df5,941962,2254640379176521218445219994660972651329674190988,2580554000060355442454944565354521997722846080764,1.1445523746908455,0.025818139759471344,False,neither,0,False,0,,2254640379176521218445219994660972651329674190988,2580554000060355442454944565354521997722846080764
468,943488,945503,193999727339304053362357124694759408029128485754634240,0000000000000000000206840000000000000000000000000000000000000000,159001606597557318435136953538873034398594291958287,00000000000000000000006ccb16a0f9bdaff5b9b5c3785c8743f490e2cf820f,944851,2254640379176521218445219994660972651329674190988,2580554000060355442454944565354521997722846080764,1.1445523746908455,0.026816516370781925,False,neither,0,False,0,,2254640379176521218445219994660972651329674190988,2580554000060355442454944565354521997722846080764
469,945504,947519,198824144244133363895347488327555858277012719078998016,0000000000000000000213690000000000000000000000000000000000000000,113893447745444786428548760583891627084873922556389,00000000000000000000004dedd6d45b1bff04858040b8883b837db20198b1e5,946633,2254640379176521218445219994660972651329674190988,2580554000060355442454944565354521997722846080764,1.1445523746908455,0.026165820473663032,False,neither,0,False,0,,2254640379176521218445219994660972651329674190988,2580554000060355442454944565354521997722846080764
470,947520,949535,203511179995053569554026705586076977921049294744322048,000000000000000000021ff00000000000000000000000000000000000000000,15673814924707666329555816431015927462303624078246,00000000000000000000000ab9762b4991de4ff5ed0653b9f05a3172245023a6,949508,2254640379176521218445219994660972651329674190988,2580554000060355442454944565354521997722846080764,1.1445523746908455,0.025563199349775887,False,neither,0,False,0,,2254640379176521218445219994660972651329674190988,2580554000060355442454944565354521997722846080764
471,949536,951551,197350950593703813753798174016177844993199539075678208,000000000000000000020f790000000000000000000000000000000000000000,601392157719136375366736718493439666346858384101888,00000000000000000000019b7d3d06b52d693c42f5abc88635e18333c3ca9200,950165,2254640379176521218445219994660972651329674190988,2580554000060355442454944565354521997722846080764,1.1445523746908455,0.026361144187403023,False,neither,0,False,0,,2254640379176521218445219994660972651329674190988,2580554000060355442454944565354521997722846080764
472,951552,953567,194015803857314693294457365227919287142344701012606976,00000000000000000002068f0000000000000000000000000000000000000000,533939679079208689340570933559559944036736107500449,00000000000000000000016d561b4655aff6f93524e5de54cfc43af3de5753a1,953101,2254640379176521218445219994660972651329674190988,2580554000060355442454944565354521997722846080764,1.1445523746908455,0.026814294303301612,False,neither,0,False,0,,2254640379176521218445219994660972651329674190988,2580554000060355442454944565354521997722846080764
473,953568,955583,215792178253545146775692269235391904135218095902949376,0000000000000000000240c30000000000000000000000000000000000000000,98935603521755704843234000337607588720792650177290,000000000000000000000043b1c9e5a38b2a061637ef2b0f2bad1c21dc88db0a,954260,2254640379176521218445219994660972651329674190988,2580554000060355442454944565354521997722846080764,1.1445523746908455,0.02410836623563398,False,neither,0,False,0,,2254640379176521218445219994660972651329674190988,2580554000060355442454944565354521997722846080764
474,955584,957599,201386156614374436710958547839307502410469568826834944,000000000000000000021a420000000000000000000000000000000000000000,9485192764654740768179215938285499706134182486684,0000000000000000000000067d72c0f647bbad88557216314929bbc85b9be29c,956964,2254640379176521218445219994660972651329674190988,2580554000060355442454944565354521997722846080764,1.1445523746908455,0.025832941804850663,False,neither,0,False,0,,2254640379176521218445219994660972651329674190988,2580554000060355442454944565354521997722846080764
475,957600,959615,211995196999759460994199096039995000850151983156297728,00000000000000000002369d0000000000000000000000000000000000000000,29268395962608144830772488990390688479509885682536,00000000000000000000001406b8441f3076464c68fbd46eb0e2601d66f70368,957867,2254640379176521218445219994660972651329674190988,2580554000060355442454944565354521997722846080764,1.1445523746908455,0.02454016382327558,False,neither,0,False,0,,2254640379176521218445219994660972651329674190988,2580554000060355442454944565354521997722846080764
476,959616,961631,213572157266439505242940871974495870228360734370168832,000000000000000000023ad40000000000000000000000000000000000000000,413129152087436417990619558160949130973490401895960,00000000000000000000011aaca7e268f53852d196e551c900db9c802219e618,960783,2254640379176521218445219994660972651329674190988,2580554000060355442454944565354521997722846080764,1.1445523746908455,0.02435896575053782,False,neither,0,False,0,,2254640379176521218445219994660972651329674190988,2580554000060355442454944565354521997722846080764
477,961632,963647,211480748423418983166991398978878869227233094901170176,00000000000000000002353d0000000000000000000000000000000000000000,9172372458230199125415101307533014053034543084548,00000000000000000000000646a767f4b8061f14eb4284fdc54fdb826e08f404,962647,2254640379176521218445219994660972651329674190988,2580554000060355442454944565354521997722846080764,1.1445523746908455,0.024599860284708418,False,neither,0,False,0,,2254640379176521218445219994660972651329674190988,2580554000060355442454944565354521997722846080764
