scenario,geology,alpha,policy,years,epochs,repetitions,honest_expected_deposits,attack_expected_deposits,delta_N,delta_N_standard_error,delta_N_ci95,relative_supply_elasticity,attacker_associated_delta_N,attacker_associated_delta_N_standard_error,attacker_associated_delta_N_ci95,net_attacker_associated_delta_over_global_delta,expected_eligible_attacker_events,expected_forfeited_bitcoin_rewards_R,expected_net_fixed_height_reward_shortfall_R,expected_additional_network_valid_solution_intervals,expected_attacker_share_of_additional_hash_intervals,expected_zero_cost_all_discoveries_omissions,R_per_expected_extra_deposit,value_capture_proxy_if_attacker_exits,value_capture_proxy_if_hash_share_maintained,value_capture_upper_bound,gross_budget_cap_R,gross_budget_utilization,threshold_value_over_R,threshold_capture_fraction_assumption,warning,matched_control_budget
A-constant-target,c10-eclip,0.01,shallow-lock,1,26,4096,0.599609375,0.599609375,0.0,0.0,"[0.0, 0.0]",0.0,0.0,0.0,"[0.0, 0.0]",,0.0,0.0,0.0,0.0,0.0,0.0,,0.0,0.01,1.0,,,,,,
A-constant-target,c10-eclip,0.01,shallow-lock,4,104,4096,2.0712890625,2.0712890625,0.0,0.0,"[0.0, 0.0]",0.0,0.0,0.0,"[0.0, 0.0]",,0.0,0.0,0.0,0.0,0.0,0.0,,0.0,0.01,1.0,,,,,,
A-constant-target,c10-eclip,0.01,shallow-lock,10,261,4096,3.8271484375,3.8271484375,0.0,0.0,"[0.0, 0.0]",0.0,0.0,0.0,"[0.0, 0.0]",,0.0,0.0,0.0,0.0,0.0,0.0,,0.0,0.01,1.0,,,,,,
A-constant-target,c10-eclip,0.01,shallow-lock,25,652,4096,5.91552734375,5.91552734375,0.0,0.0,"[0.0, 0.0]",0.0,0.0,0.0,"[0.0, 0.0]",,0.0,0.0,0.0,0.0,0.0,0.0,,0.0,0.01,1.0,,,,,,
A-constant-target,c10-eclip,0.01,shallow-lock,50,1304,4096,7.60009765625,7.60009765625,0.0,0.0,"[0.0, 0.0]",0.0,0.0,0.0,"[0.0, 0.0]",,0.0,0.0,0.0,0.0,0.0,0.0,,0.0,0.01,1.0,,,,,,
A-constant-target,c10-eclip,0.01,shallow-lock,100,2609,4096,9.326171875,9.326171875,0.0,0.0,"[0.0, 0.0]",0.0,0.0,0.0,"[0.0, 0.0]",,0.0,0.0,0.0,0.0,0.0,0.0,,0.0,0.01,1.0,,,,,,
A-constant-target,c10-eclip,0.01,public-lock,1,26,4096,0.599609375,0.599609375,0.0,0.0,"[0.0, 0.0]",0.0,0.0,0.0,"[0.0, 0.0]",,0.0,0.0,0.0,0.0,0.0,0.0,,0.0,0.01,1.0,,,,,,
A-constant-target,c10-eclip,0.01,public-lock,4,104,4096,2.0712890625,2.0712890625,0.0,0.0,"[0.0, 0.0]",0.0,0.0,0.0,"[0.0, 0.0]",,0.0,0.0,0.0,0.0,0.0,0.0,,0.0,0.01,1.0,,,,,,
A-constant-target,c10-eclip,0.01,public-lock,10,261,4096,3.8271484375,3.8271484375,0.0,0.0,"[0.0, 0.0]",0.0,0.0,0.0,"[0.0, 0.0]",,0.0,0.0,0.0,0.0,0.0,0.0,,0.0,0.01,1.0,,,,,,
A-constant-target,c10-eclip,0.01,public-lock,25,652,4096,5.91552734375,5.91552734375,0.0,0.0,"[0.0, 0.0]",0.0,0.0,0.0,"[0.0, 0.0]",,0.0,0.0,0.0,0.0,0.0,0.0,,0.0,0.01,1.0,,,,,,
A-constant-target,c10-eclip,0.01,public-lock,50,1304,4096,7.60009765625,7.60009765625,0.0,0.0,"[0.0, 0.0]",0.0,0.0,0.0,"[0.0, 0.0]",,0.0,0.0,0.0,0.0,0.0,0.0,,0.0,0.01,1.0,,,,,,
A-constant-target,c10-eclip,0.01,public-lock,100,2609,4096,9.326171875,9.326171875,0.0,0.0,"[0.0, 0.0]",0.0,0.0,0.0,"[0.0, 0.0]",,0.0,0.0,0.0,0.0,0.0,0.0,,0.0,0.01,1.0,,,,,,
A-constant-target,c10-eclip,0.01,threshold,1,26,4096,0.599609375,0.599609375,0.0,0.0,"[0.0, 0.0]",0.0,0.0,0.0,"[0.0, 0.0]",,0.0,0.0,0.0,0.0,0.0,0.0,,0.0,0.01,1.0,,,100.0,0.01,,
A-constant-target,c10-eclip,0.01,threshold,4,104,4096,2.0712890625,2.0712890625,0.0,0.0,"[0.0, 0.0]",0.0,0.0,0.0,"[0.0, 0.0]",,0.0,0.0,0.0,0.0,0.0,0.0,,0.0,0.01,1.0,,,100.0,0.01,,
A-constant-target,c10-eclip,0.01,threshold,10,261,4096,3.8271484375,3.8271484375,0.0,0.0,"[0.0, 0.0]",0.0,0.0,0.0,"[0.0, 0.0]",,0.0,0.0,0.0,0.0,0.0,0.0,,0.0,0.01,1.0,,,100.0,0.01,,
A-constant-target,c10-eclip,0.01,threshold,25,652,4096,5.91552734375,5.91552734375,0.0,0.0,"[0.0, 0.0]",0.0,0.0,0.0,"[0.0, 0.0]",,0.0,0.0,0.0,0.0,0.0,0.0,,0.0,0.01,1.0,,,100.0,0.01,,
A-constant-target,c10-eclip,0.01,threshold,50,1304,4096,7.60009765625,7.60009765625,0.0,0.0,"[0.0, 0.0]",0.0,0.0,0.0,"[0.0, 0.0]",,0.0,0.0,0.0,0.0,0.0,0.0,,0.0,0.01,1.0,,,100.0,0.01,,
A-constant-target,c10-eclip,0.01,threshold,100,2609,4096,9.326171875,9.326171875,0.0,0.0,"[0.0, 0.0]",0.0,0.0,0.0,"[0.0, 0.0]",,0.0,0.0,0.0,0.0,0.0,0.0,,0.0,0.01,1.0,,,100.0,0.01,,
A-constant-target,c10-eclip,0.01,all-discoveries-public-lock,1,26,4096,0.599609375,0.599609375,0.0,0.0,"[0.0, 0.0]",0.0,,,,,0.00390625,0.0,0.0,0.00390625,,0.00390625,,0.0,0.01,1.0,,,,,"Impossible ownership stress: controls every discovery after a public lock at zero cost, but lacks foresight; it is not the omniscient hard ceiling.",
A-constant-target,c10-eclip,0.01,all-discoveries-public-lock,4,104,4096,2.0712890625,2.072509765625,0.001220703125,0.0005456483432585137,"[0.00015123237221331318, 0.0022901738777866866]",0.0005893446487505894,,,,,0.011474609375,0.0,0.0,0.011474609375,,0.011474609375,0.0,0.0,0.01,1.0,,,,,"Impossible ownership stress: controls every discovery after a public lock at zero cost, but lacks foresight; it is not the omniscient hard ceiling.",
A-constant-target,c10-eclip,0.01,all-discoveries-public-lock,10,261,4096,3.8271484375,3.833740234375,0.006591796875,0.0013988647794895672,"[0.0038500219072004484, 0.009333571842799551]",0.001722378157693289,,,,,0.017333984375,0.0,0.0,0.017333984375,,0.017333984375,0.0,0.0,0.01,1.0,,,,,"Impossible ownership stress: controls every discovery after a public lock at zero cost, but lacks foresight; it is not the omniscient hard ceiling.",
A-constant-target,c10-eclip,0.01,all-discoveries-public-lock,25,652,4096,5.91552734375,5.92724609375,0.01171875,0.002063745773452984,"[0.007673808284032152, 0.015763691715967847]",0.001981015270326042,,,,,0.021484375,0.0,0.0,0.021484375,,0.021484375,0.0,0.0,0.01,1.0,,,,,"Impossible ownership stress: controls every discovery after a public lock at zero cost, but lacks foresight; it is not the omniscient hard ceiling.",
A-constant-target,c10-eclip,0.01,all-discoveries-public-lock,50,1304,4096,7.60009765625,7.614990234375,0.014892578125,0.0024911553797787147,"[0.01000991358063372, 0.01977524266936628]",0.0019595245743655636,,,,,0.0224609375,0.0,0.0,0.0224609375,,0.0224609375,0.0,0.0,0.01,1.0,,,,,"Impossible ownership stress: controls every discovery after a public lock at zero cost, but lacks foresight; it is not the omniscient hard ceiling.",
A-constant-target,c10-eclip,0.01,all-discoveries-public-lock,100,2609,4096,9.326171875,9.343505859375,0.017333984375,0.002988164171963272,"[0.011477182597951987, 0.02319078615204801]",0.0018586387434554974,,,,,0.0234375,0.0,0.0,0.0234375,,0.0234375,0.0,0.0,0.01,1.0,,,,,"Impossible ownership stress: controls every discovery after a public lock at zero cost, but lacks foresight; it is not the omniscient hard ceiling.",
A-constant-target,c10-eclip,0.01,omniscient-hard-ceiling,1,26,4096,0.599609375,26.0,25.400390625,0.011513249228299756,"[25.377824656512534, 25.422956593487466]",42.36156351791531,,,,,,0.0,0.0,,,,,,,,,,,,"Hard count ceiling only: grants arbitrary foresight, control, delay, and zero cost; it is not an executable strategy.",
A-constant-target,c10-eclip,0.01,omniscient-hard-ceiling,4,104,4096,2.0712890625,104.0,101.9287109375,0.01757210242905663,"[101.89426961673905, 101.96315225826095]",49.21027817067421,,,,,,0.0,0.0,,,,,,,,,,,,"Hard count ceiling only: grants arbitrary foresight, control, delay, and zero cost; it is not an executable strategy.",
A-constant-target,c10-eclip,0.01,omniscient-hard-ceiling,10,261,4096,3.8271484375,261.0,257.1728515625,0.01947803892250187,"[257.1346746062119, 257.2110285187881]",67.19698902781322,,,,,,0.0,0.0,,,,,,,,,,,,"Hard count ceiling only: grants arbitrary foresight, control, delay, and zero cost; it is not an executable strategy.",
A-constant-target,c10-eclip,0.01,omniscient-hard-ceiling,25,652,4096,5.91552734375,652.0,646.08447265625,0.02389475915429522,"[646.0376389283076, 646.1313063841924]",109.21840693355345,,,,,,0.0,0.0,,,,,,,,,,,,"Hard count ceiling only: grants arbitrary foresight, control, delay, and zero cost; it is not an executable strategy.",
A-constant-target,c10-eclip,0.01,omniscient-hard-ceiling,50,1304,4096,7.60009765625,1304.0,1296.39990234375,0.027673204368845097,"[1296.345662863187, 1296.454141824313]",170.57674269193703,,,,,,0.0,0.0,,,,,,,,,,,,"Hard count ceiling only: grants arbitrary foresight, control, delay, and zero cost; it is not an executable strategy.",
A-constant-target,c10-eclip,0.01,omniscient-hard-ceiling,100,2609,4096,9.326171875,2609.0,2599.673828125,0.03155021617243255,"[2599.611989701302, 2599.735666548698]",278.7503664921466,,,,,,0.0,0.0,,,,,,,,,,,,"Hard count ceiling only: grants arbitrary foresight, control, delay, and zero cost; it is not an executable strategy.",
A-constant-target,c10-eclip,0.01,public-lock-budget-1R,1,26,4096,0.599609375,0.599609375,0.0,0.0,"[0.0, 0.0]",0.0,0.0,0.0,"[0.0, 0.0]",,0.0,0.0,0.0,0.0,0.0,0.0,,0.0,0.01,1.0,1,0.0,,,,True
A-constant-target,c10-eclip,0.01,public-lock-budget-1R,4,104,4096,2.0712890625,2.0712890625,0.0,0.0,"[0.0, 0.0]",0.0,0.0,0.0,"[0.0, 0.0]",,0.0,0.0,0.0,0.0,0.0,0.0,,0.0,0.01,1.0,1,0.0,,,,True
A-constant-target,c10-eclip,0.01,public-lock-budget-1R,10,261,4096,3.8271484375,3.8271484375,0.0,0.0,"[0.0, 0.0]",0.0,0.0,0.0,"[0.0, 0.0]",,0.0,0.0,0.0,0.0,0.0,0.0,,0.0,0.01,1.0,1,0.0,,,,True
A-constant-target,c10-eclip,0.01,public-lock-budget-1R,25,652,4096,5.91552734375,5.91552734375,0.0,0.0,"[0.0, 0.0]",0.0,0.0,0.0,"[0.0, 0.0]",,0.0,0.0,0.0,0.0,0.0,0.0,,0.0,0.01,1.0,1,0.0,,,,True
A-constant-target,c10-eclip,0.01,public-lock-budget-1R,50,1304,4096,7.60009765625,7.60009765625,0.0,0.0,"[0.0, 0.0]",0.0,0.0,0.0,"[0.0, 0.0]",,0.0,0.0,0.0,0.0,0.0,0.0,,0.0,0.01,1.0,1,0.0,,,,True
A-constant-target,c10-eclip,0.01,public-lock-budget-1R,100,2609,4096,9.326171875,9.326171875,0.0,0.0,"[0.0, 0.0]",0.0,0.0,0.0,"[0.0, 0.0]",,0.0,0.0,0.0,0.0,0.0,0.0,,0.0,0.01,1.0,1,0.0,,,,True
A-constant-target,c10-eclip,0.1,shallow-lock,1,26,4096,0.60205078125,0.60205078125,0.0,0.0,"[0.0, 0.0]",0.0,0.0,0.0,"[0.0, 0.0]",,0.0,0.0,0.0,0.0,0.0,0.0,,0.0,0.1,1.0,,,,,,
A-constant-target,c10-eclip,0.1,shallow-lock,4,104,4096,2.0322265625,2.0322265625,0.0,0.0,"[0.0, 0.0]",0.0,0.0,0.0,"[0.0, 0.0]",,0.0,0.0,0.0,0.0,0.0,0.0,,0.0,0.1,1.0,,,,,,
A-constant-target,c10-eclip,0.1,shallow-lock,10,261,4096,3.821533203125,3.821533203125,0.0,0.0,"[0.0, 0.0]",0.0,0.0,0.0,"[0.0, 0.0]",,0.00048828125,0.00048828125,0.000439453125,0.00048828125,4.8828125e-05,0.0,,0.0,0.1,1.0,,,,,,
A-constant-target,c10-eclip,0.1,shallow-lock,25,652,4096,5.90087890625,5.9013671875,0.00048828125,0.00048828125,"[-0.00046875, 0.0014453125]",8.274720728175425e-05,0.0,0.0,"[0.0, 0.0]",0.0,0.00048828125,0.00048828125,0.000439453125,0.00048828125,4.8828125e-05,0.0,1.0,0.0,0.1,1.0,,,,,,
A-constant-target,c10-eclip,0.1,shallow-lock,50,1304,4096,7.61328125,7.61376953125,0.00048828125,0.00048828125,"[-0.00046875, 0.0014453125]",6.413545407901488e-05,0.000244140625,0.000244140625,"[-0.000234375, 0.00072265625]",0.5,0.00048828125,0.00048828125,0.000439453125,0.00048828125,4.8828125e-05,0.0,1.0,0.0,0.1,1.0,,,,,,
A-constant-target,c10-eclip,0.1,shallow-lock,100,2609,4096,9.340576171875,9.341064453125,0.00048828125,0.000345224823286452,"[-0.00018835940364144593, 0.001164921903641446]",5.2275281633079796e-05,0.0,0.0,"[0.0, 0.0]",0.0,0.00048828125,0.00048828125,0.000439453125,0.00048828125,4.8828125e-05,0.0,1.0,0.0,0.1,1.0,,,,,,
A-constant-target,c10-eclip,0.1,public-lock,1,26,4096,0.60205078125,0.60205078125,0.0,0.0,"[0.0, 0.0]",0.0,-0.00048828125,0.000345224823286452,"[-0.001164921903641446, 0.00018835940364144593]",,0.00048828125,0.00048828125,0.000439453125,0.00048828125,4.8828125e-05,0.0,,0.0,0.1,1.0,,,,,,
A-constant-target,c10-eclip,0.1,public-lock,4,104,4096,2.0322265625,2.0322265625,0.0,0.0,"[0.0, 0.0]",0.0,-0.001708984375,0.0006454619924811455,"[-0.0029740898802630453, -0.00044387886973695475]",,0.001708984375,0.001708984375,0.0015380859375,0.001708984375,0.00017089843750000002,0.0,,0.0,0.1,1.0,,,,,,
A-constant-target,c10-eclip,0.1,public-lock,10,261,4096,3.821533203125,3.822021484375,0.00048828125,0.000345224823286452,"[-0.00018835940364144593, 0.001164921903641446]",0.0001277710343065227,-0.002685546875,0.0008087335722969825,"[-0.004270664676702085, -0.0011004290732979142]",-5.5,0.003173828125,0.003173828125,0.0028564453125000003,0.003173828125,0.0003173828125,0.0,6.5,0.0,0.1,1.0,,,,,,
A-constant-target,c10-eclip,0.1,public-lock,25,652,4096,5.90087890625,5.90283203125,0.001953125,0.0008452803398438812,"[0.00029637553390599275, 0.003609874466094007]",0.000330988829127017,-0.003173828125,0.0008789708350939624,"[-0.004896610961784166, -0.0014510452882158338]",-1.625,0.003662109375,0.003662109375,0.0032958984375,0.003662109375,0.0003662109375,0.0,1.875,0.0,0.1,1.0,,,,,,
A-constant-target,c10-eclip,0.1,public-lock,50,1304,4096,7.61328125,7.615234375,0.001953125,0.0007715312387960625,"[0.0004409237719597177, 0.0034653262280402823]",0.0002565418163160595,-0.0029296875,0.000912454281545228,"[-0.004718097891828647, -0.0011412771081713532]",-1.5,0.003662109375,0.003662109375,0.0032958984375,0.003662109375,0.0003662109375,0.0,1.875,0.0,0.1,1.0,,,,,,
A-constant-target,c10-eclip,0.1,public-lock,100,2609,4096,9.340576171875,9.3427734375,0.002197265625,0.0008796991589179929,"[0.00047305527352073406, 0.003921475976479266]",0.0002352387673488591,-0.003173828125,0.0008789708350939624,"[-0.004896610961784166, -0.0014510452882158338]",-1.4444444444444444,0.00390625,0.00390625,0.003515625,0.00390625,0.000390625,0.0,1.7777777777777777,0.0,0.1,1.0,,,,,,
A-constant-target,c10-eclip,0.1,threshold,1,26,4096,0.60205078125,0.60205078125,0.0,0.0,"[0.0, 0.0]",0.0,-0.00048828125,0.000345224823286452,"[-0.001164921903641446, 0.00018835940364144593]",,0.00048828125,0.00048828125,0.000439453125,0.00048828125,4.8828125e-05,0.0,,0.0,0.1,1.0,,,100.0,0.1,,
A-constant-target,c10-eclip,0.1,threshold,4,104,4096,2.0322265625,2.0322265625,0.0,0.0,"[0.0, 0.0]",0.0,-0.001708984375,0.0006454619924811455,"[-0.0029740898802630453, -0.00044387886973695475]",,0.001708984375,0.001708984375,0.0015380859375,0.001708984375,0.00017089843750000002,0.0,,0.0,0.1,1.0,,,100.0,0.1,,
A-constant-target,c10-eclip,0.1,threshold,10,261,4096,3.821533203125,3.822021484375,0.00048828125,0.000345224823286452,"[-0.00018835940364144593, 0.001164921903641446]",0.0001277710343065227,-0.002685546875,0.0008087335722969825,"[-0.004270664676702085, -0.0011004290732979142]",-5.5,0.003173828125,0.003173828125,0.0028564453125000003,0.003173828125,0.0003173828125,0.0,6.5,0.0,0.1,1.0,,,100.0,0.1,,
A-constant-target,c10-eclip,0.1,threshold,25,652,4096,5.90087890625,5.90283203125,0.001953125,0.0008452803398438812,"[0.00029637553390599275, 0.003609874466094007]",0.000330988829127017,-0.0029296875,0.0008445912712204749,"[-0.004585086391592131, -0.0012742886084078692]",-1.5,0.003662109375,0.00341796875,0.003076171875,0.00341796875,0.00034179687500000003,0.0,1.75,0.0,0.1,1.0,,,100.0,0.1,,
A-constant-target,c10-eclip,0.1,threshold,50,1304,4096,7.61328125,7.615234375,0.001953125,0.0007715312387960625,"[0.0004409237719597177, 0.0034653262280402823]",0.0002565418163160595,-0.002685546875,0.0008793681774141246,"[-0.0044091085027316845, -0.0009619852472683159]",-1.375,0.003662109375,0.00341796875,0.003076171875,0.00341796875,0.00034179687500000003,0.0,1.75,0.0,0.1,1.0,,,100.0,0.1,,
A-constant-target,c10-eclip,0.1,threshold,100,2609,4096,9.340576171875,9.3427734375,0.002197265625,0.0008796991589179929,"[0.00047305527352073406, 0.003921475976479266]",0.0002352387673488591,-0.0029296875,0.0008445912712204749,"[-0.004585086391592131, -0.0012742886084078692]",-1.3333333333333333,0.00390625,0.003662109375,0.0032958984375,0.003662109375,0.0003662109375,0.0,1.6666666666666667,0.0,0.1,1.0,,,100.0,0.1,,
A-constant-target,c10-eclip,0.1,all-discoveries-public-lock,1,26,4096,0.60205078125,0.60205078125,0.0,0.0,"[0.0, 0.0]",0.0,,,,,0.002197265625,0.0,0.0,0.002197265625,,0.002197265625,,0.0,0.1,1.0,,,,,"Impossible ownership stress: controls every discovery after a public lock at zero cost, but lacks foresight; it is not the omniscient hard ceiling.",
A-constant-target,c10-eclip,0.1,all-discoveries-public-lock,4,104,4096,2.0322265625,2.03271484375,0.00048828125,0.000345224823286452,"[-0.00018835940364144593, 0.001164921903641446]",0.0002402691013935608,,,,,0.009033203125,0.0,0.0,0.009033203125,,0.009033203125,0.0,0.0,0.1,1.0,,,,,"Impossible ownership stress: controls every discovery after a public lock at zero cost, but lacks foresight; it is not the omniscient hard ceiling.",
A-constant-target,c10-eclip,0.1,all-discoveries-public-lock,10,261,4096,3.821533203125,3.827392578125,0.005859375,0.0013342383809843226,"[0.0032442677732707277, 0.008474482226729273]",0.0015332524116782726,,,,,0.015380859375,0.0,0.0,0.015380859375,,0.015380859375,0.0,0.0,0.1,1.0,,,,,"Impossible ownership stress: controls every discovery after a public lock at zero cost, but lacks foresight; it is not the omniscient hard ceiling.",
A-constant-target,c10-eclip,0.1,all-discoveries-public-lock,25,652,4096,5.90087890625,5.9130859375,0.01220703125,0.002202813144141003,"[0.007889517487483634, 0.016524545012516365]",0.002068680182043856,,,,,0.018310546875,0.0,0.0,0.018310546875,,0.018310546875,0.0,0.0,0.1,1.0,,,,,"Impossible ownership stress: controls every discovery after a public lock at zero cost, but lacks foresight; it is not the omniscient hard ceiling.",
A-constant-target,c10-eclip,0.1,all-discoveries-public-lock,50,1304,4096,7.61328125,7.6298828125,0.0166015625,0.002706561719692561,"[0.01129670152940258, 0.02190642347059742]",0.002180605438686506,,,,,0.019775390625,0.0,0.0,0.019775390625,,0.019775390625,0.0,0.0,0.1,1.0,,,,,"Impossible ownership stress: controls every discovery after a public lock at zero cost, but lacks foresight; it is not the omniscient hard ceiling.",
A-constant-target,c10-eclip,0.1,all-discoveries-public-lock,100,2609,4096,9.340576171875,9.35888671875,0.018310546875,0.003123346527082599,"[0.012188787681918107, 0.024432306068081895]",0.0019603230612404926,,,,,0.02001953125,0.0,0.0,0.02001953125,,0.02001953125,0.0,0.0,0.1,1.0,,,,,"Impossible ownership stress: controls every discovery after a public lock at zero cost, but lacks foresight; it is not the omniscient hard ceiling.",
A-constant-target,c10-eclip,0.1,omniscient-hard-ceiling,1,26,4096,0.60205078125,26.0,25.39794921875,0.01154423442346855,"[25.37532251928, 25.42057591822]",42.18572587185726,,,,,,0.0,0.0,,,,,,,,,,,,"Hard count ceiling only: grants arbitrary foresight, control, delay, and zero cost; it is not an executable strategy.",
A-constant-target,c10-eclip,0.1,omniscient-hard-ceiling,4,104,4096,2.0322265625,104.0,101.9677734375,0.017474392863937552,"[101.93352362748668, 102.00202324751332]",50.1753964440173,,,,,,0.0,0.0,,,,,,,,,,,,"Hard count ceiling only: grants arbitrary foresight, control, delay, and zero cost; it is not an executable strategy.",
A-constant-target,c10-eclip,0.1,omniscient-hard-ceiling,10,261,4096,3.821533203125,261.0,257.178466796875,0.02019769314635291,"[257.13887931830817, 257.21805427544183]",67.29719542579697,,,,,,0.0,0.0,,,,,,,,,,,,"Hard count ceiling only: grants arbitrary foresight, control, delay, and zero cost; it is not an executable strategy.",
A-constant-target,c10-eclip,0.1,omniscient-hard-ceiling,25,652,4096,5.90087890625,652.0,646.09912109375,0.024255056601930114,"[646.0515811828102, 646.1466610046898]",109.49201489449732,,,,,,0.0,0.0,,,,,,,,,,,,"Hard count ceiling only: grants arbitrary foresight, control, delay, and zero cost; it is not an executable strategy.",
A-constant-target,c10-eclip,0.1,omniscient-hard-ceiling,50,1304,4096,7.61328125,1304.0,1296.38671875,0.027585248523746067,"[1296.3326516628936, 1296.4407858371064]",170.2796305797845,,,,,,0.0,0.0,,,,,,,,,,,,"Hard count ceiling only: grants arbitrary foresight, control, delay, and zero cost; it is not an executable strategy.",
A-constant-target,c10-eclip,0.1,omniscient-hard-ceiling,100,2609,4096,9.340576171875,2609.0,2599.659423828125,0.03134895071212357,"[2599.5979798847293, 2599.7208677715207]",278.31895763088426,,,,,,0.0,0.0,,,,,,,,,,,,"Hard count ceiling only: grants arbitrary foresight, control, delay, and zero cost; it is not an executable strategy.",
A-constant-target,c10-eclip,0.1,public-lock-budget-1R,1,26,4096,0.60205078125,0.60205078125,0.0,0.0,"[0.0, 0.0]",0.0,-0.00048828125,0.000345224823286452,"[-0.001164921903641446, 0.00018835940364144593]",,0.00048828125,0.00048828125,0.000439453125,0.00048828125,4.8828125e-05,0.0,,0.0,0.1,1.0,1,0.00048828125,,,,True
A-constant-target,c10-eclip,0.1,public-lock-budget-1R,4,104,4096,2.0322265625,2.0322265625,0.0,0.0,"[0.0, 0.0]",0.0,-0.001708984375,0.0006454619924811455,"[-0.0029740898802630453, -0.00044387886973695475]",,0.001708984375,0.001708984375,0.0015380859375,0.001708984375,0.00017089843750000002,0.0,,0.0,0.1,1.0,1,0.001708984375,,,,True
A-constant-target,c10-eclip,0.1,public-lock-budget-1R,10,261,4096,3.821533203125,3.822021484375,0.00048828125,0.000345224823286452,"[-0.00018835940364144593, 0.001164921903641446]",0.0001277710343065227,-0.002685546875,0.0008087335722969825,"[-0.004270664676702085, -0.0011004290732979142]",-5.5,0.003173828125,0.003173828125,0.0028564453125000003,0.003173828125,0.0003173828125,0.0,6.5,0.0,0.1,1.0,1,0.003173828125,,,,True
A-constant-target,c10-eclip,0.1,public-lock-budget-1R,25,652,4096,5.90087890625,5.90283203125,0.001953125,0.0008452803398438812,"[0.00029637553390599275, 0.003609874466094007]",0.000330988829127017,-0.003173828125,0.0008789708350939624,"[-0.004896610961784166, -0.0014510452882158338]",-1.625,0.003662109375,0.003662109375,0.0032958984375,0.003662109375,0.0003662109375,0.0,1.875,0.0,0.1,1.0,1,0.003662109375,,,,True
A-constant-target,c10-eclip,0.1,public-lock-budget-1R,50,1304,4096,7.61328125,7.615234375,0.001953125,0.0007715312387960625,"[0.0004409237719597177, 0.0034653262280402823]",0.0002565418163160595,-0.0029296875,0.000912454281545228,"[-0.004718097891828647, -0.0011412771081713532]",-1.5,0.003662109375,0.003662109375,0.0032958984375,0.003662109375,0.0003662109375,0.0,1.875,0.0,0.1,1.0,1,0.003662109375,,,,True
A-constant-target,c10-eclip,0.1,public-lock-budget-1R,100,2609,4096,9.340576171875,9.3427734375,0.002197265625,0.0008796991589179929,"[0.00047305527352073406, 0.003921475976479266]",0.0002352387673488591,-0.003173828125,0.0008789708350939624,"[-0.004896610961784166, -0.0014510452882158338]",-1.4444444444444444,0.00390625,0.00390625,0.003515625,0.00390625,0.000390625,0.0,1.7777777777777777,0.0,0.1,1.0,1,0.00390625,,,,True
A-constant-target,c10-eclip,0.2,shallow-lock,1,26,4096,0.597412109375,0.597412109375,0.0,0.0,"[0.0, 0.0]",0.0,0.0,0.0,"[0.0, 0.0]",,0.000244140625,0.000244140625,0.0001953125,0.000244140625,4.8828125e-05,0.0,,0.0,0.2,1.0,,,,,,
A-constant-target,c10-eclip,0.2,shallow-lock,4,104,4096,2.016845703125,2.016845703125,0.0,0.0,"[0.0, 0.0]",0.0,0.0,0.0,"[0.0, 0.0]",,0.00048828125,0.00048828125,0.000390625,0.00048828125,9.765625e-05,0.0,,0.0,0.2,1.0,,,,,,
A-constant-target,c10-eclip,0.2,shallow-lock,10,261,4096,3.7861328125,3.78662109375,0.00048828125,0.000345224823286452,"[-0.00018835940364144593, 0.001164921903641446]",0.00012896569512509673,0.0,0.0,"[0.0, 0.0]",0.0,0.000732421875,0.000732421875,0.0005859375000000001,0.000732421875,0.00014648437500000002,0.0,1.5,0.0,0.2,1.0,,,,,,
A-constant-target,c10-eclip,0.2,shallow-lock,25,652,4096,5.9033203125,5.904052734375,0.000732421875,0.00042276069059612694,"[-9.618907856840883e-05, 0.0015610328285684087]",0.00012406947890818859,0.0,0.0,"[0.0, 0.0]",0.0,0.000732421875,0.000732421875,0.0005859375000000001,0.000732421875,0.00014648437500000002,0.0,1.0,0.0,0.2,1.0,,,,,,
A-constant-target,c10-eclip,0.2,shallow-lock,50,1304,4096,7.600830078125,7.602294921875,0.00146484375,0.0009133152832081905,"[-0.0003252542050880532, 0.003254941705088053]",0.00019272154948125783,0.000244140625,0.000244140625,"[-0.000234375, 0.00072265625]",0.16666666666666666,0.000732421875,0.000732421875,0.0005859375000000001,0.000732421875,0.00014648437500000002,0.0,0.5,0.0,0.2,1.0,,,,,,
A-constant-target,c10-eclip,0.2,shallow-lock,100,2609,4096,9.332275390625,9.333984375,0.001708984375,0.0011186107397824026,"[-0.0004834926749735088, 0.003901461424973509]",0.00018312622629169391,0.000244140625,0.000244140625,"[-0.000234375, 0.00072265625]",0.14285714285714285,0.000732421875,0.000732421875,0.0005859375000000001,0.000732421875,0.00014648437500000002,0.0,0.42857142857142855,0.0,0.2,1.0,,,,,,
A-constant-target,c10-eclip,0.2,public-lock,1,26,4096,0.597412109375,0.597412109375,0.0,0.0,"[0.0, 0.0]",0.0,-0.000244140625,0.000244140625,"[-0.00072265625, 0.000234375]",,0.00048828125,0.00048828125,0.000390625,0.00048828125,9.765625e-05,0.0,,0.0,0.2,1.0,,,,,,
A-constant-target,c10-eclip,0.2,public-lock,4,104,4096,2.016845703125,2.016845703125,0.0,0.0,"[0.0, 0.0]",0.0,-0.001220703125,0.0005456483432585137,"[-0.0022901738777866866, -0.00015123237221331318]",,0.001708984375,0.001708984375,0.0013671875000000001,0.001708984375,0.00034179687500000003,0.0,,0.0,0.2,1.0,,,,,,
A-constant-target,c10-eclip,0.2,public-lock,10,261,4096,3.7861328125,3.786865234375,0.000732421875,0.00042276069059612694,"[-9.618907856840883e-05, 0.0015610328285684087]",0.00019344854268764507,-0.002197265625,0.0007317060948387837,"[-0.0036314095708840158, -0.000763121679115984]",-3.0,0.0029296875,0.0029296875,0.0023437500000000003,0.0029296875,0.0005859375000000001,0.0,4.0,0.0,0.2,1.0,,,,,,
A-constant-target,c10-eclip,0.2,public-lock,25,652,4096,5.9033203125,5.90478515625,0.00146484375,0.0005976547536731011,"[0.00029344043280072176, 0.0026362470671992782]",0.00024813895781637717,-0.001953125,0.0006899435135935306,"[-0.0033054142866433198, -0.00060083571335668]",-1.3333333333333333,0.003173828125,0.003173828125,0.0025390625,0.003173828125,0.000634765625,0.0,2.1666666666666665,0.0,0.2,1.0,,,,,,
A-constant-target,c10-eclip,0.2,public-lock,50,1304,4096,7.600830078125,7.60302734375,0.002197265625,0.001118402526890308,"[5.1966722949964295e-06, 0.004389334577705004]",0.0002890823242218867,-0.00244140625,0.0010352246410874513,"[-0.004470446546531405, -0.00041236595346859535]",-1.1111111111111112,0.003662109375,0.003662109375,0.0029296875,0.003662109375,0.000732421875,0.0,1.6666666666666667,0.0,0.2,1.0,,,,,,
A-constant-target,c10-eclip,0.2,public-lock,100,2609,4096,9.332275390625,9.33544921875,0.003173828125,0.0014844024167342841,"[0.00026439938820080333, 0.006083256861799197]",0.00034009156311314584,-0.002197265625,0.0010061547650226704,"[-0.004169328964444434, -0.00022520228555556604]",-0.6923076923076923,0.003662109375,0.003662109375,0.0029296875,0.003662109375,0.000732421875,0.0,1.1538461538461537,0.0,0.2,1.0,,,,,,
A-constant-target,c10-eclip,0.2,threshold,1,26,4096,0.597412109375,0.597412109375,0.0,0.0,"[0.0, 0.0]",0.0,-0.000244140625,0.000244140625,"[-0.00072265625, 0.000234375]",,0.00048828125,0.00048828125,0.000390625,0.00048828125,9.765625e-05,0.0,,0.0,0.2,1.0,,,100.0,0.2,,
A-constant-target,c10-eclip,0.2,threshold,4,104,4096,2.016845703125,2.016845703125,0.0,0.0,"[0.0, 0.0]",0.0,-0.001220703125,0.0005456483432585137,"[-0.0022901738777866866, -0.00015123237221331318]",,0.001708984375,0.001708984375,0.0013671875000000001,0.001708984375,0.00034179687500000003,0.0,,0.0,0.2,1.0,,,100.0,0.2,,
A-constant-target,c10-eclip,0.2,threshold,10,261,4096,3.7861328125,3.786865234375,0.000732421875,0.00042276069059612694,"[-9.618907856840883e-05, 0.0015610328285684087]",0.00019344854268764507,-0.002197265625,0.0007317060948387837,"[-0.0036314095708840158, -0.000763121679115984]",-3.0,0.0029296875,0.0029296875,0.0023437500000000003,0.0029296875,0.0005859375000000001,0.0,4.0,0.0,0.2,1.0,,,100.0,0.2,,
A-constant-target,c10-eclip,0.2,threshold,25,652,4096,5.9033203125,5.90478515625,0.00146484375,0.0005976547536731011,"[0.00029344043280072176, 0.0026362470671992782]",0.00024813895781637717,-0.001953125,0.0006899435135935306,"[-0.0033054142866433198, -0.00060083571335668]",-1.3333333333333333,0.003173828125,0.003173828125,0.0025390625,0.003173828125,0.000634765625,0.0,2.1666666666666665,0.0,0.2,1.0,,,100.0,0.2,,
A-constant-target,c10-eclip,0.2,threshold,50,1304,4096,7.600830078125,7.60302734375,0.002197265625,0.001118402526890308,"[5.1966722949964295e-06, 0.004389334577705004]",0.0002890823242218867,-0.00244140625,0.0010352246410874513,"[-0.004470446546531405, -0.00041236595346859535]",-1.1111111111111112,0.003662109375,0.003662109375,0.0029296875,0.003662109375,0.000732421875,0.0,1.6666666666666667,0.0,0.2,1.0,,,100.0,0.2,,
A-constant-target,c10-eclip,0.2,threshold,100,2609,4096,9.332275390625,9.33544921875,0.003173828125,0.0014844024167342841,"[0.00026439938820080333, 0.006083256861799197]",0.00034009156311314584,-0.002197265625,0.0010061547650226704,"[-0.004169328964444434, -0.00022520228555556604]",-0.6923076923076923,0.003662109375,0.003662109375,0.0029296875,0.003662109375,0.000732421875,0.0,1.1538461538461537,0.0,0.2,1.0,,,100.0,0.2,,
A-constant-target,c10-eclip,0.2,all-discoveries-public-lock,1,26,4096,0.597412109375,0.59765625,0.000244140625,0.000244140625,"[-0.000234375, 0.00072265625]",0.0004086636697997548,,,,,0.00341796875,0.0,0.0,0.00341796875,,0.00341796875,0.0,0.0,0.2,1.0,,,,,"Impossible ownership stress: controls every discovery after a public lock at zero cost, but lacks foresight; it is not the omniscient hard ceiling.",
A-constant-target,c10-eclip,0.2,all-discoveries-public-lock,4,104,4096,2.016845703125,2.017822265625,0.0009765625,0.00048810235962946035,"[1.9881875126257723e-05, 0.0019332431248737423]",0.000484202881007142,,,,,0.008544921875,0.0,0.0,0.008544921875,,0.008544921875,0.0,0.0,0.2,1.0,,,,,"Impossible ownership stress: controls every discovery after a public lock at zero cost, but lacks foresight; it is not the omniscient hard ceiling.",
A-constant-target,c10-eclip,0.2,all-discoveries-public-lock,10,261,4096,3.7861328125,3.789794921875,0.003662109375,0.001005112642279083,"[0.0016920885961329971, 0.005632130153867003]",0.0009672427134382255,,,,,0.01318359375,0.0,0.0,0.01318359375,,0.01318359375,0.0,0.0,0.2,1.0,,,,,"Impossible ownership stress: controls every discovery after a public lock at zero cost, but lacks foresight; it is not the omniscient hard ceiling.",
A-constant-target,c10-eclip,0.2,all-discoveries-public-lock,25,652,4096,5.9033203125,5.91064453125,0.00732421875,0.0015008096772578968,"[0.004382631782574522, 0.010265805717425478]",0.0012406947890818859,,,,,0.0166015625,0.0,0.0,0.0166015625,,0.0166015625,0.0,0.0,0.2,1.0,,,,,"Impossible ownership stress: controls every discovery after a public lock at zero cost, but lacks foresight; it is not the omniscient hard ceiling.",
A-constant-target,c10-eclip,0.2,all-discoveries-public-lock,50,1304,4096,7.600830078125,7.612548828125,0.01171875,0.0022831893967326187,"[0.0072436987824040676, 0.01619380121759593]",0.0015417723958500626,,,,,0.01806640625,0.0,0.0,0.01806640625,,0.01806640625,0.0,0.0,0.2,1.0,,,,,"Impossible ownership stress: controls every discovery after a public lock at zero cost, but lacks foresight; it is not the omniscient hard ceiling.",
A-constant-target,c10-eclip,0.2,all-discoveries-public-lock,100,2609,4096,9.332275390625,9.345703125,0.013427734375,0.0026998391316683168,"[0.008136049676930098, 0.018719419073069902]",0.0014388489208633094,,,,,0.018798828125,0.0,0.0,0.018798828125,,0.018798828125,0.0,0.0,0.2,1.0,,,,,"Impossible ownership stress: controls every discovery after a public lock at zero cost, but lacks foresight; it is not the omniscient hard ceiling.",
A-constant-target,c10-eclip,0.2,omniscient-hard-ceiling,1,26,4096,0.597412109375,26.0,25.402587890625,0.011429504422966306,"[25.380186061955985, 25.424989719294015]",42.52104617899469,,,,,,0.0,0.0,,,,,,,,,,,,"Hard count ceiling only: grants arbitrary foresight, control, delay, and zero cost; it is not an executable strategy.",
A-constant-target,c10-eclip,0.2,omniscient-hard-ceiling,4,104,4096,2.016845703125,104.0,101.983154296875,0.017792365607471786,"[101.94828126028436, 102.01802733346564]",50.56567001573659,,,,,,0.0,0.0,,,,,,,,,,,,"Hard count ceiling only: grants arbitrary foresight, control, delay, and zero cost; it is not an executable strategy.",
A-constant-target,c10-eclip,0.2,omniscient-hard-ceiling,10,261,4096,3.7861328125,261.0,257.2138671875,0.020079440337418306,"[257.17451148443865, 257.25322289056135]",67.9357750838277,,,,,,0.0,0.0,,,,,,,,,,,,"Hard count ceiling only: grants arbitrary foresight, control, delay, and zero cost; it is not an executable strategy.",
A-constant-target,c10-eclip,0.2,omniscient-hard-ceiling,25,652,4096,5.9033203125,652.0,646.0966796875,0.024027803361465767,"[646.0495851929115, 646.1437741820885]",109.44631927212572,,,,,,0.0,0.0,,,,,,,,,,,,"Hard count ceiling only: grants arbitrary foresight, control, delay, and zero cost; it is not an executable strategy.",
A-constant-target,c10-eclip,0.2,omniscient-hard-ceiling,50,1304,4096,7.600830078125,1304.0,1296.399169921875,0.027497490651836144,"[1296.3452748401974, 1296.4530650035526]",170.56020942408378,,,,,,0.0,0.0,,,,,,,,,,,,"Hard count ceiling only: grants arbitrary foresight, control, delay, and zero cost; it is not an executable strategy.",
A-constant-target,c10-eclip,0.2,omniscient-hard-ceiling,100,2609,4096,9.332275390625,2609.0,2599.667724609375,0.03135739063756853,"[2599.6062641237254, 2599.7291850950246]",278.56740353172006,,,,,,0.0,0.0,,,,,,,,,,,,"Hard count ceiling only: grants arbitrary foresight, control, delay, and zero cost; it is not an executable strategy.",
A-constant-target,c10-eclip,0.2,public-lock-budget-1R,1,26,4096,0.597412109375,0.597412109375,0.0,0.0,"[0.0, 0.0]",0.0,-0.000244140625,0.000244140625,"[-0.00072265625, 0.000234375]",,0.00048828125,0.00048828125,0.000390625,0.00048828125,9.765625e-05,0.0,,0.0,0.2,1.0,1,0.00048828125,,,,True
A-constant-target,c10-eclip,0.2,public-lock-budget-1R,4,104,4096,2.016845703125,2.016845703125,0.0,0.0,"[0.0, 0.0]",0.0,-0.001220703125,0.0005456483432585137,"[-0.0022901738777866866, -0.00015123237221331318]",,0.001708984375,0.001708984375,0.0013671875000000001,0.001708984375,0.00034179687500000003,0.0,,0.0,0.2,1.0,1,0.001708984375,,,,True
A-constant-target,c10-eclip,0.2,public-lock-budget-1R,10,261,4096,3.7861328125,3.786865234375,0.000732421875,0.00042276069059612694,"[-9.618907856840883e-05, 0.0015610328285684087]",0.00019344854268764507,-0.002197265625,0.0007317060948387837,"[-0.0036314095708840158, -0.000763121679115984]",-3.0,0.0029296875,0.0029296875,0.0023437500000000003,0.0029296875,0.0005859375000000001,0.0,4.0,0.0,0.2,1.0,1,0.0029296875,,,,True
A-constant-target,c10-eclip,0.2,public-lock-budget-1R,25,652,4096,5.9033203125,5.90478515625,0.00146484375,0.0005976547536731011,"[0.00029344043280072176, 0.0026362470671992782]",0.00024813895781637717,-0.001953125,0.0006899435135935306,"[-0.0033054142866433198, -0.00060083571335668]",-1.3333333333333333,0.003173828125,0.003173828125,0.0025390625,0.003173828125,0.000634765625,0.0,2.1666666666666665,0.0,0.2,1.0,1,0.003173828125,,,,True
A-constant-target,c10-eclip,0.2,public-lock-budget-1R,50,1304,4096,7.600830078125,7.60302734375,0.002197265625,0.001118402526890308,"[5.1966722949964295e-06, 0.004389334577705004]",0.0002890823242218867,-0.00244140625,0.0010352246410874513,"[-0.004470446546531405, -0.00041236595346859535]",-1.1111111111111112,0.003662109375,0.003662109375,0.0029296875,0.003662109375,0.000732421875,0.0,1.6666666666666667,0.0,0.2,1.0,1,0.003662109375,,,,True
A-constant-target,c10-eclip,0.2,public-lock-budget-1R,100,2609,4096,9.332275390625,9.33544921875,0.003173828125,0.0014844024167342841,"[0.00026439938820080333, 0.006083256861799197]",0.00034009156311314584,-0.002197265625,0.0010061547650226704,"[-0.004169328964444434, -0.00022520228555556604]",-0.6923076923076923,0.003662109375,0.003662109375,0.0029296875,0.003662109375,0.000732421875,0.0,1.1538461538461537,0.0,0.2,1.0,1,0.003662109375,,,,True
A-constant-target,c10-eclip,0.3,shallow-lock,1,26,4096,0.588134765625,0.588134765625,0.0,0.0,"[0.0, 0.0]",0.0,0.0,0.0,"[0.0, 0.0]",,0.0009765625,0.0009765625,0.00068359375,0.0009765625,0.00029296875,0.0,,0.0,0.3,1.0,,,,,,
A-constant-target,c10-eclip,0.3,shallow-lock,4,104,4096,2.064697265625,2.06494140625,0.000244140625,0.000244140625,"[-0.000234375, 0.00072265625]",0.00011824524062906468,0.000244140625,0.000244140625,"[-0.000234375, 0.00072265625]",1.0,0.001708984375,0.001708984375,0.0011962890624999999,0.001708984375,0.0005126953125,0.0,7.0,0.0,0.3,1.0,,,,,,
A-constant-target,c10-eclip,0.3,shallow-lock,10,261,4096,3.793701171875,3.794921875,0.001220703125,0.0006457325413738735,"[-4.493265609279199e-05, 0.002486338906092792]",0.00032177102773666257,0.000244140625,0.00042289838645210166,"[-0.0005847402124461192, 0.0010730214624461191]",0.2,0.00341796875,0.00341796875,0.0023925781249999997,0.00341796875,0.001025390625,0.0,2.8,0.0,0.3,1.0,,,,,,
A-constant-target,c10-eclip,0.3,shallow-lock,25,652,4096,5.918701171875,5.9208984375,0.002197265625,0.0010061547650226704,"[0.00022520228555556604, 0.004169328964444434]",0.0003712411830219032,0.000244140625,0.0006460029769595432,"[-0.0010220252098407047, 0.0015103064598407047]",0.1111111111111111,0.003662109375,0.003662109375,0.0025634765625,0.003662109375,0.0010986328125,0.0,1.6666666666666667,0.0,0.3,1.0,,,,,,
A-constant-target,c10-eclip,0.3,shallow-lock,50,1304,4096,7.615966796875,7.618408203125,0.00244140625,0.0011446252043754075,"[0.0001979408494242013, 0.004684871650575798]",0.00032056419297964416,0.000244140625,0.0006460029769595432,"[-0.0010220252098407047, 0.0015103064598407047]",0.1,0.003662109375,0.003662109375,0.0025634765625,0.003662109375,0.0010986328125,0.0,1.5,0.0,0.3,1.0,,,,,,
A-constant-target,c10-eclip,0.3,shallow-lock,100,2609,4096,9.338623046875,9.341796875,0.003173828125,0.0013139623026757585,"[0.0005984620117555134, 0.005749194238244487]",0.0003398603958066456,0.000244140625,0.0008098127235462488,"[-0.0013430923131506475, 0.0018313735631506475]",0.07692307692307693,0.00390625,0.00390625,0.002734375,0.00390625,0.001171875,0.0,1.2307692307692308,0.0,0.3,1.0,,,,,,
A-constant-target,c10-eclip,0.3,public-lock,1,26,4096,0.588134765625,0.588134765625,0.0,0.0,"[0.0, 0.0]",0.0,-0.00048828125,0.000345224823286452,"[-0.001164921903641446, 0.00018835940364144593]",,0.00146484375,0.00146484375,0.0010253906249999998,0.00146484375,0.00043945312499999996,0.0,,0.0,0.3,1.0,,,,,,
A-constant-target,c10-eclip,0.3,public-lock,4,104,4096,2.064697265625,2.0654296875,0.000732421875,0.00042276069059612694,"[-9.618907856840883e-05, 0.0015610328285684087]",0.000354735721887194,-0.002197265625,0.000809093449307695,"[-0.0037830887856430823, -0.000611442464356918]",-3.0,0.00439453125,0.00439453125,0.003076171875,0.00439453125,0.0013183593749999999,0.0,6.0,0.0,0.3,1.0,,,,,,
A-constant-target,c10-eclip,0.3,public-lock,10,261,4096,3.793701171875,3.796630859375,0.0029296875,0.000912454281545228,"[0.0011412771081713532, 0.004718097891828647]",0.0007722504665679902,-0.0029296875,0.0009756081264517115,"[-0.004841879427845355, -0.0010174955721546455]",-1.0,0.0068359375,0.0068359375,0.0047851562499999995,0.0068359375,0.00205078125,0.0,2.3333333333333335,0.0,0.3,1.0,,,,,,
A-constant-target,c10-eclip,0.3,public-lock,25,652,4096,5.918701171875,5.92431640625,0.005615234375,0.0015223169730787084,"[0.0026314931077657316, 0.008598975642234268]",0.0009487274677226416,-0.004150390625,0.0012670879512123169,"[-0.006633883009376141, -0.001666898240623859]",-0.7391304347826086,0.008056640625,0.008056640625,0.0056396484374999995,0.008056640625,0.0024169921875,0.0,1.434782608695652,0.0,0.3,1.0,,,,,,
A-constant-target,c10-eclip,0.3,public-lock,50,1304,4096,7.615966796875,7.622802734375,0.0068359375,0.0017910961240648342,"[0.003325389096832925, 0.010346485903167075]",0.0008975797403430037,-0.004150390625,0.0012670879512123169,"[-0.006633883009376141, -0.001666898240623859]",-0.6071428571428571,0.00830078125,0.00830078125,0.005810546874999999,0.00830078125,0.002490234375,0.0,1.2142857142857142,0.0,0.3,1.0,,,,,,
A-constant-target,c10-eclip,0.3,public-lock,100,2609,4096,9.338623046875,9.34619140625,0.007568359375,0.001871775897077898,"[0.00389967861672732, 0.01123704013327268]",0.000810436328462001,-0.00439453125,0.001422088898911911,"[-0.007181825491867346, -0.0016072370081326543]",-0.5806451612903226,0.0087890625,0.0087890625,0.00615234375,0.0087890625,0.0026367187499999997,0.0,1.1612903225806452,0.0,0.3,1.0,,,,,,
A-constant-target,c10-eclip,0.3,threshold,1,26,4096,0.588134765625,0.588134765625,0.0,0.0,"[0.0, 0.0]",0.0,-0.00048828125,0.000345224823286452,"[-0.001164921903641446, 0.00018835940364144593]",,0.00146484375,0.00146484375,0.0010253906249999998,0.00146484375,0.00043945312499999996,0.0,,0.0,0.3,1.0,,,100.0,0.3,,
A-constant-target,c10-eclip,0.3,threshold,4,104,4096,2.064697265625,2.0654296875,0.000732421875,0.00042276069059612694,"[-9.618907856840883e-05, 0.0015610328285684087]",0.000354735721887194,-0.001953125,0.0007715312387960625,"[-0.0034653262280402823, -0.0004409237719597177]",-2.6666666666666665,0.00439453125,0.004150390625,0.0029052734374999997,0.004150390625,0.0012451171875,0.0,5.666666666666667,0.0,0.3,1.0,,,100.0,0.3,,
A-constant-target,c10-eclip,0.3,threshold,10,261,4096,3.793701171875,3.796630859375,0.0029296875,0.000912454281545228,"[0.0011412771081713532, 0.004718097891828647]",0.0007722504665679902,-0.002685546875,0.0009447363610748978,"[-0.004537230142706799, -0.0008338636072932003]",-0.9166666666666666,0.0068359375,0.00634765625,0.004443359375,0.00634765625,0.001904296875,0.0,2.1666666666666665,0.0,0.3,1.0,,,100.0,0.3,,
A-constant-target,c10-eclip,0.3,threshold,25,652,4096,5.918701171875,5.92431640625,0.005615234375,0.0015223169730787084,"[0.0026314931077657316, 0.008598975642234268]",0.0009487274677226416,-0.00390625,0.0012435324709608286,"[-0.006343573643083224, -0.0014689263569167758]",-0.6956521739130435,0.008056640625,0.007568359375,0.0052978515625,0.007568359375,0.0022705078124999997,0.0,1.3478260869565217,0.0,0.3,1.0,,,100.0,0.3,,
A-constant-target,c10-eclip,0.3,threshold,50,1304,4096,7.615966796875,7.622802734375,0.0068359375,0.0017910961240648342,"[0.003325389096832925, 0.010346485903167075]",0.0008975797403430037,-0.00390625,0.0012435324709608286,"[-0.006343573643083224, -0.0014689263569167758]",-0.5714285714285714,0.00830078125,0.0078125,0.00546875,0.0078125,0.00234375,0.0,1.1428571428571428,0.0,0.3,1.0,,,100.0,0.3,,
A-constant-target,c10-eclip,0.3,threshold,100,2609,4096,9.338623046875,9.34619140625,0.007568359375,0.001871775897077898,"[0.00389967861672732, 0.01123704013327268]",0.000810436328462001,-0.004150390625,0.0014011520536946118,"[-0.006896648650241439, -0.0014041325997585607]",-0.5483870967741935,0.0087890625,0.00830078125,0.005810546874999999,0.00830078125,0.002490234375,0.0,1.096774193548387,0.0,0.3,1.0,,,100.0,0.3,,
A-constant-target,c10-eclip,0.3,all-discoveries-public-lock,1,26,4096,0.588134765625,0.588134765625,0.0,0.0,"[0.0, 0.0]",0.0,,,,,0.00244140625,0.0,0.0,0.00244140625,,0.00244140625,,0.0,0.3,1.0,,,,,"Impossible ownership stress: controls every discovery after a public lock at zero cost, but lacks foresight; it is not the omniscient hard ceiling.",
A-constant-target,c10-eclip,0.3,all-discoveries-public-lock,4,104,4096,2.064697265625,2.066650390625,0.001953125,0.0006899435135935306,"[0.00060083571335668, 0.0033054142866433198]",0.0009459619250325174,,,,,0.011474609375,0.0,0.0,0.011474609375,,0.011474609375,0.0,0.0,0.3,1.0,,,,,"Impossible ownership stress: controls every discovery after a public lock at zero cost, but lacks foresight; it is not the omniscient hard ceiling.",
A-constant-target,c10-eclip,0.3,all-discoveries-public-lock,10,261,4096,3.793701171875,3.799560546875,0.005859375,0.0013342383809843226,"[0.0032442677732707277, 0.008474482226729273]",0.0015445009331359805,,,,,0.017822265625,0.0,0.0,0.017822265625,,0.017822265625,0.0,0.0,0.3,1.0,,,,,"Impossible ownership stress: controls every discovery after a public lock at zero cost, but lacks foresight; it is not the omniscient hard ceiling.",
A-constant-target,c10-eclip,0.3,all-discoveries-public-lock,25,652,4096,5.918701171875,5.931884765625,0.01318359375,0.002254951767544568,"[0.008763888285612646, 0.017603299214387354]",0.0022274470981314192,,,,,0.022705078125,0.0,0.0,0.022705078125,,0.022705078125,0.0,0.0,0.3,1.0,,,,,"Impossible ownership stress: controls every discovery after a public lock at zero cost, but lacks foresight; it is not the omniscient hard ceiling.",
A-constant-target,c10-eclip,0.3,all-discoveries-public-lock,50,1304,4096,7.615966796875,7.633544921875,0.017578125,0.002748781926772032,"[0.012190512423526818, 0.02296573757647318]",0.0023080621894534382,,,,,0.024658203125,0.0,0.0,0.024658203125,,0.024658203125,0.0,0.0,0.3,1.0,,,,,"Impossible ownership stress: controls every discovery after a public lock at zero cost, but lacks foresight; it is not the omniscient hard ceiling.",
A-constant-target,c10-eclip,0.3,all-discoveries-public-lock,100,2609,4096,9.338623046875,9.361328125,0.022705078125,0.003408678952082911,"[0.016024067378917494, 0.029386088871082506]",0.002431308985386003,,,,,0.026123046875,0.0,0.0,0.026123046875,,0.026123046875,0.0,0.0,0.3,1.0,,,,,"Impossible ownership stress: controls every discovery after a public lock at zero cost, but lacks foresight; it is not the omniscient hard ceiling.",
A-constant-target,c10-eclip,0.3,omniscient-hard-ceiling,1,26,4096,0.588134765625,26.0,25.411865234375,0.01123763308149417,"[25.38983947353527, 25.43389099521473]",43.20755500207555,,,,,,0.0,0.0,,,,,,,,,,,,"Hard count ceiling only: grants arbitrary foresight, control, delay, and zero cost; it is not an executable strategy.",
A-constant-target,c10-eclip,0.3,omniscient-hard-ceiling,4,104,4096,2.064697265625,104.0,101.935302734375,0.017330692410786035,"[101.90133457724986, 101.96927089150014]",49.37058058413149,,,,,,0.0,0.0,,,,,,,,,,,,"Hard count ceiling only: grants arbitrary foresight, control, delay, and zero cost; it is not an executable strategy.",
A-constant-target,c10-eclip,0.3,omniscient-hard-ceiling,10,261,4096,3.793701171875,261.0,257.206298828125,0.019747150706444113,"[257.16759441274036, 257.24500324350964]",67.79824956560911,,,,,,0.0,0.0,,,,,,,,,,,,"Hard count ceiling only: grants arbitrary foresight, control, delay, and zero cost; it is not an executable strategy.",
A-constant-target,c10-eclip,0.3,omniscient-hard-ceiling,25,652,4096,5.918701171875,652.0,646.081298828125,0.023831243747484417,"[646.0345895903799, 646.1280080658701]",109.15930371653673,,,,,,0.0,0.0,,,,,,,,,,,,"Hard count ceiling only: grants arbitrary foresight, control, delay, and zero cost; it is not an executable strategy.",
A-constant-target,c10-eclip,0.3,omniscient-hard-ceiling,50,1304,4096,7.615966796875,1304.0,1296.384033203125,0.02722354232275649,"[1296.3306750601723, 1296.4373913460777]",170.2192338515788,,,,,,0.0,0.0,,,,,,,,,,,,"Hard count ceiling only: grants arbitrary foresight, control, delay, and zero cost; it is not an executable strategy.",
A-constant-target,c10-eclip,0.3,omniscient-hard-ceiling,100,2609,4096,9.338623046875,2609.0,2599.661376953125,0.03115190823710819,"[2599.60031921298, 2599.72243469327]",278.3773757548822,,,,,,0.0,0.0,,,,,,,,,,,,"Hard count ceiling only: grants arbitrary foresight, control, delay, and zero cost; it is not an executable strategy.",
A-constant-target,c10-eclip,0.3,public-lock-budget-1R,1,26,4096,0.588134765625,0.588134765625,0.0,0.0,"[0.0, 0.0]",0.0,-0.00048828125,0.000345224823286452,"[-0.001164921903641446, 0.00018835940364144593]",,0.00146484375,0.00146484375,0.0010253906249999998,0.00146484375,0.00043945312499999996,0.0,,0.0,0.3,1.0,1,0.00146484375,,,,True
A-constant-target,c10-eclip,0.3,public-lock-budget-1R,4,104,4096,2.064697265625,2.0654296875,0.000732421875,0.00042276069059612694,"[-9.618907856840883e-05, 0.0015610328285684087]",0.000354735721887194,-0.002197265625,0.000809093449307695,"[-0.0037830887856430823, -0.000611442464356918]",-3.0,0.00439453125,0.00439453125,0.003076171875,0.00439453125,0.0013183593749999999,0.0,6.0,0.0,0.3,1.0,1,0.00439453125,,,,True
A-constant-target,c10-eclip,0.3,public-lock-budget-1R,10,261,4096,3.793701171875,3.796630859375,0.0029296875,0.000912454281545228,"[0.0011412771081713532, 0.004718097891828647]",0.0007722504665679902,-0.0029296875,0.0009756081264517115,"[-0.004841879427845355, -0.0010174955721546455]",-1.0,0.0068359375,0.0068359375,0.0047851562499999995,0.0068359375,0.00205078125,0.0,2.3333333333333335,0.0,0.3,1.0,1,0.0068359375,,,,True
A-constant-target,c10-eclip,0.3,public-lock-budget-1R,25,652,4096,5.918701171875,5.92431640625,0.005615234375,0.0015223169730787084,"[0.0026314931077657316, 0.008598975642234268]",0.0009487274677226416,-0.004150390625,0.0012670879512123169,"[-0.006633883009376141, -0.001666898240623859]",-0.7391304347826086,0.008056640625,0.008056640625,0.0056396484374999995,0.008056640625,0.0024169921875,0.0,1.434782608695652,0.0,0.3,1.0,1,0.008056640625,,,,True
A-constant-target,c10-eclip,0.3,public-lock-budget-1R,50,1304,4096,7.615966796875,7.622802734375,0.0068359375,0.0017910961240648342,"[0.003325389096832925, 0.010346485903167075]",0.0008975797403430037,-0.004150390625,0.0012670879512123169,"[-0.006633883009376141, -0.001666898240623859]",-0.6071428571428571,0.00830078125,0.00830078125,0.005810546874999999,0.00830078125,0.002490234375,0.0,1.2142857142857142,0.0,0.3,1.0,1,0.00830078125,,,,True
A-constant-target,c10-eclip,0.3,public-lock-budget-1R,100,2609,4096,9.338623046875,9.34619140625,0.007568359375,0.001871775897077898,"[0.00389967861672732, 0.01123704013327268]",0.000810436328462001,-0.00439453125,0.001422088898911911,"[-0.007181825491867346, -0.0016072370081326543]",-0.5806451612903226,0.0087890625,0.0087890625,0.00615234375,0.0087890625,0.0026367187499999997,0.0,1.1612903225806452,0.0,0.3,1.0,1,0.0087890625,,,,True
A-constant-target,c10-eclip,0.5,shallow-lock,1,26,4096,0.595458984375,0.595458984375,0.0,0.0,"[0.0, 0.0]",0.0,0.0,0.0,"[0.0, 0.0]",,0.00048828125,0.00048828125,0.000244140625,0.00048828125,0.000244140625,0.0,,0.0,0.5,1.0,,,,,,
A-constant-target,c10-eclip,0.5,shallow-lock,4,104,4096,2.0283203125,2.02880859375,0.00048828125,0.000345224823286452,"[-0.00018835940364144593, 0.001164921903641446]",0.00024073182474723158,0.0,0.0,"[0.0, 0.0]",0.0,0.003173828125,0.003173828125,0.0015869140625,0.003173828125,0.0015869140625,0.0,6.5,0.0,0.5,1.0,,,,,,
A-constant-target,c10-eclip,0.5,shallow-lock,10,261,4096,3.791015625,3.792724609375,0.001708984375,0.0006454619924811455,"[0.00044387886973695475, 0.0029740898802630453]",0.00045079855744461616,0.00048828125,0.000345224823286452,"[-0.00018835940364144593, 0.001164921903641446]",0.2857142857142857,0.0048828125,0.0048828125,0.00244140625,0.0048828125,0.00244140625,0.0,2.857142857142857,0.0,0.5,1.0,,,,,,
A-constant-target,c10-eclip,0.5,shallow-lock,25,652,4096,5.91650390625,5.919189453125,0.002685546875,0.0009447363610748978,"[0.0008338636072932003, 0.004537230142706799]",0.00045390773293719567,0.0009765625,0.000690449646572904,"[-0.00037671880728289186, 0.002329843807282892]",0.36363636363636365,0.005126953125,0.005126953125,0.0025634765625,0.005126953125,0.0025634765625,0.0,1.9090909090909092,0.0,0.5,1.0,,,,,,
A-constant-target,c10-eclip,0.5,shallow-lock,50,1304,4096,7.61572265625,7.618896484375,0.003173828125,0.0011699494567663084,"[0.0008807271897380356, 0.005466929060261964]",0.00041674681028402896,0.001220703125,0.0008801623239234696,"[-0.0005044150298900004, 0.0029458212798900004]",0.38461538461538464,0.006103515625,0.006103515625,0.0030517578125,0.006103515625,0.0030517578125,0.0,1.9230769230769231,0.0,0.5,1.0,,,,,,
A-constant-target,c10-eclip,0.5,shallow-lock,100,2609,4096,9.3740234375,9.378173828125,0.004150390625,0.0013132974821402146,"[0.0015763275600051796, 0.00672445368999482]",0.0004427544535889155,0.001708984375,0.0009452908471424719,"[-0.00014378568539924496, 0.0035617544353992447]",0.4117647058823529,0.006103515625,0.006103515625,0.0030517578125,0.006103515625,0.0030517578125,0.0,1.4705882352941178,0.0,0.5,1.0,,,,,,
A-constant-target,c10-eclip,0.5,public-lock,1,26,4096,0.595458984375,0.595458984375,0.0,0.0,"[0.0, 0.0]",0.0,-0.000732421875,0.00042276069059612694,"[-0.0015610328285684087, 9.618907856840883e-05]",,0.001220703125,0.001220703125,0.0006103515625,0.001220703125,0.0006103515625,0.0,,0.0,0.5,1.0,,,,,,
A-constant-target,c10-eclip,0.5,public-lock,4,104,4096,2.0283203125,2.029296875,0.0009765625,0.0005978982471660605,"[-0.00019531806444547857, 0.0021484430644454783]",0.00048146364949446316,-0.001220703125,0.0006457325413738735,"[-0.002486338906092792, 4.493265609279199e-05]",-1.25,0.0048828125,0.0048828125,0.00244140625,0.0048828125,0.00244140625,0.0,5.0,0.0,0.5,1.0,,,,,,
A-constant-target,c10-eclip,0.5,public-lock,10,261,4096,3.791015625,3.7939453125,0.0029296875,0.000912454281545228,"[0.0011412771081713532, 0.004718097891828647]",0.0007727975270479134,-0.001708984375,0.00087996385448661,"[-0.0034337135297937554, 1.5744779793755654e-05]",-0.5833333333333334,0.00830078125,0.00830078125,0.004150390625,0.00830078125,0.004150390625,0.0,2.8333333333333335,0.0,0.5,1.0,,,,,,
A-constant-target,c10-eclip,0.5,public-lock,25,652,4096,5.91650390625,5.92041015625,0.00390625,0.0010902558437672978,"[0.0017693485462160962, 0.006043151453783904]",0.0006602294297268301,-0.002685546875,0.0011702480052923148,"[-0.004979232965372937, -0.0003918607846270629]",-0.6875,0.010009765625,0.010009765625,0.0050048828125,0.010009765625,0.0050048828125,0.0,2.5625,0.0,0.5,1.0,,,,,,
A-constant-target,c10-eclip,0.5,public-lock,50,1304,4096,7.61572265625,7.6201171875,0.00439453125,0.0012902021682446865,"[0.0018657350002404148, 0.006923327499759585]",0.0005770340450086555,-0.0029296875,0.001336592690320212,"[-0.005549409173027616, -0.0003099658269723844]",-0.6666666666666666,0.01123046875,0.01123046875,0.005615234375,0.01123046875,0.005615234375,0.0,2.5555555555555554,0.0,0.5,1.0,,,,,,
A-constant-target,c10-eclip,0.5,public-lock,100,2609,4096,9.3740234375,9.38037109375,0.00634765625,0.0015410803070744585,"[0.003327138848134061, 0.009368173651865938]",0.0006771538701948119,-0.002197265625,0.0014022320118600305,"[-0.00494564036824566, 0.0005511091182456599]",-0.34615384615384615,0.011474609375,0.011474609375,0.0057373046875,0.011474609375,0.0057373046875,0.0,1.8076923076923077,0.0,0.5,1.0,,,,,,
A-constant-target,c10-eclip,0.5,threshold,1,26,4096,0.595458984375,0.595458984375,0.0,0.0,"[0.0, 0.0]",0.0,-0.000732421875,0.00042276069059612694,"[-0.0015610328285684087, 9.618907856840883e-05]",,0.001220703125,0.001220703125,0.0006103515625,0.001220703125,0.0006103515625,0.0,,0.0,0.5,1.0,,,100.0,0.5,,
A-constant-target,c10-eclip,0.5,threshold,4,104,4096,2.0283203125,2.029296875,0.0009765625,0.0005978982471660605,"[-0.00019531806444547857, 0.0021484430644454783]",0.00048146364949446316,-0.001220703125,0.0006457325413738735,"[-0.002486338906092792, 4.493265609279199e-05]",-1.25,0.0048828125,0.0048828125,0.00244140625,0.0048828125,0.00244140625,0.0,5.0,0.0,0.5,1.0,,,100.0,0.5,,
A-constant-target,c10-eclip,0.5,threshold,10,261,4096,3.791015625,3.7939453125,0.0029296875,0.000912454281545228,"[0.0011412771081713532, 0.004718097891828647]",0.0007727975270479134,-0.001708984375,0.00087996385448661,"[-0.0034337135297937554, 1.5744779793755654e-05]",-0.5833333333333334,0.00830078125,0.00830078125,0.004150390625,0.00830078125,0.004150390625,0.0,2.8333333333333335,0.0,0.5,1.0,,,100.0,0.5,,
A-constant-target,c10-eclip,0.5,threshold,25,652,4096,5.91650390625,5.92041015625,0.00390625,0.0010902558437672978,"[0.0017693485462160962, 0.006043151453783904]",0.0006602294297268301,-0.002685546875,0.0011702480052923148,"[-0.004979232965372937, -0.0003918607846270629]",-0.6875,0.010009765625,0.010009765625,0.0050048828125,0.010009765625,0.0050048828125,0.0,2.5625,0.0,0.5,1.0,,,100.0,0.5,,
A-constant-target,c10-eclip,0.5,threshold,50,1304,4096,7.61572265625,7.6201171875,0.00439453125,0.0012902021682446865,"[0.0018657350002404148, 0.006923327499759585]",0.0005770340450086555,-0.0029296875,0.001336592690320212,"[-0.005549409173027616, -0.0003099658269723844]",-0.6666666666666666,0.01123046875,0.01123046875,0.005615234375,0.01123046875,0.005615234375,0.0,2.5555555555555554,0.0,0.5,1.0,,,100.0,0.5,,
A-constant-target,c10-eclip,0.5,threshold,100,2609,4096,9.3740234375,9.38037109375,0.00634765625,0.0015410803070744585,"[0.003327138848134061, 0.009368173651865938]",0.0006771538701948119,-0.002197265625,0.0014022320118600305,"[-0.00494564036824566, 0.0005511091182456599]",-0.34615384615384615,0.011474609375,0.011474609375,0.0057373046875,0.011474609375,0.0057373046875,0.0,1.8076923076923077,0.0,0.5,1.0,,,100.0,0.5,,
A-constant-target,c10-eclip,0.5,all-discoveries-public-lock,1,26,4096,0.595458984375,0.595703125,0.000244140625,0.000244140625,"[-0.000234375, 0.00072265625]",0.0004100041000410004,,,,,0.003173828125,0.0,0.0,0.003173828125,,0.003173828125,0.0,0.0,0.5,1.0,,,,,"Impossible ownership stress: controls every discovery after a public lock at zero cost, but lacks foresight; it is not the omniscient hard ceiling.",
A-constant-target,c10-eclip,0.5,all-discoveries-public-lock,4,104,4096,2.0283203125,2.03076171875,0.00244140625,0.0009128051580363914,"[0.0006523081402486728, 0.004230504359751327]",0.001203659123736158,,,,,0.011474609375,0.0,0.0,0.011474609375,,0.011474609375,0.0,0.0,0.5,1.0,,,,,"Impossible ownership stress: controls every discovery after a public lock at zero cost, but lacks foresight; it is not the omniscient hard ceiling.",
A-constant-target,c10-eclip,0.5,all-discoveries-public-lock,10,261,4096,3.791015625,3.7978515625,0.0068359375,0.0015013720797100458,"[0.00389324822376831, 0.00977862677623169]",0.0018031942297784646,,,,,0.018310546875,0.0,0.0,0.018310546875,,0.018310546875,0.0,0.0,0.5,1.0,,,,,"Impossible ownership stress: controls every discovery after a public lock at zero cost, but lacks foresight; it is not the omniscient hard ceiling.",
A-constant-target,c10-eclip,0.5,all-discoveries-public-lock,25,652,4096,5.91650390625,5.926513671875,0.010009765625,0.001900606080130032,"[0.006284577707945138, 0.013734953542054862]",0.001691837913675002,,,,,0.022705078125,0.0,0.0,0.022705078125,,0.022705078125,0.0,0.0,0.5,1.0,,,,,"Impossible ownership stress: controls every discovery after a public lock at zero cost, but lacks foresight; it is not the omniscient hard ceiling.",
A-constant-target,c10-eclip,0.5,all-discoveries-public-lock,50,1304,4096,7.61572265625,7.627685546875,0.011962890625,0.0023975226261863576,"[0.007263746277674739, 0.01666203497232526]",0.00157081490030134,,,,,0.0244140625,0.0,0.0,0.0244140625,,0.0244140625,0.0,0.0,0.5,1.0,,,,,"Impossible ownership stress: controls every discovery after a public lock at zero cost, but lacks foresight; it is not the omniscient hard ceiling.",
A-constant-target,c10-eclip,0.5,all-discoveries-public-lock,100,2609,4096,9.3740234375,9.389892578125,0.015869140625,0.002804970013522068,"[0.010371399398496746, 0.021366881851503254]",0.00169288467548703,,,,,0.024658203125,0.0,0.0,0.024658203125,,0.024658203125,0.0,0.0,0.5,1.0,,,,,"Impossible ownership stress: controls every discovery after a public lock at zero cost, but lacks foresight; it is not the omniscient hard ceiling.",
A-constant-target,c10-eclip,0.5,omniscient-hard-ceiling,1,26,4096,0.595458984375,26.0,25.404541015625,0.011265430888423857,"[25.38246077108369, 25.42662126016631]",42.66379663796638,,,,,,0.0,0.0,,,,,,,,,,,,"Hard count ceiling only: grants arbitrary foresight, control, delay, and zero cost; it is not an executable strategy.",
A-constant-target,c10-eclip,0.5,omniscient-hard-ceiling,4,104,4096,2.0283203125,104.0,101.9716796875,0.01720789257362368,"[101.9379522180557, 102.0054071569443]",50.27395281656235,,,,,,0.0,0.0,,,,,,,,,,,,"Hard count ceiling only: grants arbitrary foresight, control, delay, and zero cost; it is not an executable strategy.",
A-constant-target,c10-eclip,0.5,omniscient-hard-ceiling,10,261,4096,3.791015625,261.0,257.208984375,0.020053379428344675,"[257.1696797513205, 257.2482889986795]",67.84698608964452,,,,,,0.0,0.0,,,,,,,,,,,,"Hard count ceiling only: grants arbitrary foresight, control, delay, and zero cost; it is not an executable strategy.",
A-constant-target,c10-eclip,0.5,omniscient-hard-ceiling,25,652,4096,5.91650390625,652.0,646.08349609375,0.023985248677249976,"[646.0364850063426, 646.1305071811574]",109.20021457456465,,,,,,0.0,0.0,,,,,,,,,,,,"Hard count ceiling only: grants arbitrary foresight, control, delay, and zero cost; it is not an executable strategy.",
A-constant-target,c10-eclip,0.5,omniscient-hard-ceiling,50,1304,4096,7.61572265625,1304.0,1296.38427734375,0.027849505695433124,"[1296.329692312587, 1296.438862374913]",170.22472270308393,,,,,,0.0,0.0,,,,,,,,,,,,"Hard count ceiling only: grants arbitrary foresight, control, delay, and zero cost; it is not an executable strategy.",
A-constant-target,c10-eclip,0.5,omniscient-hard-ceiling,100,2609,4096,9.3740234375,2609.0,2599.6259765625,0.03121468174919398,"[2599.5647957862716, 2599.6871573387284]",277.32232524221274,,,,,,0.0,0.0,,,,,,,,,,,,"Hard count ceiling only: grants arbitrary foresight, control, delay, and zero cost; it is not an executable strategy.",
A-constant-target,c10-eclip,0.5,public-lock-budget-1R,1,26,4096,0.595458984375,0.595458984375,0.0,0.0,"[0.0, 0.0]",0.0,-0.000732421875,0.00042276069059612694,"[-0.0015610328285684087, 9.618907856840883e-05]",,0.001220703125,0.001220703125,0.0006103515625,0.001220703125,0.0006103515625,0.0,,0.0,0.5,1.0,1,0.001220703125,,,,True
A-constant-target,c10-eclip,0.5,public-lock-budget-1R,4,104,4096,2.0283203125,2.029296875,0.0009765625,0.0005978982471660605,"[-0.00019531806444547857, 0.0021484430644454783]",0.00048146364949446316,-0.001220703125,0.0006457325413738735,"[-0.002486338906092792, 4.493265609279199e-05]",-1.25,0.0048828125,0.0048828125,0.00244140625,0.0048828125,0.00244140625,0.0,5.0,0.0,0.5,1.0,1,0.0048828125,,,,True
A-constant-target,c10-eclip,0.5,public-lock-budget-1R,10,261,4096,3.791015625,3.7939453125,0.0029296875,0.000912454281545228,"[0.0011412771081713532, 0.004718097891828647]",0.0007727975270479134,-0.001708984375,0.00087996385448661,"[-0.0034337135297937554, 1.5744779793755654e-05]",-0.5833333333333334,0.00830078125,0.00830078125,0.004150390625,0.00830078125,0.004150390625,0.0,2.8333333333333335,0.0,0.5,1.0,1,0.00830078125,,,,True
A-constant-target,c10-eclip,0.5,public-lock-budget-1R,25,652,4096,5.91650390625,5.92041015625,0.00390625,0.0010902558437672978,"[0.0017693485462160962, 0.006043151453783904]",0.0006602294297268301,-0.002685546875,0.0011702480052923148,"[-0.004979232965372937, -0.0003918607846270629]",-0.6875,0.010009765625,0.010009765625,0.0050048828125,0.010009765625,0.0050048828125,0.0,2.5625,0.0,0.5,1.0,1,0.010009765625,,,,True
A-constant-target,c10-eclip,0.5,public-lock-budget-1R,50,1304,4096,7.61572265625,7.6201171875,0.00439453125,0.0012902021682446865,"[0.0018657350002404148, 0.006923327499759585]",0.0005770340450086555,-0.0029296875,0.001336592690320212,"[-0.005549409173027616, -0.0003099658269723844]",-0.6666666666666666,0.01123046875,0.01123046875,0.005615234375,0.01123046875,0.005615234375,0.0,2.5555555555555554,0.0,0.5,1.0,1,0.01123046875,,,,True
A-constant-target,c10-eclip,0.5,public-lock-budget-1R,100,2609,4096,9.3740234375,9.38037109375,0.00634765625,0.0015410803070744585,"[0.003327138848134061, 0.009368173651865938]",0.0006771538701948119,-0.002197265625,0.0014022320118600305,"[-0.00494564036824566, 0.0005511091182456599]",-0.34615384615384615,0.011474609375,0.011474609375,0.0057373046875,0.011474609375,0.0057373046875,0.0,1.8076923076923077,0.0,0.5,1.0,1,0.011474609375,,,,True
A-constant-target,c10-eclip,1.0,shallow-lock,1,26,4096,0.5927734375,0.5927734375,0.0,0.0,"[0.0, 0.0]",0.0,0.0,0.0,"[0.0, 0.0]",,0.002197265625,0.002197265625,0.0,0.002197265625,0.002197265625,0.0,,0.0,1.0,1.0,,,,,,
A-constant-target,c10-eclip,1.0,shallow-lock,4,104,4096,2.017822265625,2.01904296875,0.001220703125,0.0006457325413738735,"[-4.493265609279199e-05, 0.002486338906092792]",0.0006049606775559589,0.001220703125,0.0006457325413738735,"[-4.493265609279199e-05, 0.002486338906092792]",1.0,0.008056640625,0.008056640625,0.0,0.008056640625,0.008056640625,0.0,6.6,0.0,1.0,1.0,,,,,,
A-constant-target,c10-eclip,1.0,shallow-lock,10,261,4096,3.769287109375,3.7744140625,0.005126953125,0.0013571205715871989,"[0.0024669968046890905, 0.0077869094453109095]",0.0013601917222618046,0.005126953125,0.0013571205715871989,"[0.0024669968046890905, 0.0077869094453109095]",1.0,0.015380859375,0.015380859375,0.0,0.015380859375,0.015380859375,0.0,3.0,0.0,1.0,1.0,,,,,,
A-constant-target,c10-eclip,1.0,shallow-lock,25,652,4096,5.8935546875,5.905029296875,0.011474609375,0.0021350703473663273,"[0.0072898714941619985, 0.015659347255838]",0.0019469759734879867,0.011474609375,0.0021350703473663273,"[0.0072898714941619985, 0.015659347255838]",1.0,0.01904296875,0.01904296875,0.0,0.01904296875,0.01904296875,0.0,1.6595744680851063,0.0,1.0,1.0,,,,,,
A-constant-target,c10-eclip,1.0,shallow-lock,50,1304,4096,7.6015625,7.61865234375,0.01708984375,0.002683695331557831,"[0.011829800900146651, 0.022349886599853347]",0.0022482014388489208,0.01708984375,0.002683695331557831,"[0.011829800900146651, 0.022349886599853347]",1.0,0.020751953125,0.020751953125,0.0,0.020751953125,0.020751953125,0.0,1.2142857142857142,0.0,1.0,1.0,,,,,,
A-constant-target,c10-eclip,1.0,shallow-lock,100,2609,4096,9.318115234375,9.340087890625,0.02197265625,0.003401097462658977,"[0.015306505223188405, 0.028638807276811597]",0.0023580580082270025,0.02197265625,0.003401097462658977,"[0.015306505223188405, 0.028638807276811597]",1.0,0.021728515625,0.021728515625,0.0,0.021728515625,0.021728515625,0.0,0.9888888888888889,0.0,1.0,1.0,,,,,,
A-constant-target,c10-eclip,1.0,public-lock,1,26,4096,0.5927734375,0.5927734375,0.0,0.0,"[0.0, 0.0]",0.0,0.0,0.0,"[0.0, 0.0]",,0.002197265625,0.002197265625,0.0,0.002197265625,0.002197265625,0.0,,0.0,1.0,1.0,,,,,,
A-constant-target,c10-eclip,1.0,public-lock,4,104,4096,2.017822265625,2.01904296875,0.001220703125,0.0006457325413738735,"[-4.493265609279199e-05, 0.002486338906092792]",0.0006049606775559589,0.001220703125,0.0006457325413738735,"[-4.493265609279199e-05, 0.002486338906092792]",1.0,0.008056640625,0.008056640625,0.0,0.008056640625,0.008056640625,0.0,6.6,0.0,1.0,1.0,,,,,,
A-constant-target,c10-eclip,1.0,public-lock,10,261,4096,3.769287109375,3.7744140625,0.005126953125,0.0013571205715871989,"[0.0024669968046890905, 0.0077869094453109095]",0.0013601917222618046,0.005126953125,0.0013571205715871989,"[0.0024669968046890905, 0.0077869094453109095]",1.0,0.015380859375,0.015380859375,0.0,0.015380859375,0.015380859375,0.0,3.0,0.0,1.0,1.0,,,,,,
A-constant-target,c10-eclip,1.0,public-lock,25,652,4096,5.8935546875,5.905029296875,0.011474609375,0.0021350703473663273,"[0.0072898714941619985, 0.015659347255838]",0.0019469759734879867,0.011474609375,0.0021350703473663273,"[0.0072898714941619985, 0.015659347255838]",1.0,0.01904296875,0.01904296875,0.0,0.01904296875,0.01904296875,0.0,1.6595744680851063,0.0,1.0,1.0,,,,,,
A-constant-target,c10-eclip,1.0,public-lock,50,1304,4096,7.6015625,7.61865234375,0.01708984375,0.002683695331557831,"[0.011829800900146651, 0.022349886599853347]",0.0022482014388489208,0.01708984375,0.002683695331557831,"[0.011829800900146651, 0.022349886599853347]",1.0,0.020751953125,0.020751953125,0.0,0.020751953125,0.020751953125,0.0,1.2142857142857142,0.0,1.0,1.0,,,,,,
A-constant-target,c10-eclip,1.0,public-lock,100,2609,4096,9.318115234375,9.340087890625,0.02197265625,0.003401097462658977,"[0.015306505223188405, 0.028638807276811597]",0.0023580580082270025,0.02197265625,0.003401097462658977,"[0.015306505223188405, 0.028638807276811597]",1.0,0.021728515625,0.021728515625,0.0,0.021728515625,0.021728515625,0.0,0.9888888888888889,0.0,1.0,1.0,,,,,,
A-constant-target,c10-eclip,1.0,threshold,1,26,4096,0.5927734375,0.5927734375,0.0,0.0,"[0.0, 0.0]",0.0,0.0,0.0,"[0.0, 0.0]",,0.002197265625,0.002197265625,0.0,0.002197265625,0.002197265625,0.0,,0.0,1.0,1.0,,,100.0,1.0,,
A-constant-target,c10-eclip,1.0,threshold,4,104,4096,2.017822265625,2.01904296875,0.001220703125,0.0006457325413738735,"[-4.493265609279199e-05, 0.002486338906092792]",0.0006049606775559589,0.001220703125,0.0006457325413738735,"[-4.493265609279199e-05, 0.002486338906092792]",1.0,0.008056640625,0.0078125,0.0,0.0078125,0.0078125,0.0,6.4,0.0,1.0,1.0,,,100.0,1.0,,
A-constant-target,c10-eclip,1.0,threshold,10,261,4096,3.769287109375,3.7744140625,0.005126953125,0.0013571205715871989,"[0.0024669968046890905, 0.0077869094453109095]",0.0013601917222618046,0.005126953125,0.0013571205715871989,"[0.0024669968046890905, 0.0077869094453109095]",1.0,0.015380859375,0.01513671875,0.0,0.01513671875,0.01513671875,0.0,2.9523809523809526,0.0,1.0,1.0,,,100.0,1.0,,
A-constant-target,c10-eclip,1.0,threshold,25,652,4096,5.8935546875,5.905029296875,0.011474609375,0.0021350703473663273,"[0.0072898714941619985, 0.015659347255838]",0.0019469759734879867,0.011474609375,0.0021350703473663273,"[0.0072898714941619985, 0.015659347255838]",1.0,0.01904296875,0.018798828125,0.0,0.018798828125,0.018798828125,0.0,1.6382978723404256,0.0,1.0,1.0,,,100.0,1.0,,
A-constant-target,c10-eclip,1.0,threshold,50,1304,4096,7.6015625,7.61865234375,0.01708984375,0.002683695331557831,"[0.011829800900146651, 0.022349886599853347]",0.0022482014388489208,0.01708984375,0.002683695331557831,"[0.011829800900146651, 0.022349886599853347]",1.0,0.020751953125,0.0205078125,0.0,0.0205078125,0.0205078125,0.0,1.2,0.0,1.0,1.0,,,100.0,1.0,,
A-constant-target,c10-eclip,1.0,threshold,100,2609,4096,9.318115234375,9.340087890625,0.02197265625,0.003401097462658977,"[0.015306505223188405, 0.028638807276811597]",0.0023580580082270025,0.02197265625,0.003401097462658977,"[0.015306505223188405, 0.028638807276811597]",1.0,0.021728515625,0.021484375,0.0,0.021484375,0.021484375,0.0,0.9777777777777777,0.0,1.0,1.0,,,100.0,1.0,,
A-constant-target,c10-eclip,1.0,all-discoveries-public-lock,1,26,4096,0.5927734375,0.5927734375,0.0,0.0,"[0.0, 0.0]",0.0,,,,,0.002197265625,0.0,0.0,0.002197265625,,0.002197265625,,0.0,1.0,1.0,,,,,"Impossible ownership stress: controls every discovery after a public lock at zero cost, but lacks foresight; it is not the omniscient hard ceiling.",
A-constant-target,c10-eclip,1.0,all-discoveries-public-lock,4,104,4096,2.017822265625,2.01904296875,0.001220703125,0.0006457325413738735,"[-4.493265609279199e-05, 0.002486338906092792]",0.0006049606775559589,,,,,0.008056640625,0.0,0.0,0.008056640625,,0.008056640625,0.0,0.0,1.0,1.0,,,,,"Impossible ownership stress: controls every discovery after a public lock at zero cost, but lacks foresight; it is not the omniscient hard ceiling.",
A-constant-target,c10-eclip,1.0,all-discoveries-public-lock,10,261,4096,3.769287109375,3.7744140625,0.005126953125,0.0013571205715871989,"[0.0024669968046890905, 0.0077869094453109095]",0.0013601917222618046,,,,,0.015380859375,0.0,0.0,0.015380859375,,0.015380859375,0.0,0.0,1.0,1.0,,,,,"Impossible ownership stress: controls every discovery after a public lock at zero cost, but lacks foresight; it is not the omniscient hard ceiling.",
A-constant-target,c10-eclip,1.0,all-discoveries-public-lock,25,652,4096,5.8935546875,5.905029296875,0.011474609375,0.0021350703473663273,"[0.0072898714941619985, 0.015659347255838]",0.0019469759734879867,,,,,0.01904296875,0.0,0.0,0.01904296875,,0.01904296875,0.0,0.0,1.0,1.0,,,,,"Impossible ownership stress: controls every discovery after a public lock at zero cost, but lacks foresight; it is not the omniscient hard ceiling.",
A-constant-target,c10-eclip,1.0,all-discoveries-public-lock,50,1304,4096,7.6015625,7.61865234375,0.01708984375,0.002683695331557831,"[0.011829800900146651, 0.022349886599853347]",0.0022482014388489208,,,,,0.020751953125,0.0,0.0,0.020751953125,,0.020751953125,0.0,0.0,1.0,1.0,,,,,"Impossible ownership stress: controls every discovery after a public lock at zero cost, but lacks foresight; it is not the omniscient hard ceiling.",
A-constant-target,c10-eclip,1.0,all-discoveries-public-lock,100,2609,4096,9.318115234375,9.340087890625,0.02197265625,0.003401097462658977,"[0.015306505223188405, 0.028638807276811597]",0.0023580580082270025,,,,,0.021728515625,0.0,0.0,0.021728515625,,0.021728515625,0.0,0.0,1.0,1.0,,,,,"Impossible ownership stress: controls every discovery after a public lock at zero cost, but lacks foresight; it is not the omniscient hard ceiling.",
A-constant-target,c10-eclip,1.0,omniscient-hard-ceiling,1,26,4096,0.5927734375,26.0,25.4072265625,0.01139192087595687,"[25.384898397583125, 25.429554727416875]",42.861614497528834,,,,,,0.0,0.0,,,,,,,,,,,,"Hard count ceiling only: grants arbitrary foresight, control, delay, and zero cost; it is not an executable strategy.",
A-constant-target,c10-eclip,1.0,omniscient-hard-ceiling,4,104,4096,2.017822265625,104.0,101.982177734375,0.01732010013642454,"[101.9482303381076, 102.0161251306424]",50.54071385359951,,,,,,0.0,0.0,,,,,,,,,,,,"Hard count ceiling only: grants arbitrary foresight, control, delay, and zero cost; it is not an executable strategy.",
A-constant-target,c10-eclip,1.0,omniscient-hard-ceiling,10,261,4096,3.769287109375,261.0,257.230712890625,0.019969762606325117,"[257.1915721559166, 257.2698536253334]",68.24386294449123,,,,,,0.0,0.0,,,,,,,,,,,,"Hard count ceiling only: grants arbitrary foresight, control, delay, and zero cost; it is not an executable strategy.",
A-constant-target,c10-eclip,1.0,omniscient-hard-ceiling,25,652,4096,5.8935546875,652.0,646.1064453125,0.024264681502630968,"[646.0588865367548, 646.1540040882452]",109.62932891466446,,,,,,0.0,0.0,,,,,,,,,,,,"Hard count ceiling only: grants arbitrary foresight, control, delay, and zero cost; it is not an executable strategy.",
A-constant-target,c10-eclip,1.0,omniscient-hard-ceiling,50,1304,4096,7.6015625,1304.0,1296.3984375,0.02760503056910654,"[1296.3443316400846, 1296.4525433599154]",170.5436793422405,,,,,,0.0,0.0,,,,,,,,,,,,"Hard count ceiling only: grants arbitrary foresight, control, delay, and zero cost; it is not an executable strategy.",
A-constant-target,c10-eclip,1.0,omniscient-hard-ceiling,100,2609,4096,9.318115234375,2609.0,2599.681884765625,0.03151643124190187,"[2599.6201125603907, 2599.7436569708593]",278.9922446092174,,,,,,0.0,0.0,,,,,,,,,,,,"Hard count ceiling only: grants arbitrary foresight, control, delay, and zero cost; it is not an executable strategy.",
A-constant-target,c10-eclip,1.0,public-lock-budget-1R,1,26,4096,0.5927734375,0.5927734375,0.0,0.0,"[0.0, 0.0]",0.0,0.0,0.0,"[0.0, 0.0]",,0.002197265625,0.002197265625,0.0,0.002197265625,0.002197265625,0.0,,0.0,1.0,1.0,1,0.002197265625,,,,True
A-constant-target,c10-eclip,1.0,public-lock-budget-1R,4,104,4096,2.017822265625,2.01904296875,0.001220703125,0.0006457325413738735,"[-4.493265609279199e-05, 0.002486338906092792]",0.0006049606775559589,0.001220703125,0.0006457325413738735,"[-4.493265609279199e-05, 0.002486338906092792]",1.0,0.008056640625,0.008056640625,0.0,0.008056640625,0.008056640625,0.0,6.6,0.0,1.0,1.0,1,0.008056640625,,,,True
A-constant-target,c10-eclip,1.0,public-lock-budget-1R,10,261,4096,3.769287109375,3.7744140625,0.005126953125,0.0013571205715871989,"[0.0024669968046890905, 0.0077869094453109095]",0.0013601917222618046,0.005126953125,0.0013571205715871989,"[0.0024669968046890905, 0.0077869094453109095]",1.0,0.015380859375,0.015380859375,0.0,0.015380859375,0.015380859375,0.0,3.0,0.0,1.0,1.0,1,0.015380859375,,,,True
A-constant-target,c10-eclip,1.0,public-lock-budget-1R,25,652,4096,5.8935546875,5.90478515625,0.01123046875,0.0021213815890966116,"[0.007072560835370641, 0.015388376664629359]",0.0019055509527754763,0.01123046875,0.0021213815890966116,"[0.007072560835370641, 0.015388376664629359]",1.0,0.01904296875,0.018798828125,0.0,0.018798828125,0.018798828125,0.0,1.673913043478261,0.0,1.0,1.0,1,0.018798828125,,,,True
A-constant-target,c10-eclip,1.0,public-lock-budget-1R,50,1304,4096,7.6015625,7.61865234375,0.01708984375,0.002683695331557831,"[0.011829800900146651, 0.022349886599853347]",0.0022482014388489208,0.01708984375,0.002683695331557831,"[0.011829800900146651, 0.022349886599853347]",1.0,0.020751953125,0.0205078125,0.0,0.0205078125,0.0205078125,0.0,1.2,0.0,1.0,1.0,1,0.0205078125,,,,True
A-constant-target,c10-eclip,1.0,public-lock-budget-1R,100,2609,4096,9.318115234375,9.34033203125,0.022216796875,0.0033919331081857422,"[0.015568607982955946, 0.028864985767044056]",0.002384258652762858,0.022216796875,0.0033919331081857422,"[0.015568607982955946, 0.028864985767044056]",1.0,0.021728515625,0.021240234375,0.0,0.021240234375,0.021240234375,0.0,0.9560439560439561,0.0,1.0,1.0,1,0.021240234375,,,,True
A-constant-target,c10-unclipped,0.01,public-lock,1,26,4096,0.32861328125,0.32861328125,0.0,0.0,"[0.0, 0.0]",0.0,0.0,0.0,"[0.0, 0.0]",,0.0,0.0,0.0,0.0,0.0,0.0,,0.0,0.01,1.0,,,,,,
A-constant-target,c10-unclipped,0.01,public-lock,4,104,4096,1.082763671875,1.0830078125,0.000244140625,0.000244140625,"[-0.000234375, 0.00072265625]",0.00022547914317925591,-0.00048828125,0.000345224823286452,"[-0.001164921903641446, 0.00018835940364144593]",-2.0,0.00048828125,0.00048828125,0.0004833984375,0.00048828125,4.8828125e-06,0.0,2.0,0.0,0.01,1.0,,,,,,
A-constant-target,c10-unclipped,0.01,public-lock,10,261,4096,2.073974609375,2.073974609375,0.0,0.0,"[0.0, 0.0]",0.0,-0.000732421875,0.00042276069059612694,"[-0.0015610328285684087, 9.618907856840883e-05]",,0.000732421875,0.000732421875,0.0007250976562499999,0.000732421875,7.32421875e-06,0.0,,0.0,0.01,1.0,,,,,,
A-constant-target,c10-unclipped,0.01,public-lock,25,652,4096,3.566650390625,3.566650390625,0.0,0.0,"[0.0, 0.0]",0.0,-0.000732421875,0.00042276069059612694,"[-0.0015610328285684087, 9.618907856840883e-05]",,0.000732421875,0.000732421875,0.0007250976562499999,0.000732421875,7.32421875e-06,0.0,,0.0,0.01,1.0,,,,,,
A-constant-target,c10-unclipped,0.01,public-lock,50,1304,4096,4.928466796875,4.928466796875,0.0,0.0,"[0.0, 0.0]",0.0,-0.000732421875,0.00042276069059612694,"[-0.0015610328285684087, 9.618907856840883e-05]",,0.000732421875,0.000732421875,0.0007250976562499999,0.000732421875,7.32421875e-06,0.0,,0.0,0.01,1.0,,,,,,
A-constant-target,c10-unclipped,0.01,public-lock,100,2609,4096,6.30908203125,6.309326171875,0.000244140625,0.000244140625,"[-0.000234375, 0.00072265625]",3.869669530222119e-05,-0.000732421875,0.00042276069059612694,"[-0.0015610328285684087, 9.618907856840883e-05]",-3.0,0.000732421875,0.000732421875,0.0007250976562499999,0.000732421875,7.32421875e-06,0.0,3.0,0.0,0.01,1.0,,,,,,
A-constant-target,c10-unclipped,0.01,public-lock-budget-1R,1,26,4096,0.32861328125,0.32861328125,0.0,0.0,"[0.0, 0.0]",0.0,0.0,0.0,"[0.0, 0.0]",,0.0,0.0,0.0,0.0,0.0,0.0,,0.0,0.01,1.0,1,0.0,,,,True
A-constant-target,c10-unclipped,0.01,public-lock-budget-1R,4,104,4096,1.082763671875,1.0830078125,0.000244140625,0.000244140625,"[-0.000234375, 0.00072265625]",0.00022547914317925591,-0.00048828125,0.000345224823286452,"[-0.001164921903641446, 0.00018835940364144593]",-2.0,0.00048828125,0.00048828125,0.0004833984375,0.00048828125,4.8828125e-06,0.0,2.0,0.0,0.01,1.0,1,0.00048828125,,,,True
A-constant-target,c10-unclipped,0.01,public-lock-budget-1R,10,261,4096,2.073974609375,2.073974609375,0.0,0.0,"[0.0, 0.0]",0.0,-0.000732421875,0.00042276069059612694,"[-0.0015610328285684087, 9.618907856840883e-05]",,0.000732421875,0.000732421875,0.0007250976562499999,0.000732421875,7.32421875e-06,0.0,,0.0,0.01,1.0,1,0.000732421875,,,,True
A-constant-target,c10-unclipped,0.01,public-lock-budget-1R,25,652,4096,3.566650390625,3.566650390625,0.0,0.0,"[0.0, 0.0]",0.0,-0.000732421875,0.00042276069059612694,"[-0.0015610328285684087, 9.618907856840883e-05]",,0.000732421875,0.000732421875,0.0007250976562499999,0.000732421875,7.32421875e-06,0.0,,0.0,0.01,1.0,1,0.000732421875,,,,True
A-constant-target,c10-unclipped,0.01,public-lock-budget-1R,50,1304,4096,4.928466796875,4.928466796875,0.0,0.0,"[0.0, 0.0]",0.0,-0.000732421875,0.00042276069059612694,"[-0.0015610328285684087, 9.618907856840883e-05]",,0.000732421875,0.000732421875,0.0007250976562499999,0.000732421875,7.32421875e-06,0.0,,0.0,0.01,1.0,1,0.000732421875,,,,True
A-constant-target,c10-unclipped,0.01,public-lock-budget-1R,100,2609,4096,6.30908203125,6.309326171875,0.000244140625,0.000244140625,"[-0.000234375, 0.00072265625]",3.869669530222119e-05,-0.000732421875,0.00042276069059612694,"[-0.0015610328285684087, 9.618907856840883e-05]",-3.0,0.000732421875,0.000732421875,0.0007250976562499999,0.000732421875,7.32421875e-06,0.0,3.0,0.0,0.01,1.0,1,0.000732421875,,,,True
A-constant-target,c10-unclipped,0.1,public-lock,1,26,4096,0.3212890625,0.3212890625,0.0,0.0,"[0.0, 0.0]",0.0,-0.000244140625,0.000244140625,"[-0.00072265625, 0.000234375]",,0.000244140625,0.000244140625,0.0002197265625,0.000244140625,2.44140625e-05,0.0,,0.0,0.1,1.0,,,,,,
A-constant-target,c10-unclipped,0.1,public-lock,4,104,4096,1.0859375,1.086181640625,0.000244140625,0.000244140625,"[-0.000234375, 0.00072265625]",0.0002248201438848921,-0.00048828125,0.000345224823286452,"[-0.001164921903641446, 0.00018835940364144593]",-2.0,0.00048828125,0.00048828125,0.000439453125,0.00048828125,4.8828125e-05,0.0,2.0,0.0,0.1,1.0,,,,,,
A-constant-target,c10-unclipped,0.1,public-lock,10,261,4096,2.080078125,2.080322265625,0.000244140625,0.000244140625,"[-0.000234375, 0.00072265625]",0.00011737089201877934,-0.001220703125,0.0005456483432585137,"[-0.0022901738777866866, -0.00015123237221331318]",-5.0,0.001220703125,0.001220703125,0.0010986328125,0.001220703125,0.0001220703125,0.0,5.0,0.0,0.1,1.0,,,,,,
A-constant-target,c10-unclipped,0.1,public-lock,25,652,4096,3.564697265625,3.565185546875,0.00048828125,0.00048828125,"[-0.00046875, 0.0014453125]",0.00013697691938908293,-0.001220703125,0.0005456483432585137,"[-0.0022901738777866866, -0.00015123237221331318]",-2.5,0.001220703125,0.001220703125,0.0010986328125,0.001220703125,0.0001220703125,0.0,2.5,0.0,0.1,1.0,,,,,,
A-constant-target,c10-unclipped,0.1,public-lock,50,1304,4096,4.884033203125,4.88525390625,0.001220703125,0.0006457325413738735,"[-4.493265609279199e-05, 0.002486338906092792]",0.00024993751562109475,-0.0009765625,0.00048810235962946035,"[-0.0019332431248737423, -1.9881875126257723e-05]",-0.8,0.001220703125,0.001220703125,0.0010986328125,0.001220703125,0.0001220703125,0.0,1.0,0.0,0.1,1.0,,,,,,
A-constant-target,c10-unclipped,0.1,public-lock,100,2609,4096,6.315673828125,6.31689453125,0.001220703125,0.0006457325413738735,"[-4.493265609279199e-05, 0.002486338906092792]",0.0001932815338822529,-0.0009765625,0.00048810235962946035,"[-0.0019332431248737423, -1.9881875126257723e-05]",-0.8,0.001220703125,0.001220703125,0.0010986328125,0.001220703125,0.0001220703125,0.0,1.0,0.0,0.1,1.0,,,,,,
A-constant-target,c10-unclipped,0.1,public-lock-budget-1R,1,26,4096,0.3212890625,0.3212890625,0.0,0.0,"[0.0, 0.0]",0.0,-0.000244140625,0.000244140625,"[-0.00072265625, 0.000234375]",,0.000244140625,0.000244140625,0.0002197265625,0.000244140625,2.44140625e-05,0.0,,0.0,0.1,1.0,1,0.000244140625,,,,True
A-constant-target,c10-unclipped,0.1,public-lock-budget-1R,4,104,4096,1.0859375,1.086181640625,0.000244140625,0.000244140625,"[-0.000234375, 0.00072265625]",0.0002248201438848921,-0.00048828125,0.000345224823286452,"[-0.001164921903641446, 0.00018835940364144593]",-2.0,0.00048828125,0.00048828125,0.000439453125,0.00048828125,4.8828125e-05,0.0,2.0,0.0,0.1,1.0,1,0.00048828125,,,,True
A-constant-target,c10-unclipped,0.1,public-lock-budget-1R,10,261,4096,2.080078125,2.080322265625,0.000244140625,0.000244140625,"[-0.000234375, 0.00072265625]",0.00011737089201877934,-0.001220703125,0.0005456483432585137,"[-0.0022901738777866866, -0.00015123237221331318]",-5.0,0.001220703125,0.001220703125,0.0010986328125,0.001220703125,0.0001220703125,0.0,5.0,0.0,0.1,1.0,1,0.001220703125,,,,True
A-constant-target,c10-unclipped,0.1,public-lock-budget-1R,25,652,4096,3.564697265625,3.565185546875,0.00048828125,0.00048828125,"[-0.00046875, 0.0014453125]",0.00013697691938908293,-0.001220703125,0.0005456483432585137,"[-0.0022901738777866866, -0.00015123237221331318]",-2.5,0.001220703125,0.001220703125,0.0010986328125,0.001220703125,0.0001220703125,0.0,2.5,0.0,0.1,1.0,1,0.001220703125,,,,True
A-constant-target,c10-unclipped,0.1,public-lock-budget-1R,50,1304,4096,4.884033203125,4.88525390625,0.001220703125,0.0006457325413738735,"[-4.493265609279199e-05, 0.002486338906092792]",0.00024993751562109475,-0.0009765625,0.00048810235962946035,"[-0.0019332431248737423, -1.9881875126257723e-05]",-0.8,0.001220703125,0.001220703125,0.0010986328125,0.001220703125,0.0001220703125,0.0,1.0,0.0,0.1,1.0,1,0.001220703125,,,,True
A-constant-target,c10-unclipped,0.1,public-lock-budget-1R,100,2609,4096,6.315673828125,6.31689453125,0.001220703125,0.0006457325413738735,"[-4.493265609279199e-05, 0.002486338906092792]",0.0001932815338822529,-0.0009765625,0.00048810235962946035,"[-0.0019332431248737423, -1.9881875126257723e-05]",-0.8,0.001220703125,0.001220703125,0.0010986328125,0.001220703125,0.0001220703125,0.0,1.0,0.0,0.1,1.0,1,0.001220703125,,,,True
A-constant-target,c10-unclipped,0.2,public-lock,1,26,4096,0.333984375,0.333984375,0.0,0.0,"[0.0, 0.0]",0.0,0.0,0.0,"[0.0, 0.0]",,0.0,0.0,0.0,0.0,0.0,0.0,,0.0,0.2,1.0,,,,,,
A-constant-target,c10-unclipped,0.2,public-lock,4,104,4096,1.08642578125,1.08642578125,0.0,0.0,"[0.0, 0.0]",0.0,-0.000244140625,0.000244140625,"[-0.00072265625, 0.000234375]",,0.00048828125,0.00048828125,0.000390625,0.00048828125,9.765625e-05,0.0,,0.0,0.2,1.0,,,,,,
A-constant-target,c10-unclipped,0.2,public-lock,10,261,4096,2.09912109375,2.09912109375,0.0,0.0,"[0.0, 0.0]",0.0,-0.00048828125,0.000345224823286452,"[-0.001164921903641446, 0.00018835940364144593]",,0.000732421875,0.000732421875,0.0005859375000000001,0.000732421875,0.00014648437500000002,0.0,,0.0,0.2,1.0,,,,,,
A-constant-target,c10-unclipped,0.2,public-lock,25,652,4096,3.572021484375,3.572021484375,0.0,0.0,"[0.0, 0.0]",0.0,-0.000732421875,0.00042276069059612694,"[-0.0015610328285684087, 9.618907856840883e-05]",,0.0009765625,0.0009765625,0.00078125,0.0009765625,0.0001953125,0.0,,0.0,0.2,1.0,,,,,,
A-constant-target,c10-unclipped,0.2,public-lock,50,1304,4096,4.91748046875,4.918212890625,0.000732421875,0.0005458617059308288,"[-0.00033746706862442443, 0.0018023108186244244]",0.00014894250819183795,-0.0009765625,0.00048810235962946035,"[-0.0019332431248737423, -1.9881875126257723e-05]",-1.3333333333333333,0.001220703125,0.001220703125,0.0009765625,0.001220703125,0.000244140625,0.0,1.6666666666666667,0.0,0.2,1.0,,,,,,
A-constant-target,c10-unclipped,0.2,public-lock,100,2609,4096,6.293212890625,6.294189453125,0.0009765625,0.0005978982471660605,"[-0.00019531806444547857, 0.0021484430644454783]",0.00015517709586065096,-0.000732421875,0.00042276069059612694,"[-0.0015610328285684087, 9.618907856840883e-05]",-0.75,0.001220703125,0.001220703125,0.0009765625,0.001220703125,0.000244140625,0.0,1.25,0.0,0.2,1.0,,,,,,
A-constant-target,c10-unclipped,0.2,public-lock-budget-1R,1,26,4096,0.333984375,0.333984375,0.0,0.0,"[0.0, 0.0]",0.0,0.0,0.0,"[0.0, 0.0]",,0.0,0.0,0.0,0.0,0.0,0.0,,0.0,0.2,1.0,1,0.0,,,,True
A-constant-target,c10-unclipped,0.2,public-lock-budget-1R,4,104,4096,1.08642578125,1.08642578125,0.0,0.0,"[0.0, 0.0]",0.0,-0.000244140625,0.000244140625,"[-0.00072265625, 0.000234375]",,0.00048828125,0.00048828125,0.000390625,0.00048828125,9.765625e-05,0.0,,0.0,0.2,1.0,1,0.00048828125,,,,True
A-constant-target,c10-unclipped,0.2,public-lock-budget-1R,10,261,4096,2.09912109375,2.09912109375,0.0,0.0,"[0.0, 0.0]",0.0,-0.00048828125,0.000345224823286452,"[-0.001164921903641446, 0.00018835940364144593]",,0.000732421875,0.000732421875,0.0005859375000000001,0.000732421875,0.00014648437500000002,0.0,,0.0,0.2,1.0,1,0.000732421875,,,,True
A-constant-target,c10-unclipped,0.2,public-lock-budget-1R,25,652,4096,3.572021484375,3.572021484375,0.0,0.0,"[0.0, 0.0]",0.0,-0.000732421875,0.00042276069059612694,"[-0.0015610328285684087, 9.618907856840883e-05]",,0.0009765625,0.0009765625,0.00078125,0.0009765625,0.0001953125,0.0,,0.0,0.2,1.0,1,0.0009765625,,,,True
A-constant-target,c10-unclipped,0.2,public-lock-budget-1R,50,1304,4096,4.91748046875,4.918212890625,0.000732421875,0.0005458617059308288,"[-0.00033746706862442443, 0.0018023108186244244]",0.00014894250819183795,-0.0009765625,0.00048810235962946035,"[-0.0019332431248737423, -1.9881875126257723e-05]",-1.3333333333333333,0.001220703125,0.001220703125,0.0009765625,0.001220703125,0.000244140625,0.0,1.6666666666666667,0.0,0.2,1.0,1,0.001220703125,,,,True
A-constant-target,c10-unclipped,0.2,public-lock-budget-1R,100,2609,4096,6.293212890625,6.294189453125,0.0009765625,0.0005978982471660605,"[-0.00019531806444547857, 0.0021484430644454783]",0.00015517709586065096,-0.000732421875,0.00042276069059612694,"[-0.0015610328285684087, 9.618907856840883e-05]",-0.75,0.001220703125,0.001220703125,0.0009765625,0.001220703125,0.000244140625,0.0,1.25,0.0,0.2,1.0,1,0.001220703125,,,,True
A-constant-target,c10-unclipped,0.3,public-lock,1,26,4096,0.33154296875,0.33154296875,0.0,0.0,"[0.0, 0.0]",0.0,0.0,0.0,"[0.0, 0.0]",,0.000244140625,0.000244140625,0.0001708984375,0.000244140625,7.32421875e-05,0.0,,0.0,0.3,1.0,,,,,,
A-constant-target,c10-unclipped,0.3,public-lock,4,104,4096,1.07177734375,1.072021484375,0.000244140625,0.000244140625,"[-0.000234375, 0.00072265625]",0.00022779043280182233,-0.00048828125,0.000345224823286452,"[-0.001164921903641446, 0.00018835940364144593]",-2.0,0.0009765625,0.0009765625,0.00068359375,0.0009765625,0.00029296875,0.0,4.0,0.0,0.3,1.0,,,,,,
A-constant-target,c10-unclipped,0.3,public-lock,10,261,4096,2.10009765625,2.1005859375,0.00048828125,0.00048828125,"[-0.00046875, 0.0014453125]",0.00023250406882120437,-0.00048828125,0.00048828125,"[-0.0014453125, 0.00046875]",-1.0,0.001708984375,0.001708984375,0.0011962890624999999,0.001708984375,0.0005126953125,0.0,3.5,0.0,0.3,1.0,,,,,,
A-constant-target,c10-unclipped,0.3,public-lock,25,652,4096,3.5537109375,3.55517578125,0.00146484375,0.0007717953132566018,"[-4.7875063982939564e-05, 0.0029775625639829398]",0.00041220115416323167,-0.001708984375,0.0007320243057618585,"[-0.0031437520142932425, -0.0002742167357067573]",-1.1666666666666667,0.00341796875,0.00341796875,0.0023925781249999997,0.00341796875,0.001025390625,0.0,2.3333333333333335,0.0,0.3,1.0,,,,,,
A-constant-target,c10-unclipped,0.3,public-lock,50,1304,4096,4.897216796875,4.8994140625,0.002197265625,0.00106376022282572,"[0.00011229558826158885, 0.004282235661738411]",0.0004486764046064111,-0.00146484375,0.000690238802934503,"[-0.0028177118037516257, -0.00011197569624837411]",-0.6666666666666666,0.003662109375,0.003662109375,0.0025634765625,0.003662109375,0.0010986328125,0.0,1.6666666666666667,0.0,0.3,1.0,,,,,,
A-constant-target,c10-unclipped,0.3,public-lock,100,2609,4096,6.286376953125,6.288330078125,0.001953125,0.0008452803398438812,"[0.00029637553390599275, 0.003609874466094007]",0.0003106916773466931,-0.001220703125,0.0008801623239234696,"[-0.0029458212798900004, 0.0005044150298900004]",-0.625,0.003662109375,0.003662109375,0.0025634765625,0.003662109375,0.0010986328125,0.0,1.875,0.0,0.3,1.0,,,,,,
A-constant-target,c10-unclipped,0.3,public-lock-budget-1R,1,26,4096,0.33154296875,0.33154296875,0.0,0.0,"[0.0, 0.0]",0.0,0.0,0.0,"[0.0, 0.0]",,0.000244140625,0.000244140625,0.0001708984375,0.000244140625,7.32421875e-05,0.0,,0.0,0.3,1.0,1,0.000244140625,,,,True
A-constant-target,c10-unclipped,0.3,public-lock-budget-1R,4,104,4096,1.07177734375,1.072021484375,0.000244140625,0.000244140625,"[-0.000234375, 0.00072265625]",0.00022779043280182233,-0.00048828125,0.000345224823286452,"[-0.001164921903641446, 0.00018835940364144593]",-2.0,0.0009765625,0.0009765625,0.00068359375,0.0009765625,0.00029296875,0.0,4.0,0.0,0.3,1.0,1,0.0009765625,,,,True
A-constant-target,c10-unclipped,0.3,public-lock-budget-1R,10,261,4096,2.10009765625,2.1005859375,0.00048828125,0.00048828125,"[-0.00046875, 0.0014453125]",0.00023250406882120437,-0.00048828125,0.00048828125,"[-0.0014453125, 0.00046875]",-1.0,0.001708984375,0.001708984375,0.0011962890624999999,0.001708984375,0.0005126953125,0.0,3.5,0.0,0.3,1.0,1,0.001708984375,,,,True
A-constant-target,c10-unclipped,0.3,public-lock-budget-1R,25,652,4096,3.5537109375,3.55517578125,0.00146484375,0.0007717953132566018,"[-4.7875063982939564e-05, 0.0029775625639829398]",0.00041220115416323167,-0.001708984375,0.0007320243057618585,"[-0.0031437520142932425, -0.0002742167357067573]",-1.1666666666666667,0.00341796875,0.00341796875,0.0023925781249999997,0.00341796875,0.001025390625,0.0,2.3333333333333335,0.0,0.3,1.0,1,0.00341796875,,,,True
A-constant-target,c10-unclipped,0.3,public-lock-budget-1R,50,1304,4096,4.897216796875,4.8994140625,0.002197265625,0.00106376022282572,"[0.00011229558826158885, 0.004282235661738411]",0.0004486764046064111,-0.00146484375,0.000690238802934503,"[-0.0028177118037516257, -0.00011197569624837411]",-0.6666666666666666,0.003662109375,0.003662109375,0.0025634765625,0.003662109375,0.0010986328125,0.0,1.6666666666666667,0.0,0.3,1.0,1,0.003662109375,,,,True
A-constant-target,c10-unclipped,0.3,public-lock-budget-1R,100,2609,4096,6.286376953125,6.288330078125,0.001953125,0.0008452803398438812,"[0.00029637553390599275, 0.003609874466094007]",0.0003106916773466931,-0.001220703125,0.0008801623239234696,"[-0.0029458212798900004, 0.0005044150298900004]",-0.625,0.003662109375,0.003662109375,0.0025634765625,0.003662109375,0.0010986328125,0.0,1.875,0.0,0.3,1.0,1,0.003662109375,,,,True
A-constant-target,c10-unclipped,0.5,public-lock,1,26,4096,0.33740234375,0.33740234375,0.0,0.0,"[0.0, 0.0]",0.0,0.0,0.0,"[0.0, 0.0]",,0.0,0.0,0.0,0.0,0.0,0.0,,0.0,0.5,1.0,,,,,,
A-constant-target,c10-unclipped,0.5,public-lock,4,104,4096,1.09521484375,1.09521484375,0.0,0.0,"[0.0, 0.0]",0.0,-0.000732421875,0.00042276069059612694,"[-0.0015610328285684087, 9.618907856840883e-05]",,0.0009765625,0.0009765625,0.00048828125,0.0009765625,0.00048828125,0.0,,0.0,0.5,1.0,,,,,,
A-constant-target,c10-unclipped,0.5,public-lock,10,261,4096,2.11279296875,2.11279296875,0.0,0.0,"[0.0, 0.0]",0.0,-0.0009765625,0.00048810235962946035,"[-0.0019332431248737423, -1.9881875126257723e-05]",,0.001708984375,0.001708984375,0.0008544921875,0.001708984375,0.0008544921875,0.0,,0.0,0.5,1.0,,,,,,
A-constant-target,c10-unclipped,0.5,public-lock,25,652,4096,3.584228515625,3.584716796875,0.00048828125,0.000345224823286452,"[-0.00018835940364144593, 0.001164921903641446]",0.0001362305020093999,-0.001220703125,0.0005456483432585137,"[-0.0022901738777866866, -0.00015123237221331318]",-2.5,0.002685546875,0.002685546875,0.0013427734375,0.002685546875,0.0013427734375,0.0,5.5,0.0,0.5,1.0,,,,,,
A-constant-target,c10-unclipped,0.5,public-lock,50,1304,4096,4.949951171875,4.950927734375,0.0009765625,0.0005978982471660605,"[-0.00019531806444547857, 0.0021484430644454783]",0.00019728729963008632,-0.001708984375,0.0006454619924811455,"[-0.0029740898802630453, -0.00044387886973695475]",-1.75,0.003662109375,0.003662109375,0.0018310546875,0.003662109375,0.0018310546875,0.0,3.75,0.0,0.5,1.0,,,,,,
A-constant-target,c10-unclipped,0.5,public-lock,100,2609,4096,6.31689453125,6.31884765625,0.001953125,0.0007715312387960625,"[0.0004409237719597177, 0.0034653262280402823]",0.0003091906933601299,-0.001953125,0.0007715312387960625,"[-0.0034653262280402823, -0.0004409237719597177]",-1.0,0.00439453125,0.00439453125,0.002197265625,0.00439453125,0.002197265625,0.0,2.25,0.0,0.5,1.0,,,,,,
A-constant-target,c10-unclipped,0.5,public-lock-budget-1R,1,26,4096,0.33740234375,0.33740234375,0.0,0.0,"[0.0, 0.0]",0.0,0.0,0.0,"[0.0, 0.0]",,0.0,0.0,0.0,0.0,0.0,0.0,,0.0,0.5,1.0,1,0.0,,,,True
A-constant-target,c10-unclipped,0.5,public-lock-budget-1R,4,104,4096,1.09521484375,1.09521484375,0.0,0.0,"[0.0, 0.0]",0.0,-0.000732421875,0.00042276069059612694,"[-0.0015610328285684087, 9.618907856840883e-05]",,0.0009765625,0.0009765625,0.00048828125,0.0009765625,0.00048828125,0.0,,0.0,0.5,1.0,1,0.0009765625,,,,True
A-constant-target,c10-unclipped,0.5,public-lock-budget-1R,10,261,4096,2.11279296875,2.11279296875,0.0,0.0,"[0.0, 0.0]",0.0,-0.0009765625,0.00048810235962946035,"[-0.0019332431248737423, -1.9881875126257723e-05]",,0.001708984375,0.001708984375,0.0008544921875,0.001708984375,0.0008544921875,0.0,,0.0,0.5,1.0,1,0.001708984375,,,,True
A-constant-target,c10-unclipped,0.5,public-lock-budget-1R,25,652,4096,3.584228515625,3.584716796875,0.00048828125,0.000345224823286452,"[-0.00018835940364144593, 0.001164921903641446]",0.0001362305020093999,-0.001220703125,0.0005456483432585137,"[-0.0022901738777866866, -0.00015123237221331318]",-2.5,0.002685546875,0.002685546875,0.0013427734375,0.002685546875,0.0013427734375,0.0,5.5,0.0,0.5,1.0,1,0.002685546875,,,,True
A-constant-target,c10-unclipped,0.5,public-lock-budget-1R,50,1304,4096,4.949951171875,4.950927734375,0.0009765625,0.0005978982471660605,"[-0.00019531806444547857, 0.0021484430644454783]",0.00019728729963008632,-0.001708984375,0.0006454619924811455,"[-0.0029740898802630453, -0.00044387886973695475]",-1.75,0.003662109375,0.003662109375,0.0018310546875,0.003662109375,0.0018310546875,0.0,3.75,0.0,0.5,1.0,1,0.003662109375,,,,True
A-constant-target,c10-unclipped,0.5,public-lock-budget-1R,100,2609,4096,6.31689453125,6.31884765625,0.001953125,0.0007715312387960625,"[0.0004409237719597177, 0.0034653262280402823]",0.0003091906933601299,-0.001953125,0.0007715312387960625,"[-0.0034653262280402823, -0.0004409237719597177]",-1.0,0.00439453125,0.00439453125,0.002197265625,0.00439453125,0.002197265625,0.0,2.25,0.0,0.5,1.0,1,0.00439453125,,,,True
A-constant-target,c10-unclipped,1.0,public-lock,1,26,4096,0.33056640625,0.33056640625,0.0,0.0,"[0.0, 0.0]",0.0,0.0,0.0,"[0.0, 0.0]",,0.00048828125,0.00048828125,0.0,0.00048828125,0.00048828125,0.0,,0.0,1.0,1.0,,,,,,
A-constant-target,c10-unclipped,1.0,public-lock,4,104,4096,1.079833984375,1.080078125,0.000244140625,0.000244140625,"[-0.000234375, 0.00072265625]",0.00022609088853719196,0.000244140625,0.000244140625,"[-0.000234375, 0.00072265625]",1.0,0.003662109375,0.003662109375,0.0,0.003662109375,0.003662109375,0.0,15.0,0.0,1.0,1.0,,,,,,
A-constant-target,c10-unclipped,1.0,public-lock,10,261,4096,2.090576171875,2.091552734375,0.0009765625,0.00048810235962946035,"[1.9881875126257723e-05, 0.0019332431248737423]",0.00046712600724045314,0.0009765625,0.00048810235962946035,"[1.9881875126257723e-05, 0.0019332431248737423]",1.0,0.00537109375,0.00537109375,0.0,0.00537109375,0.00537109375,0.0,5.5,0.0,1.0,1.0,,,,,,
A-constant-target,c10-unclipped,1.0,public-lock,25,652,4096,3.532958984375,3.535400390625,0.00244140625,0.000771191581619665,"[0.0009298707500254566, 0.003952941749974543]",0.0006910372469076083,0.00244140625,0.000771191581619665,"[0.0009298707500254566, 0.003952941749974543]",1.0,0.007080078125,0.007080078125,0.0,0.007080078125,0.007080078125,0.0,2.9,0.0,1.0,1.0,,,,,,
A-constant-target,c10-unclipped,1.0,public-lock,50,1304,4096,4.90380859375,4.90771484375,0.00390625,0.001194627392053917,"[0.0015647803115743228, 0.006247719688425677]",0.000796574728666733,0.00390625,0.001194627392053917,"[0.0015647803115743228, 0.006247719688425677]",1.0,0.008544921875,0.008544921875,0.0,0.008544921875,0.008544921875,0.0,2.1875,0.0,1.0,1.0,,,,,,
A-constant-target,c10-unclipped,1.0,public-lock,100,2609,4096,6.30126953125,6.307373046875,0.006103515625,0.0016712286628320493,"[0.0028279074458491833, 0.009379123804150817]",0.0009686168151879117,0.006103515625,0.0016712286628320493,"[0.0028279074458491833, 0.009379123804150817]",1.0,0.008544921875,0.008544921875,0.0,0.008544921875,0.008544921875,0.0,1.4,0.0,1.0,1.0,,,,,,
A-constant-target,c10-unclipped,1.0,public-lock-budget-1R,1,26,4096,0.33056640625,0.33056640625,0.0,0.0,"[0.0, 0.0]",0.0,0.0,0.0,"[0.0, 0.0]",,0.00048828125,0.00048828125,0.0,0.00048828125,0.00048828125,0.0,,0.0,1.0,1.0,1,0.00048828125,,,,True
A-constant-target,c10-unclipped,1.0,public-lock-budget-1R,4,104,4096,1.079833984375,1.080078125,0.000244140625,0.000244140625,"[-0.000234375, 0.00072265625]",0.00022609088853719196,0.000244140625,0.000244140625,"[-0.000234375, 0.00072265625]",1.0,0.003662109375,0.003662109375,0.0,0.003662109375,0.003662109375,0.0,15.0,0.0,1.0,1.0,1,0.003662109375,,,,True
A-constant-target,c10-unclipped,1.0,public-lock-budget-1R,10,261,4096,2.090576171875,2.091552734375,0.0009765625,0.00048810235962946035,"[1.9881875126257723e-05, 0.0019332431248737423]",0.00046712600724045314,0.0009765625,0.00048810235962946035,"[1.9881875126257723e-05, 0.0019332431248737423]",1.0,0.00537109375,0.00537109375,0.0,0.00537109375,0.00537109375,0.0,5.5,0.0,1.0,1.0,1,0.00537109375,,,,True
A-constant-target,c10-unclipped,1.0,public-lock-budget-1R,25,652,4096,3.532958984375,3.535400390625,0.00244140625,0.000771191581619665,"[0.0009298707500254566, 0.003952941749974543]",0.0006910372469076083,0.00244140625,0.000771191581619665,"[0.0009298707500254566, 0.003952941749974543]",1.0,0.007080078125,0.007080078125,0.0,0.007080078125,0.007080078125,0.0,2.9,0.0,1.0,1.0,1,0.007080078125,,,,True
A-constant-target,c10-unclipped,1.0,public-lock-budget-1R,50,1304,4096,4.90380859375,4.90771484375,0.00390625,0.001194627392053917,"[0.0015647803115743228, 0.006247719688425677]",0.000796574728666733,0.00390625,0.001194627392053917,"[0.0015647803115743228, 0.006247719688425677]",1.0,0.008544921875,0.008544921875,0.0,0.008544921875,0.008544921875,0.0,2.1875,0.0,1.0,1.0,1,0.008544921875,,,,True
A-constant-target,c10-unclipped,1.0,public-lock-budget-1R,100,2609,4096,6.30126953125,6.307373046875,0.006103515625,0.0016712286628320493,"[0.0028279074458491833, 0.009379123804150817]",0.0009686168151879117,0.006103515625,0.0016712286628320493,"[0.0028279074458491833, 0.009379123804150817]",1.0,0.008544921875,0.008544921875,0.0,0.008544921875,0.008544921875,0.0,1.4,0.0,1.0,1.0,1,0.008544921875,,,,True
A-constant-target,raw-record,0.01,raw-net-creation,1,26,4096,0.12841796875,0.127197265625,-0.001220703125,0.0005456483432585137,"[-0.0022901738777866866, -0.00015123237221331318]",-0.009505703422053232,-0.001708984375,0.0006454619924811455,"[-0.0029740898802630453, -0.00044387886973695475]",,0.001708984375,0.001708984375,0.00169189453125,0.001708984375,1.708984375e-05,0.0,,0.0,0.01,1.0,,,,,,
A-constant-target,raw-record,0.01,raw-net-creation,4,104,4096,0.462646484375,0.461181640625,-0.00146484375,0.0005976547536731011,"[-0.0026362470671992782, -0.00029344043280072176]",-0.0031662269129287598,-0.002685546875,0.0008087335722969825,"[-0.004270664676702085, -0.0011004290732979142]",,0.002685546875,0.002685546875,0.00265869140625,0.002685546875,2.685546875e-05,0.0,,0.0,0.01,1.0,,,,,,
A-constant-target,raw-record,0.01,raw-net-creation,10,261,4096,0.9912109375,0.98876953125,-0.00244140625,0.000771191581619665,"[-0.003952941749974543, -0.0009298707500254566]",-0.0024630541871921183,-0.00537109375,0.0011421810532785727,"[-0.0076097686144260025, -0.0031324188855739975]",,0.005615234375,0.005615234375,0.00555908203125,0.005615234375,5.615234375e-05,0.0,,0.0,0.01,1.0,,,,,,
A-constant-target,raw-record,0.01,raw-net-creation,25,652,4096,1.78564453125,1.782958984375,-0.002685546875,0.0008793681774141246,"[-0.0044091085027316845, -0.0009619852472683159]",-0.0015039649986327592,-0.0078125,0.0013758305156353226,"[-0.010509127810645232, -0.005115872189354768]",,0.008056640625,0.008056640625,0.00797607421875,0.008056640625,8.056640625e-05,0.0,,0.0,0.01,1.0,,,,,,
A-constant-target,raw-record,0.01,raw-net-creation,50,1304,4096,2.4755859375,2.474853515625,-0.000732421875,0.001220798511993572,"[-0.0031251869585074013, 0.0016603432085074013]",-0.0002958579881656805,-0.010009765625,0.0015556090340902628,"[-0.013058759331816916, -0.006960771918183084]",,0.01025390625,0.01025390625,0.0101513671875,0.01025390625,0.0001025390625,0.0,,0.0,0.01,1.0,,,,,,
A-constant-target,raw-record,0.01,raw-net-creation,100,2609,4096,3.15576171875,3.15673828125,0.0009765625,0.001891274471659537,"[-0.0027303354644526924, 0.004683460464452692]",0.00030945381401825775,-0.012939453125,0.0017660496315382512,"[-0.016400910402814974, -0.009477995847185028]",-13.25,0.013427734375,0.013427734375,0.01329345703125,0.013427734375,0.00013427734375,0.0,13.75,0.0,0.01,1.0,,,,,,
A-constant-target,raw-record,0.01,raw-net-creation-budget-1R,1,26,4096,0.12841796875,0.127197265625,-0.001220703125,0.0005456483432585137,"[-0.0022901738777866866, -0.00015123237221331318]",-0.009505703422053232,-0.001708984375,0.0006454619924811455,"[-0.0029740898802630453, -0.00044387886973695475]",,0.001708984375,0.001708984375,0.00169189453125,0.001708984375,1.708984375e-05,0.0,,0.0,0.01,1.0,1,0.001708984375,,,,True
A-constant-target,raw-record,0.01,raw-net-creation-budget-1R,4,104,4096,0.462646484375,0.461181640625,-0.00146484375,0.0005976547536731011,"[-0.0026362470671992782, -0.00029344043280072176]",-0.0031662269129287598,-0.002685546875,0.0008087335722969825,"[-0.004270664676702085, -0.0011004290732979142]",,0.002685546875,0.002685546875,0.00265869140625,0.002685546875,2.685546875e-05,0.0,,0.0,0.01,1.0,1,0.002685546875,,,,True
A-constant-target,raw-record,0.01,raw-net-creation-budget-1R,10,261,4096,0.9912109375,0.98876953125,-0.00244140625,0.000771191581619665,"[-0.003952941749974543, -0.0009298707500254566]",-0.0024630541871921183,-0.005126953125,0.0011160574552338974,"[-0.0073144257372584395, -0.002939480512741561]",,0.005615234375,0.00537109375,0.0053173828125,0.00537109375,5.37109375e-05,0.0,,0.0,0.01,1.0,1,0.00537109375,,,,True
A-constant-target,raw-record,0.01,raw-net-creation-budget-1R,25,652,4096,1.78564453125,1.782958984375,-0.002685546875,0.0008793681774141246,"[-0.0044091085027316845, -0.0009619852472683159]",-0.0015039649986327592,-0.007568359375,0.0013543291335728414,"[-0.01022284447680277, -0.004913874273197231]",,0.008056640625,0.0078125,0.007734375,0.0078125,7.8125e-05,0.0,,0.0,0.01,1.0,1,0.0078125,,,,True
A-constant-target,raw-record,0.01,raw-net-creation-budget-1R,50,1304,4096,2.4755859375,2.474853515625,-0.000732421875,0.001220798511993572,"[-0.0031251869585074013, 0.0016603432085074013]",-0.0002958579881656805,-0.009765625,0.0015367105321668813,"[-0.012777577643047088, -0.006753672356952912]",,0.01025390625,0.010009765625,0.009909667968749999,0.010009765625,0.00010009765625000001,0.0,,0.0,0.01,1.0,1,0.010009765625,,,,True
A-constant-target,raw-record,0.01,raw-net-creation-budget-1R,100,2609,4096,3.15576171875,3.15673828125,0.0009765625,0.001891274471659537,"[-0.0027303354644526924, 0.004683460464452692]",0.00030945381401825775,-0.0126953125,0.0017495257714698583,"[-0.016124383012080922, -0.009266241987919078]",-13.0,0.013427734375,0.01318359375,0.0130517578125,0.01318359375,0.0001318359375,0.0,13.5,0.0,0.01,1.0,1,0.01318359375,,,,True
A-constant-target,raw-record,0.1,raw-net-creation,1,26,4096,0.126708984375,0.122802734375,-0.00390625,0.0009747722830958733,"[-0.005816803674867912, -0.0019956963251320883]",-0.030828516377649325,-0.004150390625,0.0010046491296295558,"[-0.0061195029190739296, -0.0021812783309260704]",,0.004150390625,0.004150390625,0.0037353515625,0.004150390625,0.00041503906250000004,0.0,,0.0,0.1,1.0,,,,,,
A-constant-target,raw-record,0.1,raw-net-creation,4,104,4096,0.456787109375,0.443115234375,-0.013671875,0.001814670566105112,"[-0.01722862930956602, -0.01011512069043398]",-0.029930518439337254,-0.016845703125,0.0020110758886345437,"[-0.020787411866723705, -0.012903994383276295]",,0.01708984375,0.01708984375,0.015380859375,0.01708984375,0.001708984375,0.0,,0.0,0.1,1.0,,,,,,
A-constant-target,raw-record,0.1,raw-net-creation,10,261,4096,0.977783203125,0.96142578125,-0.016357421875,0.0022630799636245823,"[-0.02079305860370418, -0.01192178514629582]",-0.016729088639200997,-0.03076171875,0.002698321072064575,"[-0.036050428051246565, -0.025473009448753435]",,0.03125,0.03125,0.028125,0.03125,0.003125,0.0,,0.0,0.1,1.0,,,,,,
A-constant-target,raw-record,0.1,raw-net-creation,25,652,4096,1.7705078125,1.754638671875,-0.015869140625,0.0031456175204657034,"[-0.022034550965112778, -0.009703730284887222]",-0.008963044677330391,-0.0576171875,0.003657688924348147,"[-0.06478625779172237, -0.05044811720827763]",,0.06005859375,0.06005859375,0.054052734375,0.06005859375,0.006005859375,0.0,,0.0,0.1,1.0,,,,,,
A-constant-target,raw-record,0.1,raw-net-creation,50,1304,4096,2.4638671875,2.468017578125,0.004150390625,0.004521634566533954,"[-0.004712013125406551, 0.01301279437540655]",0.001684502576298058,-0.0830078125,0.004393557361815879,"[-0.09161918492915912, -0.07439644007084088]",-20.0,0.091064453125,0.091064453125,0.0819580078125,0.091064453125,0.009106445312500001,0.0,21.941176470588236,0.0,0.1,1.0,,,,,,
A-constant-target,raw-record,0.1,raw-net-creation,100,2609,4096,3.149169921875,3.186767578125,0.03759765625,0.0063494170652317085,"[0.025152798802145854, 0.050042513697854146]",0.011938909993022715,-0.105712890625,0.004951462836369957,"[-0.11541775778428512, -0.09600802346571488]",-2.811688311688312,0.11767578125,0.11767578125,0.105908203125,0.11767578125,0.011767578125,0.0,3.1298701298701297,0.0,0.1,1.0,,,,,,
A-constant-target,raw-record,0.1,raw-net-creation-budget-1R,1,26,4096,0.126708984375,0.122802734375,-0.00390625,0.0009747722830958733,"[-0.005816803674867912, -0.0019956963251320883]",-0.030828516377649325,-0.004150390625,0.0010046491296295558,"[-0.0061195029190739296, -0.0021812783309260704]",,0.004150390625,0.004150390625,0.0037353515625,0.004150390625,0.00041503906250000004,0.0,,0.0,0.1,1.0,1,0.004150390625,,,,True
A-constant-target,raw-record,0.1,raw-net-creation-budget-1R,4,104,4096,0.456787109375,0.443115234375,-0.013671875,0.001814670566105112,"[-0.01722862930956602, -0.01011512069043398]",-0.029930518439337254,-0.016845703125,0.0020110758886345437,"[-0.020787411866723705, -0.012903994383276295]",,0.01708984375,0.01708984375,0.015380859375,0.01708984375,0.001708984375,0.0,,0.0,0.1,1.0,1,0.01708984375,,,,True
A-constant-target,raw-record,0.1,raw-net-creation-budget-1R,10,261,4096,0.977783203125,0.961669921875,-0.01611328125,0.0022502994464885157,"[-0.02052386816511749, -0.01170269433488251]",-0.01647940074906367,-0.030517578125,0.0026879305851109196,"[-0.035785922071817404, -0.025249234178182596]",,0.03125,0.031005859375,0.0279052734375,0.031005859375,0.0031005859375000003,0.0,,0.0,0.1,1.0,1,0.031005859375,,,,True
A-constant-target,raw-record,0.1,raw-net-creation-budget-1R,25,652,4096,1.7705078125,1.755126953125,-0.015380859375,0.0031272028051579355,"[-0.021510176873109552, -0.009251541876890448]",-0.008687258687258687,-0.05615234375,0.003597559138657376,"[-0.06320355966176845, -0.04910112783823154]",,0.059814453125,0.058349609375,0.0525146484375,0.058349609375,0.0058349609375000005,0.0,,0.0,0.1,1.0,1,0.058349609375,,,,True
A-constant-target,raw-record,0.1,raw-net-creation-budget-1R,50,1304,4096,2.4638671875,2.468505859375,0.004638671875,0.004468464787549166,"[-0.004119519108596365, 0.013396862858596365]",0.0018826793499801824,-0.078857421875,0.004225835133311085,"[-0.08714005873628973, -0.07057478501371027]",-17.0,0.090576171875,0.086181640625,0.0775634765625,0.086181640625,0.008618164062500001,0.0,18.57894736842105,0.0,0.1,1.0,1,0.086181640625,,,,True
A-constant-target,raw-record,0.1,raw-net-creation-budget-1R,100,2609,4096,3.149169921875,3.18505859375,0.035888671875,0.0063377368074340945,"[0.023466707732429176, 0.048310636017570824]",0.011396232266067136,-0.098876953125,0.004715428817123307,"[-0.10811919360656168, -0.08963471264343832]",-2.7551020408163267,0.1171875,0.110107421875,0.09909667968750001,0.110107421875,0.0110107421875,0.0,3.068027210884354,0.0,0.1,1.0,1,0.110107421875,,,,True
A-constant-target,raw-record,0.2,raw-net-creation,1,26,4096,0.12353515625,0.1142578125,-0.00927734375,0.0014981693870582589,"[-0.012213755748634187, -0.006340931751365813]",-0.07509881422924901,-0.00927734375,0.0014981693870582589,"[-0.012213755748634187, -0.006340931751365813]",,0.009521484375,0.009521484375,0.007617187500000001,0.009521484375,0.0019042968750000002,0.0,,0.0,0.2,1.0,,,,,,
A-constant-target,raw-record,0.2,raw-net-creation,4,104,4096,0.4580078125,0.4306640625,-0.02734375,0.002571770795986875,"[-0.03238442076013427, -0.022303079239865724]",-0.05970149253731343,-0.0322265625,0.0027597318608327923,"[-0.03763563694723227, -0.026817488052767728]",,0.033203125,0.033203125,0.026562500000000003,0.033203125,0.006640625000000001,0.0,,0.0,0.2,1.0,,,,,,
A-constant-target,raw-record,0.2,raw-net-creation,10,261,4096,0.9599609375,0.917236328125,-0.042724609375,0.003466215749018411,"[-0.04951839224307609, -0.03593082650692391]",-0.04450661241098677,-0.06982421875,0.004012354538680058,"[-0.07768843364581292, -0.06196000385418709]",,0.074462890625,0.074462890625,0.0595703125,0.074462890625,0.014892578125,0.0,,0.0,0.2,1.0,,,,,,
A-constant-target,raw-record,0.2,raw-net-creation,25,652,4096,1.763916015625,1.737548828125,-0.0263671875,0.004443313841421455,"[-0.03507608262918605, -0.017658292370813948]",-0.01494809688581315,-0.11962890625,0.00522194784202387,"[-0.12986392402036678, -0.10939388847963322]",,0.138671875,0.138671875,0.11093750000000001,0.138671875,0.027734375000000002,0.0,,0.0,0.2,1.0,,,,,,
A-constant-target,raw-record,0.2,raw-net-creation,50,1304,4096,2.455322265625,2.466064453125,0.0107421875,0.006549629362659291,"[-0.00209508605081221, 0.02357946105081221]",0.004375062145769116,-0.16015625,0.0059955526473576635,"[-0.17190753318882102, -0.14840496681117898]",-14.909090909090908,0.200439453125,0.200439453125,0.16035156250000002,0.200439453125,0.040087890625000004,0.0,18.65909090909091,0.0,0.2,1.0,,,,,,
A-constant-target,raw-record,0.2,raw-net-creation,100,2609,4096,3.16015625,3.225341796875,0.065185546875,0.00858978762778815,"[0.04834956312453523, 0.08202153062546477]",0.020627317676143387,-0.202392578125,0.006894157910540034,"[-0.21590512762965847, -0.18888002862034153]",-3.1048689138576777,0.26220703125,0.26220703125,0.209765625,0.26220703125,0.05244140625,0.0,4.022471910112359,0.0,0.2,1.0,,,,,,
A-constant-target,raw-record,0.2,raw-net-creation-budget-1R,1,26,4096,0.12353515625,0.114501953125,-0.009033203125,0.0014785073460199785,"[-0.011931077523199158, -0.006135328726800842]",-0.07312252964426877,-0.009033203125,0.0014785073460199785,"[-0.011931077523199158, -0.006135328726800842]",,0.009521484375,0.00927734375,0.0074218750000000005,0.00927734375,0.0018554687500000001,0.0,,0.0,0.2,1.0,1,0.00927734375,,,,True
A-constant-target,raw-record,0.2,raw-net-creation-budget-1R,4,104,4096,0.4580078125,0.43115234375,-0.02685546875,0.0025497508220910597,"[-0.03185298036129848, -0.021857957138701523]",-0.05863539445628998,-0.03173828125,0.002739435819445943,"[-0.037107575456114046, -0.02636898704388595]",,0.033203125,0.03271484375,0.026171875,0.03271484375,0.00654296875,0.0,,0.0,0.2,1.0,1,0.03271484375,,,,True
A-constant-target,raw-record,0.2,raw-net-creation-budget-1R,10,261,4096,0.9599609375,0.919189453125,-0.040771484375,0.0034025757566074526,"[-0.04744053285795061, -0.03410243589204939]",-0.04247202441505595,-0.0673828125,0.003917412650635329,"[-0.07506094129524525, -0.059704683704754756]",,0.074462890625,0.072021484375,0.0576171875,0.072021484375,0.014404296875,0.0,,0.0,0.2,1.0,1,0.072021484375,,,,True
A-constant-target,raw-record,0.2,raw-net-creation-budget-1R,25,652,4096,1.763916015625,1.7412109375,-0.022705078125,0.004373912599623166,"[-0.0312779468202614, -0.014132209429738595]",-0.0128719723183391,-0.11083984375,0.004954185654944417,"[-0.12055004763369105, -0.10112963986630895]",,0.137451171875,0.127685546875,0.10214843750000001,0.127685546875,0.025537109375000002,0.0,,0.0,0.2,1.0,1,0.127685546875,,,,True
A-constant-target,raw-record,0.2,raw-net-creation-budget-1R,50,1304,4096,2.455322265625,2.471435546875,0.01611328125,0.006455233268349446,"[0.0034610240440350847, 0.028765538455964915]",0.006562593218653674,-0.1416015625,0.00557795098938141,"[-0.15253434643918756, -0.13066877856081244]",-8.787878787878787,0.198486328125,0.178466796875,0.14277343750000002,0.178466796875,0.035693359375000004,0.0,11.075757575757576,0.0,0.2,1.0,1,0.178466796875,,,,True
A-constant-target,raw-record,0.2,raw-net-creation-budget-1R,100,2609,4096,3.16015625,3.226806640625,0.066650390625,0.008297500668968625,"[0.0503872893138215, 0.0829134919361785]",0.021090852904820767,-0.171875,0.006258579276516321,"[-0.184141815381972, -0.159608184618028]",-2.578754578754579,0.259033203125,0.22509765625,0.180078125,0.22509765625,0.04501953125,0.0,3.3772893772893773,0.0,0.2,1.0,1,0.22509765625,,,,True
A-constant-target,raw-record,0.3,raw-net-creation,1,26,4096,0.128173828125,0.11376953125,-0.014404296875,0.0018619519938713593,"[-0.018053722782987863, -0.010754870967012137]",-0.11238095238095239,-0.01513671875,0.0019079934992122585,"[-0.018876386008456026, -0.011397051491543974]",,0.015625,0.015625,0.0109375,0.015625,0.0046875,0.0,,0.0,0.3,1.0,,,,,,
A-constant-target,raw-record,0.3,raw-net-creation,4,104,4096,0.44775390625,0.4072265625,-0.04052734375,0.0031199637086024214,"[-0.046642472618860745, -0.034412214881139255]",-0.09051254089422028,-0.048095703125,0.003361448744152339,"[-0.05468414266353858, -0.04150726358646142]",,0.05078125,0.05078125,0.035546875,0.05078125,0.015234375,0.0,,0.0,0.3,1.0,,,,,,
A-constant-target,raw-record,0.3,raw-net-creation,10,261,4096,0.9638671875,0.89599609375,-0.06787109375,0.004194701899443662,"[-0.07609270947290958, -0.05964947802709042]",-0.07041540020263425,-0.096923828125,0.004725320816329768,"[-0.10618545692500635, -0.08766219932499365]",,0.111328125,0.111328125,0.0779296875,0.111328125,0.033398437499999996,0.0,,0.0,0.3,1.0,,,,,,
A-constant-target,raw-record,0.3,raw-net-creation,25,652,4096,1.7802734375,1.72900390625,-0.05126953125,0.00577417075991782,"[-0.06258690593943893, -0.03995215656056107]",-0.0287986834887548,-0.16552734375,0.006088479026404048,"[-0.17746076264175192, -0.15359392485824808]",,0.216796875,0.216796875,0.15175781249999998,0.216796875,0.0650390625,0.0,,0.0,0.3,1.0,,,,,,
A-constant-target,raw-record,0.3,raw-net-creation,50,1304,4096,2.45361328125,2.462646484375,0.009033203125,0.007823617591242128,"[-0.00630108735383457, 0.02436749360383457]",0.003681592039800995,-0.2109375,0.007067247342818755,"[-0.22478930479192477, -0.19708569520807523]",-23.35135135135135,0.30908203125,0.30908203125,0.21635742187499998,0.30908203125,0.092724609375,0.0,34.21621621621622,0.0,0.3,1.0,,,,,,
A-constant-target,raw-record,0.3,raw-net-creation,100,2609,4096,3.14599609375,3.260498046875,0.114501953125,0.01069148297508283,"[0.09354664649383765, 0.13545725975616235]",0.036396088778519325,-0.2490234375,0.007987008912840482,"[-0.26467797496916734, -0.23336890003083266]",-2.1748400852878467,0.408203125,0.408203125,0.28574218749999997,0.408203125,0.12246093749999999,0.0,3.565031982942431,0.0,0.3,1.0,,,,,,
A-constant-target,raw-record,0.3,raw-net-creation-budget-1R,1,26,4096,0.128173828125,0.114013671875,-0.01416015625,0.001846333939754143,"[-0.01777897077191812, -0.01054134172808188]",-0.11047619047619048,-0.014892578125,0.0018927784644420546,"[-0.018602423915306428, -0.011182732334693572]",,0.015625,0.015380859375,0.010766601562499999,0.015380859375,0.0046142578125,0.0,,0.0,0.3,1.0,1,0.015380859375,,,,True
A-constant-target,raw-record,0.3,raw-net-creation-budget-1R,4,104,4096,0.44775390625,0.408447265625,-0.039306640625,0.003075691098481592,"[-0.04533499517802392, -0.03327828607197608]",-0.08778625954198473,-0.046875,0.0033030763909859314,"[-0.053349029726332424, -0.040400970273667576]",,0.05078125,0.049560546875,0.0346923828125,0.049560546875,0.0148681640625,0.0,,0.0,0.3,1.0,1,0.049560546875,,,,True
A-constant-target,raw-record,0.3,raw-net-creation-budget-1R,10,261,4096,0.9638671875,0.902099609375,-0.061767578125,0.004037111327117319,"[-0.06968031632614995, -0.053854839923850054]",-0.06408308004052685,-0.090087890625,0.004527090821209238,"[-0.0989609886345701, -0.0812147926154299]",,0.111328125,0.104248046875,0.0729736328125,0.104248046875,0.0312744140625,0.0,,0.0,0.3,1.0,1,0.104248046875,,,,True
A-constant-target,raw-record,0.3,raw-net-creation-budget-1R,25,652,4096,1.7802734375,1.739990234375,-0.040283203125,0.005644263875278197,"[-0.05134596032054527, -0.029220445929454733]",-0.02262753702687877,-0.1455078125,0.005805289239180151,"[-0.1568861794087931, -0.1341294455912069]",,0.216064453125,0.19482421875,0.13637695312499998,0.19482421875,0.058447265624999994,0.0,,0.0,0.3,1.0,1,0.19482421875,,,,True
A-constant-target,raw-record,0.3,raw-net-creation-budget-1R,50,1304,4096,2.45361328125,2.473388671875,0.019775390625,0.007818786364899206,"[0.004450569349797557, 0.035100211900202447]",0.008059701492537314,-0.172607421875,0.0066195255177588265,"[-0.1855816918898073, -0.1596331518601927]",-8.728395061728396,0.3056640625,0.26171875,0.183203125,0.26171875,0.07851562499999999,0.0,13.234567901234568,0.0,0.3,1.0,1,0.26171875,,,,True
A-constant-target,raw-record,0.3,raw-net-creation-budget-1R,100,2609,4096,3.14599609375,3.2548828125,0.10888671875,0.010305717869860025,"[0.08868751172507436, 0.12908592577492564]",0.034611205959956544,-0.18798828125,0.007330194131004324,"[-0.20235546174676847, -0.17362110075323153]",-1.7264573991031391,0.39990234375,0.322509765625,0.22575683593749998,0.322509765625,0.0967529296875,0.0,2.9618834080717487,0.0,0.3,1.0,1,0.322509765625,,,,True
A-constant-target,raw-record,0.5,raw-net-creation,1,26,4096,0.135498046875,0.113525390625,-0.02197265625,0.002290813987346006,"[-0.02646265166519817, -0.01748266083480183]",-0.16216216216216217,-0.022705078125,0.0023278091358563367,"[-0.027267584031278422, -0.018142572218721578]",,0.02294921875,0.02294921875,0.011474609375,0.02294921875,0.011474609375,0.0,,0.0,0.5,1.0,,,,,,
A-constant-target,raw-record,0.5,raw-net-creation,4,104,4096,0.466796875,0.39453125,-0.072265625,0.004119245479393244,"[-0.08033934613961076, -0.06419190386038924]",-0.15481171548117154,-0.08154296875,0.004290489646127281,"[-0.08995232845640946, -0.07313360904359054]",,0.089599609375,0.089599609375,0.0447998046875,0.089599609375,0.0447998046875,0.0,,0.0,0.5,1.0,,,,,,
A-constant-target,raw-record,0.5,raw-net-creation,10,261,4096,1.002685546875,0.882080078125,-0.12060546875,0.005527216673268591,"[-0.13143881342960645, -0.10977212407039356]",-0.12028244460676893,-0.161865234375,0.005919223876535138,"[-0.17346691317300889, -0.15026355557699111]",,0.201904296875,0.201904296875,0.1009521484375,0.201904296875,0.1009521484375,0.0,,0.0,0.5,1.0,,,,,,
A-constant-target,raw-record,0.5,raw-net-creation,25,652,4096,1.799072265625,1.718505859375,-0.08056640625,0.0073794957602928875,"[-0.09503021794017406, -0.06610259455982594]",-0.04478219568462478,-0.232177734375,0.007342180856382991,"[-0.24656840885351067, -0.21778705989648933]",,0.375244140625,0.375244140625,0.1876220703125,0.375244140625,0.1876220703125,0.0,,0.0,0.5,1.0,,,,,,
A-constant-target,raw-record,0.5,raw-net-creation,50,1304,4096,2.4609375,2.4931640625,0.0322265625,0.010190265410568795,"[0.012253642295285163, 0.052199482704714834]",0.013095238095238096,-0.264892578125,0.008869779761810652,"[-0.2822773464581489, -0.2475078097918511]",-8.219696969696969,0.5478515625,0.5478515625,0.27392578125,0.5478515625,0.27392578125,0.0,17.0,0.0,0.5,1.0,,,,,,
A-constant-target,raw-record,0.5,raw-net-creation,100,2609,4096,3.1435546875,3.340087890625,0.196533203125,0.014125614647885889,"[0.16884699841514367, 0.22421940783485633]",0.06251941596769182,-0.274658203125,0.010659960756434765,"[-0.29555172620761216, -0.25376468004238784]",-1.3975155279503106,0.750244140625,0.750244140625,0.3751220703125,0.750244140625,0.3751220703125,0.0,3.8173913043478263,0.0,0.5,1.0,,,,,,
A-constant-target,raw-record,0.5,raw-net-creation-budget-1R,1,26,4096,0.135498046875,0.113525390625,-0.02197265625,0.002290813987346006,"[-0.02646265166519817, -0.01748266083480183]",-0.16216216216216217,-0.022705078125,0.0023278091358563367,"[-0.027267584031278422, -0.018142572218721578]",,0.02294921875,0.02294921875,0.011474609375,0.02294921875,0.011474609375,0.0,,0.0,0.5,1.0,1,0.02294921875,,,,True
A-constant-target,raw-record,0.5,raw-net-creation-budget-1R,4,104,4096,0.466796875,0.397216796875,-0.069580078125,0.004079690296941001,"[-0.07757627110700437, -0.06158388514299564]",-0.14905857740585773,-0.07861328125,0.004219887634886067,"[-0.08688426101437668, -0.07034230148562332]",,0.089599609375,0.086669921875,0.0433349609375,0.086669921875,0.0433349609375,0.0,,0.0,0.5,1.0,1,0.086669921875,,,,True
A-constant-target,raw-record,0.5,raw-net-creation-budget-1R,10,261,4096,1.002685546875,0.894775390625,-0.10791015625,0.005340045385568075,"[-0.11837664520571342, -0.09744366729428658]",-0.10762113464816167,-0.146240234375,0.005618053914507351,"[-0.1572516200474344, -0.1352288487025656]",,0.201171875,0.18408203125,0.092041015625,0.18408203125,0.092041015625,0.0,,0.0,0.5,1.0,1,0.18408203125,,,,True
A-constant-target,raw-record,0.5,raw-net-creation-budget-1R,25,652,4096,1.799072265625,1.74755859375,-0.051513671875,0.006872131675777156,"[-0.06498304995952323, -0.038044293790476774]",-0.028633464513502512,-0.18017578125,0.006637800378031594,"[-0.19318586999094192, -0.16716569250905808]",,0.36669921875,0.302001953125,0.1510009765625,0.302001953125,0.1510009765625,0.0,,0.0,0.5,1.0,1,0.302001953125,,,,True
A-constant-target,raw-record,0.5,raw-net-creation-budget-1R,50,1304,4096,2.4609375,2.5068359375,0.0458984375,0.009548815711174491,"[0.027182758706097997, 0.064614116293902]",0.01865079365079365,-0.18408203125,0.007976574364270418,"[-0.19971611700397002, -0.16844794549602998]",-4.01063829787234,0.5234375,0.401123046875,0.2005615234375,0.401123046875,0.2005615234375,0.0,8.73936170212766,0.0,0.5,1.0,1,0.401123046875,,,,True
A-constant-target,raw-record,0.5,raw-net-creation-budget-1R,100,2609,4096,3.1435546875,3.30859375,0.1650390625,0.01279609996769249,"[0.1399587065633227, 0.1901194184366773]",0.052500776638707676,-0.168212890625,0.009396918435381705,"[-0.18663085075834815, -0.14979493049165185]",-1.0192307692307692,0.692626953125,0.49560546875,0.247802734375,0.49560546875,0.247802734375,0.0,3.002958579881657,0.0,0.5,1.0,1,0.49560546875,,,,True
A-constant-target,raw-record,1.0,raw-net-creation,1,26,4096,0.13330078125,0.084716796875,-0.048583984375,0.0033774321797416626,"[-0.055203751447293656, -0.041964217302706344]",-0.36446886446886445,-0.048583984375,0.0033774321797416626,"[-0.055203751447293656, -0.041964217302706344]",,0.0517578125,0.0517578125,0.0,0.0517578125,0.0517578125,0.0,,0.0,1.0,1.0,,,,,,
A-constant-target,raw-record,1.0,raw-net-creation,4,104,4096,0.46826171875,0.311767578125,-0.156494140625,0.005883885602757349,"[-0.1680265564064044, -0.1449617248435956]",-0.33420229405630864,-0.156494140625,0.005883885602757349,"[-0.1680265564064044, -0.1449617248435956]",,0.196533203125,0.196533203125,0.0,0.196533203125,0.196533203125,0.0,,0.0,1.0,1.0,,,,,,
A-constant-target,raw-record,1.0,raw-net-creation,10,261,4096,0.97119140625,0.7392578125,-0.23193359375,0.0076268114498381405,"[-0.24688214419168275, -0.21698504330831725]",-0.23881347410759177,-0.23193359375,0.0076268114498381405,"[-0.24688214419168275, -0.21698504330831725]",,0.42041015625,0.42041015625,0.0,0.42041015625,0.42041015625,0.0,,0.0,1.0,1.0,,,,,,
A-constant-target,raw-record,1.0,raw-net-creation,25,652,4096,1.784912109375,1.587158203125,-0.19775390625,0.010886330834516787,"[-0.2190911146856529, -0.1764166978143471]",-0.1107919573245794,-0.19775390625,0.010886330834516787,"[-0.2190911146856529, -0.1764166978143471]",,0.90576171875,0.90576171875,0.0,0.90576171875,0.90576171875,0.0,,0.0,1.0,1.0,,,,,,
A-constant-target,raw-record,1.0,raw-net-creation,50,1304,4096,2.476806640625,2.57373046875,0.096923828125,0.014724350172887788,"[0.06806410178613993, 0.12578355446386005]",0.03913257762444554,0.096923828125,0.014724350172887788,"[0.06806410178613993, 0.12578355446386005]",1.0,1.499755859375,1.499755859375,0.0,1.499755859375,1.499755859375,0.0,15.473551637279597,0.0,1.0,1.0,,,,,,
A-constant-target,raw-record,1.0,raw-net-creation,100,2609,4096,3.166015625,3.823974609375,0.657958984375,0.02028790444249827,"[0.6181946916677034, 0.6977232770822966]",0.20781924737816163,0.657958984375,0.02028790444249827,"[0.6181946916677034, 0.6977232770822966]",1.0,2.2451171875,2.2451171875,0.0,2.2451171875,2.2451171875,0.0,3.4122448979591837,0.0,1.0,1.0,,,,,,
A-constant-target,raw-record,1.0,raw-net-creation-budget-1R,1,26,4096,0.13330078125,0.0859375,-0.04736328125,0.0033193847657745283,"[-0.05386927539091808, -0.04085728710908192]",-0.3553113553113553,-0.04736328125,0.0033193847657745283,"[-0.05386927539091808, -0.04085728710908192]",,0.0517578125,0.050537109375,0.0,0.050537109375,0.050537109375,0.0,,0.0,1.0,1.0,1,0.050537109375,,,,True
A-constant-target,raw-record,1.0,raw-net-creation-budget-1R,4,104,4096,0.46826171875,0.328125,-0.14013671875,0.005511773807274755,"[-0.15093979541225852, -0.12933364208774148]",-0.29927007299270075,-0.14013671875,0.005511773807274755,"[-0.15093979541225852, -0.12933364208774148]",,0.1943359375,0.17529296875,0.0,0.17529296875,0.17529296875,0.0,,0.0,1.0,1.0,1,0.17529296875,,,,True
A-constant-target,raw-record,1.0,raw-net-creation-budget-1R,10,261,4096,0.97119140625,0.793701171875,-0.177490234375,0.006940475722480154,"[-0.1910935667910611, -0.1638869019589389]",-0.18275515334338863,-0.177490234375,0.006940475722480154,"[-0.1910935667910611, -0.1638869019589389]",,0.411865234375,0.338134765625,0.0,0.338134765625,0.338134765625,0.0,,0.0,1.0,1.0,1,0.338134765625,,,,True
A-constant-target,raw-record,1.0,raw-net-creation-budget-1R,25,652,4096,1.784912109375,1.712158203125,-0.07275390625,0.009786085741775849,"[-0.09193463430388066, -0.053573178196119335]",-0.04076049787990699,-0.07275390625,0.009786085741775849,"[-0.09193463430388066, -0.053573178196119335]",,0.83349609375,0.58447265625,0.0,0.58447265625,0.58447265625,0.0,,0.0,1.0,1.0,1,0.58447265625,,,,True
A-constant-target,raw-record,1.0,raw-net-creation-budget-1R,50,1304,4096,2.476806640625,2.64453125,0.167724609375,0.013288286160855997,"[0.14167956849972224, 0.19376965025027776]",0.0677180877279448,0.167724609375,0.013288286160855997,"[0.14167956849972224, 0.19376965025027776]",1.0,1.244140625,0.751220703125,0.0,0.751220703125,0.751220703125,0.0,4.478893740902475,0.0,1.0,1.0,1,0.751220703125,,,,True
A-constant-target,raw-record,1.0,raw-net-creation-budget-1R,100,2609,4096,3.166015625,3.598876953125,0.432861328125,0.016838090884571343,"[0.39985866999124015, 0.46586398625875985]",0.13672115977791488,0.432861328125,0.016838090884571343,"[0.39985866999124015, 0.46586398625875985]",1.0,1.645751953125,0.861328125,0.0,0.861328125,0.861328125,0.0,1.9898477157360406,0.0,1.0,1.0,1,0.861328125,,,,True
B-historical-like-growth,c10-eclip,0.01,shallow-lock,1,26,4096,0.71484375,0.71484375,0.0,0.0,"[0.0, 0.0]",0.0,0.0,0.0,"[0.0, 0.0]",,0.0,0.0,0.0,0.0,0.0,0.0,,0.0,0.01,1.0,,,,,,
B-historical-like-growth,c10-eclip,0.01,shallow-lock,4,104,4096,3.524169921875,3.524169921875,0.0,0.0,"[0.0, 0.0]",0.0,0.0,0.0,"[0.0, 0.0]",,0.0,0.0,0.0,0.0,0.0,0.0,,0.0,0.01,1.0,,,,,,
B-historical-like-growth,c10-eclip,0.01,shallow-lock,10,261,4096,9.231689453125,9.231689453125,0.0,0.0,"[0.0, 0.0]",0.0,0.0,0.0,"[0.0, 0.0]",,0.0,0.0,0.0,0.0,0.0,0.0,,0.0,0.01,1.0,,,,,,
B-historical-like-growth,c10-eclip,0.01,shallow-lock,25,652,4096,23.0185546875,23.0185546875,0.0,0.0,"[0.0, 0.0]",0.0,0.0,0.0,"[0.0, 0.0]",,0.0,0.0,0.0,0.0,0.0,0.0,,0.0,0.01,1.0,,,,,,
B-historical-like-growth,c10-eclip,0.01,shallow-lock,50,1304,4096,46.110595703125,46.110595703125,0.0,0.0,"[0.0, 0.0]",0.0,0.0,0.0,"[0.0, 0.0]",,0.0,0.0,0.0,0.0,0.0,0.0,,0.0,0.01,1.0,,,,,,
B-historical-like-growth,c10-eclip,0.01,shallow-lock,100,2609,4096,92.3857421875,92.3857421875,0.0,0.0,"[0.0, 0.0]",0.0,0.0,0.0,"[0.0, 0.0]",,0.0,0.0,0.0,0.0,0.0,0.0,,0.0,0.01,1.0,,,,,,
B-historical-like-growth,c10-eclip,0.01,public-lock,1,26,4096,0.71484375,0.71484375,0.0,0.0,"[0.0, 0.0]",0.0,0.0,0.0,"[0.0, 0.0]",,0.0,0.0,0.0,0.0,0.0,0.0,,0.0,0.01,1.0,,,,,,
B-historical-like-growth,c10-eclip,0.01,public-lock,4,104,4096,3.524169921875,3.524169921875,0.0,0.0,"[0.0, 0.0]",0.0,-0.000244140625,0.000244140625,"[-0.00072265625, 0.000234375]",,0.000244140625,0.000244140625,0.00024169921875,0.000244140625,2.44140625e-06,0.0,,0.0,0.01,1.0,,,,,,
B-historical-like-growth,c10-eclip,0.01,public-lock,10,261,4096,9.231689453125,9.232177734375,0.00048828125,0.000345224823286452,"[-0.00018835940364144593, 0.001164921903641446]",5.2891862586941e-05,-0.001220703125,0.0005456483432585137,"[-0.0022901738777866866, -0.00015123237221331318]",-2.5,0.001220703125,0.001220703125,0.00120849609375,0.001220703125,1.220703125e-05,0.0,2.5,0.0,0.01,1.0,,,,,,
B-historical-like-growth,c10-eclip,0.01,public-lock,25,652,4096,23.0185546875,23.0205078125,0.001953125,0.001195796494332121,"[-0.00039063612889095713, 0.004296886128890957]",8.485002757625896e-05,-0.00244140625,0.000771191581619665,"[-0.003952941749974543, -0.0009298707500254566]",-1.25,0.002685546875,0.002685546875,0.00265869140625,0.002685546875,2.685546875e-05,0.0,1.375,0.0,0.01,1.0,,,,,,
B-historical-like-growth,c10-eclip,0.01,public-lock,50,1304,4096,46.110595703125,46.114501953125,0.00390625,0.0016905606796877625,"[0.0005927510678119855, 0.007219748932188014]",8.471480232330346e-05,-0.0048828125,0.0010892941831113197,"[-0.007017829098898186, -0.0027477959011018133]",-1.25,0.00537109375,0.00537109375,0.0053173828125,0.00537109375,5.37109375e-05,0.0,1.375,0.0,0.01,1.0,,,,,,
B-historical-like-growth,c10-eclip,0.01,public-lock,100,2609,4096,92.3857421875,92.396728515625,0.010986328125,0.0039860822421096615,"[0.0031736069304650633, 0.01879904931953494]",0.00011891800471443823,-0.008544921875,0.0014383468146643998,"[-0.011364081631742223, -0.0057257621182577765]",-0.7777777777777778,0.00927734375,0.00927734375,0.0091845703125,0.00927734375,9.27734375e-05,0.0,0.8444444444444444,0.0,0.01,1.0,,,,,,
B-historical-like-growth,c10-eclip,0.01,threshold,1,26,4096,0.71484375,0.71484375,0.0,0.0,"[0.0, 0.0]",0.0,0.0,0.0,"[0.0, 0.0]",,0.0,0.0,0.0,0.0,0.0,0.0,,0.0,0.01,1.0,,,100.0,0.01,,
B-historical-like-growth,c10-eclip,0.01,threshold,4,104,4096,3.524169921875,3.524169921875,0.0,0.0,"[0.0, 0.0]",0.0,0.0,0.0,"[0.0, 0.0]",,0.000244140625,0.0,0.0,0.0,0.0,0.0,,0.0,0.01,1.0,,,100.0,0.01,,
B-historical-like-growth,c10-eclip,0.01,threshold,10,261,4096,9.231689453125,9.231689453125,0.0,0.0,"[0.0, 0.0]",0.0,0.0,0.0,"[0.0, 0.0]",,0.001220703125,0.0,0.0,0.0,0.0,0.0,,0.0,0.01,1.0,,,100.0,0.01,,
B-historical-like-growth,c10-eclip,0.01,threshold,25,652,4096,23.0185546875,23.01904296875,0.00048828125,0.00048828125,"[-0.00046875, 0.0014453125]",2.121250689406474e-05,-0.000244140625,0.000244140625,"[-0.00072265625, 0.000234375]",-0.5,0.002685546875,0.000244140625,0.00024169921875,0.000244140625,2.44140625e-06,0.0,0.5,0.0,0.01,1.0,,,100.0,0.01,,
B-historical-like-growth,c10-eclip,0.01,threshold,50,1304,4096,46.110595703125,46.11181640625,0.001220703125,0.0008095970083726608,"[-0.000366107011410415, 0.002807513261410415]",2.647337572603233e-05,-0.0009765625,0.00048810235962946035,"[-0.0019332431248737423, -1.9881875126257723e-05]",-0.8,0.00537109375,0.001220703125,0.00120849609375,0.001220703125,1.220703125e-05,0.0,1.0,0.0,0.01,1.0,,,100.0,0.01,,
B-historical-like-growth,c10-eclip,0.01,threshold,100,2609,4096,92.3857421875,92.390380859375,0.004638671875,0.0021690233505085987,"[0.00038738610800314634, 0.008889957641996854]",5.020982421276281e-05,-0.002197265625,0.0007317060948387837,"[-0.0036314095708840158, -0.000763121679115984]",-0.47368421052631576,0.00927734375,0.002685546875,0.00265869140625,0.002685546875,2.685546875e-05,0.0,0.5789473684210527,0.0,0.01,1.0,,,100.0,0.01,,
B-historical-like-growth,c10-eclip,0.01,all-discoveries-public-lock,1,26,4096,0.71484375,0.71484375,0.0,0.0,"[0.0, 0.0]",0.0,,,,,0.0029296875,0.0,0.0,0.0029296875,,0.0029296875,,0.0,0.01,1.0,,,,,"Impossible ownership stress: controls every discovery after a public lock at zero cost, but lacks foresight; it is not the omniscient hard ceiling.",
B-historical-like-growth,c10-eclip,0.01,all-discoveries-public-lock,4,104,4096,3.524169921875,3.530517578125,0.00634765625,0.0013776701023463873,"[0.0036474228494010807, 0.009047889650598918]",0.0018011776931070316,,,,,0.031982421875,0.0,0.0,0.031982421875,,0.031982421875,0.0,0.0,0.01,1.0,,,,,"Impossible ownership stress: controls every discovery after a public lock at zero cost, but lacks foresight; it is not the omniscient hard ceiling.",
B-historical-like-growth,c10-eclip,0.01,all-discoveries-public-lock,10,261,4096,9.231689453125,9.286865234375,0.05517578125,0.0047442652719170315,"[0.04587702131704262, 0.06447454118295738]",0.0059767804723243325,,,,,0.1025390625,0.0,0.0,0.1025390625,,0.1025390625,0.0,0.0,0.01,1.0,,,,,"Impossible ownership stress: controls every discovery after a public lock at zero cost, but lacks foresight; it is not the omniscient hard ceiling.",
B-historical-like-growth,c10-eclip,0.01,all-discoveries-public-lock,25,652,4096,23.0185546875,23.22119140625,0.20263671875,0.01165849646115894,"[0.17978606568612848, 0.22548737181387152]",0.008803190361036868,,,,,0.26025390625,0.0,0.0,0.26025390625,,0.26025390625,0.0,0.0,0.01,1.0,,,,,"Impossible ownership stress: controls every discovery after a public lock at zero cost, but lacks foresight; it is not the omniscient hard ceiling.",
B-historical-like-growth,c10-eclip,0.01,all-discoveries-public-lock,50,1304,4096,46.110595703125,46.534912109375,0.42431640625,0.020667463095472238,"[0.3838081785828744, 0.4648246339171256]",0.009202145402368838,,,,,0.53369140625,0.0,0.0,0.53369140625,,0.53369140625,0.0,0.0,0.01,1.0,,,,,"Impossible ownership stress: controls every discovery after a public lock at zero cost, but lacks foresight; it is not the omniscient hard ceiling.",
B-historical-like-growth,c10-eclip,0.01,all-discoveries-public-lock,100,2609,4096,92.3857421875,93.3623046875,0.9765625,0.03710085161337991,"[0.9038448308377753, 1.0492801691622247]",0.010570489307950065,,,,,1.08642578125,0.0,0.0,1.08642578125,,1.08642578125,0.0,0.0,0.01,1.0,,,,,"Impossible ownership stress: controls every discovery after a public lock at zero cost, but lacks foresight; it is not the omniscient hard ceiling.",
B-historical-like-growth,c10-eclip,0.01,omniscient-hard-ceiling,1,26,4096,0.71484375,26.0,25.28515625,0.012127524100261633,"[25.261386302763487, 25.308926197236513]",35.37158469945355,,,,,,0.0,0.0,,,,,,,,,,,,"Hard count ceiling only: grants arbitrary foresight, control, delay, and zero cost; it is not an executable strategy.",
B-historical-like-growth,c10-eclip,0.01,omniscient-hard-ceiling,4,104,4096,3.524169921875,104.0,100.475830078125,0.019584854214976168,"[100.43744376386364, 100.51421639238636]",28.510495323865605,,,,,,0.0,0.0,,,,,,,,,,,,"Hard count ceiling only: grants arbitrary foresight, control, delay, and zero cost; it is not an executable strategy.",
B-historical-like-growth,c10-eclip,0.01,omniscient-hard-ceiling,10,261,4096,9.231689453125,261.0,251.768310546875,0.030661746899664832,"[251.70821352295167, 251.82840757079833]",27.272181524872398,,,,,,0.0,0.0,,,,,,,,,,,,"Hard count ceiling only: grants arbitrary foresight, control, delay, and zero cost; it is not an executable strategy.",
B-historical-like-growth,c10-eclip,0.01,omniscient-hard-ceiling,25,652,4096,23.0185546875,652.0,628.9814453125,0.052432773411991145,"[628.8786770766125, 629.0842135483875]",27.324975605617073,,,,,,0.0,0.0,,,,,,,,,,,,"Hard count ceiling only: grants arbitrary foresight, control, delay, and zero cost; it is not an executable strategy.",
B-historical-like-growth,c10-eclip,0.01,omniscient-hard-ceiling,50,1304,4096,46.110595703125,1304.0,1257.889404296875,0.07735267676377745,"[1257.737793050418, 1258.041015543332]",27.279834170774453,,,,,,0.0,0.0,,,,,,,,,,,,"Hard count ceiling only: grants arbitrary foresight, control, delay, and zero cost; it is not an executable strategy.",
B-historical-like-growth,c10-eclip,0.01,omniscient-hard-ceiling,100,2609,4096,92.3857421875,2609.0,2516.6142578125,0.11059021177078637,"[2516.3975009974292, 2516.8310146275708]",27.24028836294832,,,,,,0.0,0.0,,,,,,,,,,,,"Hard count ceiling only: grants arbitrary foresight, control, delay, and zero cost; it is not an executable strategy.",
B-historical-like-growth,c10-eclip,0.01,public-lock-budget-1R,1,26,4096,0.71484375,0.71484375,0.0,0.0,"[0.0, 0.0]",0.0,0.0,0.0,"[0.0, 0.0]",,0.0,0.0,0.0,0.0,0.0,0.0,,0.0,0.01,1.0,1,0.0,,,,True
B-historical-like-growth,c10-eclip,0.01,public-lock-budget-1R,4,104,4096,3.524169921875,3.524169921875,0.0,0.0,"[0.0, 0.0]",0.0,-0.000244140625,0.000244140625,"[-0.00072265625, 0.000234375]",,0.000244140625,0.000244140625,0.00024169921875,0.000244140625,2.44140625e-06,0.0,,0.0,0.01,1.0,1,0.000244140625,,,,True
B-historical-like-growth,c10-eclip,0.01,public-lock-budget-1R,10,261,4096,9.231689453125,9.232177734375,0.00048828125,0.000345224823286452,"[-0.00018835940364144593, 0.001164921903641446]",5.2891862586941e-05,-0.001220703125,0.0005456483432585137,"[-0.0022901738777866866, -0.00015123237221331318]",-2.5,0.001220703125,0.001220703125,0.00120849609375,0.001220703125,1.220703125e-05,0.0,2.5,0.0,0.01,1.0,1,0.001220703125,,,,True
B-historical-like-growth,c10-eclip,0.01,public-lock-budget-1R,25,652,4096,23.0185546875,23.0205078125,0.001953125,0.001195796494332121,"[-0.00039063612889095713, 0.004296886128890957]",8.485002757625896e-05,-0.00244140625,0.000771191581619665,"[-0.003952941749974543, -0.0009298707500254566]",-1.25,0.002685546875,0.002685546875,0.00265869140625,0.002685546875,2.685546875e-05,0.0,1.375,0.0,0.01,1.0,1,0.002685546875,,,,True
B-historical-like-growth,c10-eclip,0.01,public-lock-budget-1R,50,1304,4096,46.110595703125,46.114501953125,0.00390625,0.0016905606796877625,"[0.0005927510678119855, 0.007219748932188014]",8.471480232330346e-05,-0.0048828125,0.0010892941831113197,"[-0.007017829098898186, -0.0027477959011018133]",-1.25,0.00537109375,0.00537109375,0.0053173828125,0.00537109375,5.37109375e-05,0.0,1.375,0.0,0.01,1.0,1,0.00537109375,,,,True
B-historical-like-growth,c10-eclip,0.01,public-lock-budget-1R,100,2609,4096,92.3857421875,92.396728515625,0.010986328125,0.0039860822421096615,"[0.0031736069304650633, 0.01879904931953494]",0.00011891800471443823,-0.008544921875,0.0014383468146643998,"[-0.011364081631742223, -0.0057257621182577765]",-0.7777777777777778,0.00927734375,0.00927734375,0.0091845703125,0.00927734375,9.27734375e-05,0.0,0.8444444444444444,0.0,0.01,1.0,1,0.00927734375,,,,True
B-historical-like-growth,c10-eclip,0.1,shallow-lock,1,26,4096,0.70654296875,0.70654296875,0.0,0.0,"[0.0, 0.0]",0.0,0.0,0.0,"[0.0, 0.0]",,0.0,0.0,0.0,0.0,0.0,0.0,,0.0,0.1,1.0,,,,,,
B-historical-like-growth,c10-eclip,0.1,shallow-lock,4,104,4096,3.512451171875,3.512451171875,0.0,0.0,"[0.0, 0.0]",0.0,0.0,0.0,"[0.0, 0.0]",,0.0,0.0,0.0,0.0,0.0,0.0,,0.0,0.1,1.0,,,,,,
B-historical-like-growth,c10-eclip,0.1,shallow-lock,10,261,4096,9.290283203125,9.290283203125,0.0,0.0,"[0.0, 0.0]",0.0,0.0,0.0,"[0.0, 0.0]",,0.000732421875,0.000732421875,0.0006591796875,0.000732421875,7.324218750000001e-05,0.0,,0.0,0.1,1.0,,,,,,
B-historical-like-growth,c10-eclip,0.1,shallow-lock,25,652,4096,23.24951171875,23.251708984375,0.002197265625,0.0016375851177924865,"[-0.0010124012058732733, 0.005406932455873273]",9.450803318282054e-05,0.0,0.0,"[0.0, 0.0]",0.0,0.00244140625,0.00244140625,0.002197265625,0.00244140625,0.000244140625,0.0,1.1111111111111112,0.0,0.1,1.0,,,,,,
B-historical-like-growth,c10-eclip,0.1,shallow-lock,50,1304,4096,46.37158203125,46.37548828125,0.00390625,0.0025131472352152317,"[-0.0010195185810218544, 0.008832018581021854]",8.4238014509998e-05,0.0,0.0006906182751372874,"[-0.0013536118192690831, 0.0013536118192690831]",0.0,0.004638671875,0.004638671875,0.0041748046875,0.004638671875,0.00046386718750000003,0.0,1.1875,0.0,0.1,1.0,,,,,,
B-historical-like-growth,c10-eclip,0.1,shallow-lock,100,2609,4096,92.58349609375,92.594970703125,0.011474609375,0.004147022527063655,"[0.0033464452219552354, 0.019602773528044765]",0.00012393795718602824,0.001953125,0.001144854076015188,"[-0.0002907889889897683, 0.004197038988989769]",0.1702127659574468,0.009521484375,0.009521484375,0.0085693359375,0.009521484375,0.0009521484375000001,0.0,0.8297872340425532,0.0,0.1,1.0,,,,,,
B-historical-like-growth,c10-eclip,0.1,public-lock,1,26,4096,0.70654296875,0.70654296875,0.0,0.0,"[0.0, 0.0]",0.0,0.0,0.0,"[0.0, 0.0]",,0.0,0.0,0.0,0.0,0.0,0.0,,0.0,0.1,1.0,,,,,,
B-historical-like-growth,c10-eclip,0.1,public-lock,4,104,4096,3.512451171875,3.512939453125,0.00048828125,0.00048828125,"[-0.00046875, 0.0014453125]",0.00013901438798915688,-0.00146484375,0.0005976547536731011,"[-0.0026362470671992782, -0.00029344043280072176]",-3.0,0.001708984375,0.001708984375,0.0015380859375,0.001708984375,0.00017089843750000002,0.0,3.5,0.0,0.1,1.0,,,,,,
B-historical-like-growth,c10-eclip,0.1,public-lock,10,261,4096,9.290283203125,9.295166015625,0.0048828125,0.0017590839164674792,"[0.0014350080237237406, 0.00833061697627626]",0.0005255827398628229,-0.0087890625,0.0014988881618394159,"[-0.011726883297205256, -0.005851241702794744]",-1.8,0.01025390625,0.01025390625,0.009228515625000001,0.01025390625,0.001025390625,0.0,2.1,0.0,0.1,1.0,,,,,,
B-historical-like-growth,c10-eclip,0.1,public-lock,25,652,4096,23.24951171875,23.2666015625,0.01708984375,0.003773232866050136,"[0.009694307332541733, 0.024485380167458267]",0.0007350624803108265,-0.022216796875,0.002477797850598101,"[-0.027073280662172277, -0.017360313087827723]",-1.3,0.025634765625,0.025634765625,0.0230712890625,0.025634765625,0.0025634765625,0.0,1.5,0.0,0.1,1.0,,,,,,
B-historical-like-growth,c10-eclip,0.1,public-lock,50,1304,4096,46.37158203125,46.403564453125,0.031982421875,0.0064638803958550544,"[0.019313216299124095, 0.044651627450875905]",0.0006896987438006087,-0.042724609375,0.003794656720773471,"[-0.050162136547716, -0.035287082202284]",-1.3358778625954197,0.048095703125,0.048095703125,0.0432861328125,0.048095703125,0.004809570312500001,0.0,1.5038167938931297,0.0,0.1,1.0,,,,,,
B-historical-like-growth,c10-eclip,0.1,public-lock,100,2609,4096,92.58349609375,92.6728515625,0.08935546875,0.012054444500818495,"[0.06572875752839574, 0.11298217997160426]",0.0009651338793635391,-0.083984375,0.005835159311404021,"[-0.09542128725035189, -0.07254746274964811]",-0.9398907103825137,0.103271484375,0.103271484375,0.0929443359375,0.103271484375,0.010327148437500001,0.0,1.1557377049180328,0.0,0.1,1.0,,,,,,
B-historical-like-growth,c10-eclip,0.1,threshold,1,26,4096,0.70654296875,0.70654296875,0.0,0.0,"[0.0, 0.0]",0.0,0.0,0.0,"[0.0, 0.0]",,0.0,0.0,0.0,0.0,0.0,0.0,,0.0,0.1,1.0,,,100.0,0.1,,
B-historical-like-growth,c10-eclip,0.1,threshold,4,104,4096,3.512451171875,3.512939453125,0.00048828125,0.00048828125,"[-0.00046875, 0.0014453125]",0.00013901438798915688,-0.00146484375,0.0005976547536731011,"[-0.0026362470671992782, -0.00029344043280072176]",-3.0,0.001708984375,0.001708984375,0.0015380859375,0.001708984375,0.00017089843750000002,0.0,3.5,0.0,0.1,1.0,,,100.0,0.1,,
B-historical-like-growth,c10-eclip,0.1,threshold,10,261,4096,9.290283203125,9.295166015625,0.0048828125,0.0017590839164674792,"[0.0014350080237237406, 0.00833061697627626]",0.0005255827398628229,-0.00830078125,0.0014592686821991655,"[-0.011160947867110364, -0.0054406146328896355]",-1.7,0.01025390625,0.009765625,0.0087890625,0.009765625,0.0009765625,0.0,2.0,0.0,0.1,1.0,,,100.0,0.1,,
B-historical-like-growth,c10-eclip,0.1,threshold,25,652,4096,23.24951171875,23.266357421875,0.016845703125,0.0037655929508327453,"[0.009465140941367819, 0.02422626530863218]",0.0007245615877349575,-0.01953125,0.00232202743784066,"[-0.024082423778167692, -0.014980076221832308]",-1.1594202898550725,0.025634765625,0.02294921875,0.020654296875000002,0.02294921875,0.002294921875,0.0,1.3623188405797102,0.0,0.1,1.0,,,100.0,0.1,,
B-historical-like-growth,c10-eclip,0.1,threshold,50,1304,4096,46.37158203125,46.404296875,0.03271484375,0.0064213398424330295,"[0.020129017658831263, 0.045300669841168734]",0.0007054933715212332,-0.036865234375,0.003550420708685567,"[-0.043824058964023714, -0.02990640978597629]",-1.126865671641791,0.048095703125,0.04248046875,0.038232421875,0.04248046875,0.0042480468750000005,0.0,1.2985074626865671,0.0,0.1,1.0,,,100.0,0.1,,
B-historical-like-growth,c10-eclip,0.1,threshold,100,2609,4096,92.58349609375,92.67333984375,0.08984375,0.011854059590518546,"[0.06660979320258364, 0.11307770679741636]",0.0009704078349884764,-0.074462890625,0.005483183021081706,"[-0.08520992934632014, -0.06371585190367986]",-0.8288043478260869,0.103515625,0.0927734375,0.08349609375,0.0927734375,0.00927734375,0.0,1.0326086956521738,0.0,0.1,1.0,,,100.0,0.1,,
B-historical-like-growth,c10-eclip,0.1,all-discoveries-public-lock,1,26,4096,0.70654296875,0.706787109375,0.000244140625,0.000244140625,"[-0.000234375, 0.00072265625]",0.0003455425017277125,,,,,0.004150390625,0.0,0.0,0.004150390625,,0.004150390625,0.0,0.0,0.1,1.0,,,,,"Impossible ownership stress: controls every discovery after a public lock at zero cost, but lacks foresight; it is not the omniscient hard ceiling.",
B-historical-like-growth,c10-eclip,0.1,all-discoveries-public-lock,4,104,4096,3.512451171875,3.51904296875,0.006591796875,0.0013555752545720194,"[0.003934869376038842, 0.009248724373961157]",0.0018766942378536178,,,,,0.03271484375,0.0,0.0,0.03271484375,,0.03271484375,0.0,0.0,0.1,1.0,,,,,"Impossible ownership stress: controls every discovery after a public lock at zero cost, but lacks foresight; it is not the omniscient hard ceiling.",
B-historical-like-growth,c10-eclip,0.1,all-discoveries-public-lock,10,261,4096,9.290283203125,9.348876953125,0.05859375,0.005225118899300613,"[0.0483525169573708, 0.0688349830426292]",0.006306992878353875,,,,,0.097900390625,0.0,0.0,0.097900390625,,0.097900390625,0.0,0.0,0.1,1.0,,,,,"Impossible ownership stress: controls every discovery after a public lock at zero cost, but lacks foresight; it is not the omniscient hard ceiling.",
B-historical-like-growth,c10-eclip,0.1,all-discoveries-public-lock,25,652,4096,23.24951171875,23.43310546875,0.18359375,0.011566406492423223,"[0.16092359327485048, 0.20626390672514952]",0.007896671217053449,,,,,0.250732421875,0.0,0.0,0.250732421875,,0.250732421875,0.0,0.0,0.1,1.0,,,,,"Impossible ownership stress: controls every discovery after a public lock at zero cost, but lacks foresight; it is not the omniscient hard ceiling.",
B-historical-like-growth,c10-eclip,0.1,all-discoveries-public-lock,50,1304,4096,46.37158203125,46.766845703125,0.395263671875,0.020074118546684616,"[0.35591839952349813, 0.43460894422650187]",0.008523834093230423,,,,,0.50439453125,0.0,0.0,0.50439453125,,0.50439453125,0.0,0.0,0.1,1.0,,,,,"Impossible ownership stress: controls every discovery after a public lock at zero cost, but lacks foresight; it is not the omniscient hard ceiling.",
B-historical-like-growth,c10-eclip,0.1,all-discoveries-public-lock,100,2609,4096,92.58349609375,93.42236328125,0.8388671875,0.035465830876557115,"[0.769354158981948, 0.908380216018052]",0.009060655763642405,,,,,1.0390625,0.0,0.0,1.0390625,,1.0390625,0.0,0.0,0.1,1.0,,,,,"Impossible ownership stress: controls every discovery after a public lock at zero cost, but lacks foresight; it is not the omniscient hard ceiling.",
B-historical-like-growth,c10-eclip,0.1,omniscient-hard-ceiling,1,26,4096,0.70654296875,26.0,25.29345703125,0.012098798069548116,"[25.269743387033685, 25.317170675466315]",35.79889426399447,,,,,,0.0,0.0,,,,,,,,,,,,"Hard count ceiling only: grants arbitrary foresight, control, delay, and zero cost; it is not an executable strategy.",
B-historical-like-growth,c10-eclip,0.1,omniscient-hard-ceiling,4,104,4096,3.512451171875,104.0,100.487548828125,0.01973308787850351,"[100.44887197588314, 100.52622568036686]",28.608952526586503,,,,,,0.0,0.0,,,,,,,,,,,,"Hard count ceiling only: grants arbitrary foresight, control, delay, and zero cost; it is not an executable strategy.",
B-historical-like-growth,c10-eclip,0.1,omniscient-hard-ceiling,10,261,4096,9.290283203125,261.0,251.709716796875,0.030367433897854044,"[251.65019662643522, 251.76923696731478]",27.0938690773395,,,,,,0.0,0.0,,,,,,,,,,,,"Hard count ceiling only: grants arbitrary foresight, control, delay, and zero cost; it is not an executable strategy.",
B-historical-like-growth,c10-eclip,0.1,omniscient-hard-ceiling,25,652,4096,23.24951171875,652.0,628.75048828125,0.053344952794374526,"[628.6459321737731, 628.8550443887269]",27.04359970597501,,,,,,0.0,0.0,,,,,,,,,,,,"Hard count ceiling only: grants arbitrary foresight, control, delay, and zero cost; it is not an executable strategy.",
B-historical-like-growth,c10-eclip,0.1,omniscient-hard-ceiling,50,1304,4096,46.37158203125,1304.0,1257.62841796875,0.07811563288946798,"[1257.4753113282866, 1257.7815246092134]",27.120670955785574,,,,,,0.0,0.0,,,,,,,,,,,,"Hard count ceiling only: grants arbitrary foresight, control, delay, and zero cost; it is not an executable strategy.",
B-historical-like-growth,c10-eclip,0.1,omniscient-hard-ceiling,100,2609,4096,92.58349609375,2609.0,2516.41650390625,0.11151278483603258,"[2516.1979388479713, 2516.6350689645287]",27.179968461745364,,,,,,0.0,0.0,,,,,,,,,,,,"Hard count ceiling only: grants arbitrary foresight, control, delay, and zero cost; it is not an executable strategy.",
B-historical-like-growth,c10-eclip,0.1,public-lock-budget-1R,1,26,4096,0.70654296875,0.70654296875,0.0,0.0,"[0.0, 0.0]",0.0,0.0,0.0,"[0.0, 0.0]",,0.0,0.0,0.0,0.0,0.0,0.0,,0.0,0.1,1.0,1,0.0,,,,True
B-historical-like-growth,c10-eclip,0.1,public-lock-budget-1R,4,104,4096,3.512451171875,3.512939453125,0.00048828125,0.00048828125,"[-0.00046875, 0.0014453125]",0.00013901438798915688,-0.00146484375,0.0005976547536731011,"[-0.0026362470671992782, -0.00029344043280072176]",-3.0,0.001708984375,0.001708984375,0.0015380859375,0.001708984375,0.00017089843750000002,0.0,3.5,0.0,0.1,1.0,1,0.001708984375,,,,True
B-historical-like-growth,c10-eclip,0.1,public-lock-budget-1R,10,261,4096,9.290283203125,9.294921875,0.004638671875,0.0017422183239232504,"[0.0012239239601104291, 0.008053419789889571]",0.0004993036028696818,-0.008544921875,0.0014792159949593654,"[-0.011444185225120355, -0.005645658524879644]",-1.8421052631578947,0.01025390625,0.010009765625,0.0090087890625,0.010009765625,0.0010009765625000001,0.0,2.1578947368421053,0.0,0.1,1.0,1,0.010009765625,,,,True
B-historical-like-growth,c10-eclip,0.1,public-lock-budget-1R,25,652,4096,23.24951171875,23.26611328125,0.0166015625,0.0037737651716597815,"[0.009204982763546829, 0.02399814223645317]",0.0007140606951590885,-0.021728515625,0.002430276806502344,"[-0.026491858165744595, -0.016965173084255405]",-1.3088235294117647,0.025634765625,0.025146484375,0.0226318359375,0.025146484375,0.0025146484375,0.0,1.5147058823529411,0.0,0.1,1.0,1,0.025146484375,,,,True
B-historical-like-growth,c10-eclip,0.1,public-lock-budget-1R,50,1304,4096,46.37158203125,46.40087890625,0.029296875,0.006434640861741489,"[0.01668497891098668, 0.04190877108901332]",0.000631785108824985,-0.040283203125,0.003640951004556361,"[-0.04741946709393047, -0.03314693915606953]",-1.375,0.048095703125,0.0458984375,0.041308593750000004,0.0458984375,0.00458984375,0.0,1.5666666666666667,0.0,0.1,1.0,1,0.0458984375,,,,True
B-historical-like-growth,c10-eclip,0.1,public-lock-budget-1R,100,2609,4096,92.58349609375,92.66455078125,0.0810546875,0.011773699375314774,"[0.05797823672438304, 0.10413113827561696]",0.0008754766337396037,-0.07958984375,0.005653237438320581,"[-0.09067018912910833, -0.06850949837089167]",-0.9819277108433735,0.10302734375,0.097900390625,0.08811035156250001,0.097900390625,0.0097900390625,0.0,1.2078313253012047,0.0,0.1,1.0,1,0.097900390625,,,,True
B-historical-like-growth,c10-eclip,0.2,shallow-lock,1,26,4096,0.697509765625,0.697509765625,0.0,0.0,"[0.0, 0.0]",0.0,0.0,0.0,"[0.0, 0.0]",,0.0,0.0,0.0,0.0,0.0,0.0,,0.0,0.2,1.0,,,,,,
B-historical-like-growth,c10-eclip,0.2,shallow-lock,4,104,4096,3.513671875,3.513916015625,0.000244140625,0.000244140625,"[-0.000234375, 0.00072265625]",6.948304613674263e-05,0.0,0.0,"[0.0, 0.0]",0.0,0.001220703125,0.001220703125,0.0009765625,0.001220703125,0.000244140625,0.0,5.0,0.0,0.2,1.0,,,,,,
B-historical-like-growth,c10-eclip,0.2,shallow-lock,10,261,4096,9.2568359375,9.259765625,0.0029296875,0.0009756081264517115,"[0.0010174955721546455, 0.004841879427845355]",0.00031648908112670115,0.000732421875,0.0006459128443452066,"[-0.000533567299916605, 0.001998411049916605]",0.25,0.003662109375,0.003662109375,0.0029296875,0.003662109375,0.000732421875,0.0,1.25,0.0,0.2,1.0,,,,,,
B-historical-like-growth,c10-eclip,0.2,shallow-lock,25,652,4096,23.072509765625,23.08056640625,0.008056640625,0.0020535608858284534,"[0.004031661288776231, 0.012081619961223769]",0.00034918787365747844,0.00146484375,0.001035674469859356,"[-0.0005650782109243376, 0.0034947657109243376]",0.18181818181818182,0.009521484375,0.009521484375,0.007617187500000001,0.009521484375,0.0019042968750000002,0.0,1.1818181818181819,0.0,0.2,1.0,,,,,,
B-historical-like-growth,c10-eclip,0.2,shallow-lock,50,1304,4096,46.181884765625,46.19921875,0.017333984375,0.003619733296211057,"[0.010239307114426329, 0.02442866163557367]",0.0003753416401901026,0.003173828125,0.001842779026278134,"[-0.00043801876650514287, 0.006785675016505142]",0.18309859154929578,0.02001953125,0.02001953125,0.016015625000000002,0.02001953125,0.0040039062500000005,0.0,1.1549295774647887,0.0,0.2,1.0,,,,,,
B-historical-like-growth,c10-eclip,0.2,shallow-lock,100,2609,4096,92.31640625,92.356689453125,0.040283203125,0.0073428072822405285,"[0.025891300851808564, 0.05467510539819144]",0.0004363601743325012,0.0009765625,0.004143681549398882,"[-0.0071450533368218085, 0.009098178336821808]",0.024242424242424242,0.043212890625,0.043212890625,0.0345703125,0.043212890625,0.008642578125,0.0,1.0727272727272728,0.0,0.2,1.0,,,,,,
B-historical-like-growth,c10-eclip,0.2,public-lock,1,26,4096,0.697509765625,0.697509765625,0.0,0.0,"[0.0, 0.0]",0.0,-0.00048828125,0.000345224823286452,"[-0.001164921903641446, 0.00018835940364144593]",,0.00048828125,0.00048828125,0.000390625,0.00048828125,9.765625e-05,0.0,,0.0,0.2,1.0,,,,,,
B-historical-like-growth,c10-eclip,0.2,public-lock,4,104,4096,3.513671875,3.51611328125,0.00244140625,0.0009128051580363914,"[0.0006523081402486728, 0.004230504359751327]",0.0006948304613674264,-0.006103515625,0.0012171207163215135,"[-0.008489072228990167, -0.0037179590210098335]",-2.5,0.00732421875,0.00732421875,0.005859375,0.00732421875,0.00146484375,0.0,3.0,0.0,0.2,1.0,,,,,,
B-historical-like-growth,c10-eclip,0.2,public-lock,10,261,4096,9.2568359375,9.27001953125,0.01318359375,0.002529116422651353,"[0.008226525561603349, 0.01814066193839665]",0.001424200865070155,-0.013671875,0.0020895393913214107,"[-0.017767372206989963, -0.009576377793010035]",-1.037037037037037,0.01953125,0.01953125,0.015625,0.01953125,0.00390625,0.0,1.4814814814814814,0.0,0.2,1.0,,,,,,
B-historical-like-growth,c10-eclip,0.2,public-lock,25,652,4096,23.072509765625,23.111083984375,0.03857421875,0.005620723139199083,"[0.027557601397169798, 0.0495908361028302]",0.0016718692132691392,-0.0322265625,0.0035530455617974344,"[-0.039190531801122974, -0.02526259319887703]",-0.8354430379746836,0.051025390625,0.051025390625,0.040820312500000004,0.051025390625,0.010205078125000001,0.0,1.3227848101265822,0.0,0.2,1.0,,,,,,
B-historical-like-growth,c10-eclip,0.2,public-lock,50,1304,4096,46.181884765625,46.27197265625,0.090087890625,0.00953127523428178,"[0.0714065911658077, 0.1087691900841923]",0.001950719228593632,-0.065185546875,0.0058986010655743965,"[-0.07674680496352582, -0.053624288786474184]",-0.7235772357723578,0.10498046875,0.10498046875,0.083984375,0.10498046875,0.02099609375,0.0,1.165311653116531,0.0,0.2,1.0,,,,,,
B-historical-like-growth,c10-eclip,0.2,public-lock,100,2609,4096,92.31640625,92.496826171875,0.180419921875,0.017213010534603636,"[0.14668242122717687, 0.21415742252282313]",0.001954364659586172,-0.12109375,0.009930077089524127,"[-0.14055670109546728, -0.10163079890453271]",-0.6711772665764547,0.213134765625,0.213134765625,0.17050781250000002,0.213134765625,0.042626953125000006,0.0,1.1813261163734776,0.0,0.2,1.0,,,,,,
B-historical-like-growth,c10-eclip,0.2,threshold,1,26,4096,0.697509765625,0.697509765625,0.0,0.0,"[0.0, 0.0]",0.0,-0.00048828125,0.000345224823286452,"[-0.001164921903641446, 0.00018835940364144593]",,0.00048828125,0.00048828125,0.000390625,0.00048828125,9.765625e-05,0.0,,0.0,0.2,1.0,,,100.0,0.2,,
B-historical-like-growth,c10-eclip,0.2,threshold,4,104,4096,3.513671875,3.51611328125,0.00244140625,0.0009128051580363914,"[0.0006523081402486728, 0.004230504359751327]",0.0006948304613674264,-0.006103515625,0.0012171207163215135,"[-0.008489072228990167, -0.0037179590210098335]",-2.5,0.00732421875,0.00732421875,0.005859375,0.00732421875,0.00146484375,0.0,3.0,0.0,0.2,1.0,,,100.0,0.2,,
B-historical-like-growth,c10-eclip,0.2,threshold,10,261,4096,9.2568359375,9.27001953125,0.01318359375,0.002529116422651353,"[0.008226525561603349, 0.01814066193839665]",0.001424200865070155,-0.013427734375,0.0020756134815223958,"[-0.017495936798783897, -0.009359531951216103]",-1.0185185185185186,0.01953125,0.019287109375,0.0154296875,0.019287109375,0.003857421875,0.0,1.462962962962963,0.0,0.2,1.0,,,100.0,0.2,,
B-historical-like-growth,c10-eclip,0.2,threshold,25,652,4096,23.072509765625,23.111083984375,0.03857421875,0.005620723139199083,"[0.027557601397169798, 0.0495908361028302]",0.0016718692132691392,-0.0302734375,0.003489554235482943,"[-0.037112963801546564, -0.023433911198453432]",-0.7848101265822784,0.051025390625,0.048583984375,0.038867187500000004,0.048583984375,0.009716796875000001,0.0,1.259493670886076,0.0,0.2,1.0,,,100.0,0.2,,
B-historical-like-growth,c10-eclip,0.2,threshold,50,1304,4096,46.181884765625,46.271728515625,0.08984375,0.009528710079118879,"[0.071167478244927, 0.108520021755073]",0.0019454327266191234,-0.061767578125,0.005826281072847605,"[-0.0731870890277813, -0.0503480672222187]",-0.6875,0.10498046875,0.100341796875,0.0802734375,0.100341796875,0.020068359375,0.0,1.1168478260869565,0.0,0.2,1.0,,,100.0,0.2,,
B-historical-like-growth,c10-eclip,0.2,threshold,100,2609,4096,92.31640625,92.4970703125,0.1806640625,0.017193324080099232,"[0.1469651473030055, 0.2143629776969945]",0.0019570092667033387,-0.1142578125,0.009853501804444284,"[-0.1335706760367108, -0.0949449489632892]",-0.6324324324324324,0.213134765625,0.204345703125,0.1634765625,0.204345703125,0.040869140625,0.0,1.1310810810810812,0.0,0.2,1.0,,,100.0,0.2,,
B-historical-like-growth,c10-eclip,0.2,all-discoveries-public-lock,1,26,4096,0.697509765625,0.697509765625,0.0,0.0,"[0.0, 0.0]",0.0,,,,,0.003662109375,0.0,0.0,0.003662109375,,0.003662109375,,0.0,0.2,1.0,,,,,"Impossible ownership stress: controls every discovery after a public lock at zero cost, but lacks foresight; it is not the omniscient hard ceiling.",
B-historical-like-growth,c10-eclip,0.2,all-discoveries-public-lock,4,104,4096,3.513671875,3.5224609375,0.0087890625,0.0017553730444327628,"[0.005348531332911785, 0.012229593667088215]",0.0025013896609227346,,,,,0.03662109375,0.0,0.0,0.03662109375,,0.03662109375,0.0,0.0,0.2,1.0,,,,,"Impossible ownership stress: controls every discovery after a public lock at zero cost, but lacks foresight; it is not the omniscient hard ceiling.",
B-historical-like-growth,c10-eclip,0.2,all-discoveries-public-lock,10,261,4096,9.2568359375,9.323486328125,0.066650390625,0.005376211787859609,"[0.056113015520795166, 0.07718776572920483]",0.007200126595632451,,,,,0.1015625,0.0,0.0,0.1015625,,0.1015625,0.0,0.0,0.2,1.0,,,,,"Impossible ownership stress: controls every discovery after a public lock at zero cost, but lacks foresight; it is not the omniscient hard ceiling.",
B-historical-like-growth,c10-eclip,0.2,all-discoveries-public-lock,25,652,4096,23.072509765625,23.28857421875,0.216064453125,0.012011058437090083,"[0.19252277858830344, 0.23960612766169656]",0.009364583884450559,,,,,0.2587890625,0.0,0.0,0.2587890625,,0.2587890625,0.0,0.0,0.2,1.0,,,,,"Impossible ownership stress: controls every discovery after a public lock at zero cost, but lacks foresight; it is not the omniscient hard ceiling.",
B-historical-like-growth,c10-eclip,0.2,all-discoveries-public-lock,50,1304,4096,46.181884765625,46.654296875,0.472412109375,0.020948745351859633,"[0.43135256848535514, 0.5134716502646449]",0.010229381320673924,,,,,0.52880859375,0.0,0.0,0.52880859375,,0.52880859375,0.0,0.0,0.2,1.0,,,,,"Impossible ownership stress: controls every discovery after a public lock at zero cost, but lacks foresight; it is not the omniscient hard ceiling.",
B-historical-like-growth,c10-eclip,0.2,all-discoveries-public-lock,100,2609,4096,92.31640625,93.299072265625,0.982666015625,0.03492044339461982,"[0.9142219465715451, 1.051110084678455]",0.010644543646595861,,,,,1.077392578125,0.0,0.0,1.077392578125,,1.077392578125,0.0,0.0,0.2,1.0,,,,,"Impossible ownership stress: controls every discovery after a public lock at zero cost, but lacks foresight; it is not the omniscient hard ceiling.",
B-historical-like-growth,c10-eclip,0.2,omniscient-hard-ceiling,1,26,4096,0.697509765625,26.0,25.302490234375,0.012179711181495802,"[25.278618000459268, 25.326362468290732]",36.27546377318866,,,,,,0.0,0.0,,,,,,,,,,,,"Hard count ceiling only: grants arbitrary foresight, control, delay, and zero cost; it is not an executable strategy.",
B-historical-like-growth,c10-eclip,0.2,omniscient-hard-ceiling,4,104,4096,3.513671875,104.0,100.486328125,0.019901364789186683,"[100.44732145001319, 100.52533479998681]",28.598665925514176,,,,,,0.0,0.0,,,,,,,,,,,,"Hard count ceiling only: grants arbitrary foresight, control, delay, and zero cost; it is not an executable strategy.",
B-historical-like-growth,c10-eclip,0.2,omniscient-hard-ceiling,10,261,4096,9.2568359375,261.0,251.7431640625,0.031198263600708074,"[251.68201546584262, 251.80431265915738]",27.19537925941555,,,,,,0.0,0.0,,,,,,,,,,,,"Hard count ceiling only: grants arbitrary foresight, control, delay, and zero cost; it is not an executable strategy.",
B-historical-like-growth,c10-eclip,0.2,omniscient-hard-ceiling,25,652,4096,23.072509765625,652.0,628.927490234375,0.05404913405247778,"[628.8215539316321, 629.0334265371179]",27.258737632929474,,,,,,0.0,0.0,,,,,,,,,,,,"Hard count ceiling only: grants arbitrary foresight, control, delay, and zero cost; it is not an executable strategy.",
B-historical-like-growth,c10-eclip,0.2,omniscient-hard-ceiling,50,1304,4096,46.181884765625,1304.0,1257.818115234375,0.0776099075094698,"[1257.6659998156565, 1257.9702306530935]",27.23617976221314,,,,,,0.0,0.0,,,,,,,,,,,,"Hard count ceiling only: grants arbitrary foresight, control, delay, and zero cost; it is not an executable strategy.",
B-historical-like-growth,c10-eclip,0.2,omniscient-hard-ceiling,100,2609,4096,92.31640625,2609.0,2516.68359375,0.11249394186370401,"[2516.4631056239473, 2516.9040818760527]",27.261498751745442,,,,,,0.0,0.0,,,,,,,,,,,,"Hard count ceiling only: grants arbitrary foresight, control, delay, and zero cost; it is not an executable strategy.",
B-historical-like-growth,c10-eclip,0.2,public-lock-budget-1R,1,26,4096,0.697509765625,0.697509765625,0.0,0.0,"[0.0, 0.0]",0.0,-0.00048828125,0.000345224823286452,"[-0.001164921903641446, 0.00018835940364144593]",,0.00048828125,0.00048828125,0.000390625,0.00048828125,9.765625e-05,0.0,,0.0,0.2,1.0,1,0.00048828125,,,,True
B-historical-like-growth,c10-eclip,0.2,public-lock-budget-1R,4,104,4096,3.513671875,3.51611328125,0.00244140625,0.0009128051580363914,"[0.0006523081402486728, 0.004230504359751327]",0.0006948304613674264,-0.006103515625,0.0012171207163215135,"[-0.008489072228990167, -0.0037179590210098335]",-2.5,0.00732421875,0.00732421875,0.005859375,0.00732421875,0.00146484375,0.0,3.0,0.0,0.2,1.0,1,0.00732421875,,,,True
B-historical-like-growth,c10-eclip,0.2,public-lock-budget-1R,10,261,4096,9.2568359375,9.27001953125,0.01318359375,0.002529116422651353,"[0.008226525561603349, 0.01814066193839665]",0.001424200865070155,-0.012939453125,0.002047456203549174,"[-0.01695246728395638, -0.008926438966043618]",-0.9814814814814815,0.01953125,0.01904296875,0.015234375000000001,0.01904296875,0.0038085937500000003,0.0,1.4444444444444444,0.0,0.2,1.0,1,0.01904296875,,,,True
B-historical-like-growth,c10-eclip,0.2,public-lock-budget-1R,25,652,4096,23.072509765625,23.10986328125,0.037353515625,0.005531874542808754,"[0.026511041521094843, 0.04819598972890515]",0.0016189619596846728,-0.03125,0.0035383657317018618,"[-0.03818519683413565, -0.024314803165864353]",-0.8366013071895425,0.051025390625,0.0498046875,0.039843750000000004,0.0498046875,0.009960937500000001,0.0,1.3333333333333333,0.0,0.2,1.0,1,0.0498046875,,,,True
B-historical-like-growth,c10-eclip,0.2,public-lock-budget-1R,50,1304,4096,46.181884765625,46.264892578125,0.0830078125,0.00889724807661018,"[0.06556920626984405, 0.10044641873015595]",0.0017974106713328857,-0.060546875,0.005721014716294839,"[-0.07176006384393789, -0.049333686156062116]",-0.7294117647058823,0.10498046875,0.09814453125,0.078515625,0.09814453125,0.01962890625,0.0,1.1823529411764706,0.0,0.2,1.0,1,0.09814453125,,,,True
B-historical-like-growth,c10-eclip,0.2,public-lock-budget-1R,100,2609,4096,92.31640625,92.472900390625,0.156494140625,0.01621609221488402,"[0.12471059988382732, 0.18827768136617268]",0.001695193162103838,-0.105712890625,0.009604394603376327,"[-0.1245375040476176, -0.0868882772023824]",-0.6755070202808112,0.21337890625,0.189453125,0.15156250000000002,0.189453125,0.037890625000000004,0.0,1.2106084243369735,0.0,0.2,1.0,1,0.189453125,,,,True
B-historical-like-growth,c10-eclip,0.3,shallow-lock,1,26,4096,0.687744140625,0.687744140625,0.0,0.0,"[0.0, 0.0]",0.0,0.0,0.0,"[0.0, 0.0]",,0.000244140625,0.000244140625,0.0001708984375,0.000244140625,7.32421875e-05,0.0,,0.0,0.3,1.0,,,,,,
B-historical-like-growth,c10-eclip,0.3,shallow-lock,4,104,4096,3.50341796875,3.50390625,0.00048828125,0.000345224823286452,"[-0.00018835940364144593, 0.001164921903641446]",0.00013937282229965157,0.0,0.0003453091375686437,"[-0.0006768059096345416, 0.0006768059096345416]",0.0,0.003662109375,0.003662109375,0.0025634765625,0.003662109375,0.0010986328125,0.0,7.5,0.0,0.3,1.0,,,,,,
B-historical-like-growth,c10-eclip,0.3,shallow-lock,10,261,4096,9.208984375,9.21240234375,0.00341796875,0.0011949928593820635,"[0.0010757827456111557, 0.005760154754388845]",0.0003711558854718982,0.0009765625,0.0005978982471660605,"[-0.00019531806444547857, 0.0021484430644454783]",0.2857142857142857,0.009521484375,0.009521484375,0.006665039062499999,0.009521484375,0.0028564453125,0.0,2.7857142857142856,0.0,0.3,1.0,,,,,,
B-historical-like-growth,c10-eclip,0.3,shallow-lock,25,652,4096,23.102294921875,23.112060546875,0.009765625,0.003290502346808015,"[0.0033162404002562906, 0.01621500959974371]",0.0004227123336891162,0.002685546875,0.0019375882957064568,"[-0.001112126184584655, 0.006483219934584655]",0.275,0.02099609375,0.02099609375,0.014697265624999999,0.02099609375,0.006298828125,0.0,2.15,0.0,0.3,1.0,,,,,,
B-historical-like-growth,c10-eclip,0.3,shallow-lock,50,1304,4096,46.28125,46.311279296875,0.030029296875,0.005574932326099072,"[0.01910242951584582, 0.04095616423415418]",0.0006488436866981769,0.003662109375,0.0033916412939237078,"[-0.0029855075610904667, 0.010309726311090468]",0.12195121951219512,0.04248046875,0.04248046875,0.029736328125,0.04248046875,0.012744140624999999,0.0,1.4146341463414633,0.0,0.3,1.0,,,,,,
B-historical-like-growth,c10-eclip,0.3,shallow-lock,100,2609,4096,92.61279296875,92.69091796875,0.078125,0.011255700800879771,"[0.056063826430275646, 0.10018617356972435]",0.0008435659642222586,0.011962890625,0.006387816879550107,"[-0.0005572304589182096, 0.024483011708918208]",0.153125,0.09033203125,0.09033203125,0.063232421875,0.09033203125,0.027099609375,0.0,1.15625,0.0,0.3,1.0,,,,,,
B-historical-like-growth,c10-eclip,0.3,public-lock,1,26,4096,0.687744140625,0.687744140625,0.0,0.0,"[0.0, 0.0]",0.0,-0.000732421875,0.00042276069059612694,"[-0.0015610328285684087, 9.618907856840883e-05]",,0.0009765625,0.0009765625,0.00068359375,0.0009765625,0.00029296875,0.0,,0.0,0.3,1.0,,,,,,
B-historical-like-growth,c10-eclip,0.3,public-lock,4,104,4096,3.50341796875,3.505859375,0.00244140625,0.0008449703285023925,"[0.0007852644061353106, 0.00409754809386469]",0.0006968641114982578,-0.005615234375,0.0012176946099514104,"[-0.008001915810504764, -0.0032285529394952355]",-2.3,0.010009765625,0.010009765625,0.0070068359375,0.010009765625,0.0030029296874999997,0.0,4.1,0.0,0.3,1.0,,,,,,
B-historical-like-growth,c10-eclip,0.3,public-lock,10,261,4096,9.208984375,9.22216796875,0.01318359375,0.002281237794365325,"[0.008712367673043963, 0.017654819826956037]",0.0014316012725344644,-0.013916015625,0.0020748279204946527,"[-0.017982678349169518, -0.009849352900830482]",-1.0555555555555556,0.029541015625,0.029541015625,0.020678710937499997,0.029541015625,0.0088623046875,0.0,2.240740740740741,0.0,0.3,1.0,,,,,,
B-historical-like-growth,c10-eclip,0.3,public-lock,25,652,4096,23.102294921875,23.143798828125,0.04150390625,0.005710375109105262,"[0.030311571036153687, 0.05269624146384631]",0.0017965274181787438,-0.03662109375,0.004357651068053114,"[-0.0451620898433841, -0.0280800976566159]",-0.8823529411764706,0.073974609375,0.073974609375,0.0517822265625,0.073974609375,0.022192382812499998,0.0,1.7823529411764707,0.0,0.3,1.0,,,,,,
B-historical-like-growth,c10-eclip,0.3,public-lock,50,1304,4096,46.28125,46.393798828125,0.112548828125,0.01077429526703567,"[0.09143120940161009, 0.1336664468483899]",0.0024318450371370696,-0.078857421875,0.007602798612191466,"[-0.09375890715489527, -0.06395593659510473]",-0.7006507592190889,0.1513671875,0.1513671875,0.10595703125,0.1513671875,0.04541015625,0.0,1.3449023861171367,0.0,0.3,1.0,,,,,,
B-historical-like-growth,c10-eclip,0.3,public-lock,100,2609,4096,92.61279296875,92.88330078125,0.2705078125,0.020793628235195222,"[0.22975230115901737, 0.31126332384098265]",0.0029208471511195703,-0.167724609375,0.013453266142869092,"[-0.1940930110150234, -0.1413562077349766]",-0.6200361010830325,0.310546875,0.310546875,0.2173828125,0.310546875,0.09316406249999999,0.0,1.148014440433213,0.0,0.3,1.0,,,,,,
B-historical-like-growth,c10-eclip,0.3,threshold,1,26,4096,0.687744140625,0.687744140625,0.0,0.0,"[0.0, 0.0]",0.0,-0.000732421875,0.00042276069059612694,"[-0.0015610328285684087, 9.618907856840883e-05]",,0.0009765625,0.0009765625,0.00068359375,0.0009765625,0.00029296875,0.0,,0.0,0.3,1.0,,,100.0,0.3,,
B-historical-like-growth,c10-eclip,0.3,threshold,4,104,4096,3.50341796875,3.505859375,0.00244140625,0.0008449703285023925,"[0.0007852644061353106, 0.00409754809386469]",0.0006968641114982578,-0.005615234375,0.0012176946099514104,"[-0.008001915810504764, -0.0032285529394952355]",-2.3,0.010009765625,0.010009765625,0.0070068359375,0.010009765625,0.0030029296874999997,0.0,4.1,0.0,0.3,1.0,,,100.0,0.3,,
B-historical-like-growth,c10-eclip,0.3,threshold,10,261,4096,9.208984375,9.22216796875,0.01318359375,0.002281237794365325,"[0.008712367673043963, 0.017654819826956037]",0.0014316012725344644,-0.012939453125,0.0020181274749042975,"[-0.016894982975812423, -0.008983923274187577]",-0.9814814814814815,0.029541015625,0.0283203125,0.019824218749999997,0.0283203125,0.00849609375,0.0,2.1481481481481484,0.0,0.3,1.0,,,100.0,0.3,,
B-historical-like-growth,c10-eclip,0.3,threshold,25,652,4096,23.102294921875,23.143798828125,0.04150390625,0.005710375109105262,"[0.030311571036153687, 0.05269624146384631]",0.0017965274181787438,-0.03564453125,0.0043321910974699895,"[-0.044135625801041176, -0.02715343669895882]",-0.8588235294117647,0.073974609375,0.07275390625,0.050927734375,0.07275390625,0.021826171874999998,0.0,1.7529411764705882,0.0,0.3,1.0,,,100.0,0.3,,
B-historical-like-growth,c10-eclip,0.3,threshold,50,1304,4096,46.28125,46.392578125,0.111328125,0.01075801287060254,"[0.09024241977361902, 0.13241383022638098]",0.0024054692775151926,-0.076416015625,0.007561725273787672,"[-0.09123699716162384, -0.06159503408837616]",-0.6864035087719298,0.1513671875,0.147216796875,0.10305175781249999,0.147216796875,0.0441650390625,0.0,1.3223684210526316,0.0,0.3,1.0,,,100.0,0.3,,
B-historical-like-growth,c10-eclip,0.3,threshold,100,2609,4096,92.61279296875,92.8818359375,0.26904296875,0.020752353271186113,"[0.22836835633847521, 0.30971758116152476]",0.0029050302892904027,-0.1611328125,0.013408608464300947,"[-0.18741368509002987, -0.13485193990997013]",-0.5989110707803993,0.310546875,0.301025390625,0.21071777343749998,0.301025390625,0.0903076171875,0.0,1.118874773139746,0.0,0.3,1.0,,,100.0,0.3,,
B-historical-like-growth,c10-eclip,0.3,all-discoveries-public-lock,1,26,4096,0.687744140625,0.687744140625,0.0,0.0,"[0.0, 0.0]",0.0,,,,,0.004150390625,0.0,0.0,0.004150390625,,0.004150390625,,0.0,0.3,1.0,,,,,"Impossible ownership stress: controls every discovery after a public lock at zero cost, but lacks foresight; it is not the omniscient hard ceiling.",
B-historical-like-growth,c10-eclip,0.3,all-discoveries-public-lock,4,104,4096,3.50341796875,3.5126953125,0.00927734375,0.0016496863684567807,"[0.00604395846782471, 0.01251072903217529]",0.00264808362369338,,,,,0.032470703125,0.0,0.0,0.032470703125,,0.032470703125,0.0,0.0,0.3,1.0,,,,,"Impossible ownership stress: controls every discovery after a public lock at zero cost, but lacks foresight; it is not the omniscient hard ceiling.",
B-historical-like-growth,c10-eclip,0.3,all-discoveries-public-lock,10,261,4096,9.208984375,9.268798828125,0.059814453125,0.0052045857567372756,"[0.04961346504179494, 0.07001544120820506]",0.006495227995758218,,,,,0.101806640625,0.0,0.0,0.101806640625,,0.101806640625,0.0,0.0,0.3,1.0,,,,,"Impossible ownership stress: controls every discovery after a public lock at zero cost, but lacks foresight; it is not the omniscient hard ceiling.",
B-historical-like-growth,c10-eclip,0.3,all-discoveries-public-lock,25,652,4096,23.102294921875,23.302978515625,0.20068359375,0.012318000457648307,"[0.1765403128530093, 0.2248268746469907]",0.008686738457311338,,,,,0.26025390625,0.0,0.0,0.26025390625,,0.26025390625,0.0,0.0,0.3,1.0,,,,,"Impossible ownership stress: controls every discovery after a public lock at zero cost, but lacks foresight; it is not the omniscient hard ceiling.",
B-historical-like-growth,c10-eclip,0.3,all-discoveries-public-lock,50,1304,4096,46.28125,46.732177734375,0.450927734375,0.021420492561713647,"[0.40894356895404127, 0.49291189979595873]",0.009743205604321405,,,,,0.53515625,0.0,0.0,0.53515625,,0.53515625,0.0,0.0,0.3,1.0,,,,,"Impossible ownership stress: controls every discovery after a public lock at zero cost, but lacks foresight; it is not the omniscient hard ceiling.",
B-historical-like-growth,c10-eclip,0.3,all-discoveries-public-lock,100,2609,4096,92.61279296875,93.57763671875,0.96484375,0.03686968481785537,"[0.8925791677570035, 1.0371083322429966]",0.010418039658144893,,,,,1.095947265625,0.0,0.0,1.095947265625,,1.095947265625,0.0,0.0,0.3,1.0,,,,,"Impossible ownership stress: controls every discovery after a public lock at zero cost, but lacks foresight; it is not the omniscient hard ceiling.",
B-historical-like-growth,c10-eclip,0.3,omniscient-hard-ceiling,1,26,4096,0.687744140625,26.0,25.312255859375,0.01201066579484269,"[25.28871495441711, 25.33579676433289]",36.80475683351083,,,,,,0.0,0.0,,,,,,,,,,,,"Hard count ceiling only: grants arbitrary foresight, control, delay, and zero cost; it is not an executable strategy.",
B-historical-like-growth,c10-eclip,0.3,omniscient-hard-ceiling,4,104,4096,3.50341796875,104.0,100.49658203125,0.01943871493375667,"[100.45848214997984, 100.53468191252016]",28.685296167247387,,,,,,0.0,0.0,,,,,,,,,,,,"Hard count ceiling only: grants arbitrary foresight, control, delay, and zero cost; it is not an executable strategy.",
B-historical-like-growth,c10-eclip,0.3,omniscient-hard-ceiling,10,261,4096,9.208984375,261.0,251.791015625,0.030523364216058228,"[251.73118983113653, 251.85084141886347]",27.34188759278897,,,,,,0.0,0.0,,,,,,,,,,,,"Hard count ceiling only: grants arbitrary foresight, control, delay, and zero cost; it is not an executable strategy.",
B-historical-like-growth,c10-eclip,0.3,omniscient-hard-ceiling,25,652,4096,23.102294921875,652.0,628.897705078125,0.052401807008901805,"[628.7949975363875, 629.0004126198625]",27.222304416287106,,,,,,0.0,0.0,,,,,,,,,,,,"Hard count ceiling only: grants arbitrary foresight, control, delay, and zero cost; it is not an executable strategy.",
B-historical-like-growth,c10-eclip,0.3,omniscient-hard-ceiling,50,1304,4096,46.28125,1304.0,1257.71875,0.07857812731600851,"[1257.5647368704606, 1257.8727631295394]",27.175557056043214,,,,,,0.0,0.0,,,,,,,,,,,,"Hard count ceiling only: grants arbitrary foresight, control, delay, and zero cost; it is not an executable strategy.",
B-historical-like-growth,c10-eclip,0.3,omniscient-hard-ceiling,100,2609,4096,92.61279296875,2609.0,2516.38720703125,0.1111224681921094,"[2516.1694069935934, 2516.6050070689066]",27.17105408839517,,,,,,0.0,0.0,,,,,,,,,,,,"Hard count ceiling only: grants arbitrary foresight, control, delay, and zero cost; it is not an executable strategy.",
B-historical-like-growth,c10-eclip,0.3,public-lock-budget-1R,1,26,4096,0.687744140625,0.687744140625,0.0,0.0,"[0.0, 0.0]",0.0,-0.000732421875,0.00042276069059612694,"[-0.0015610328285684087, 9.618907856840883e-05]",,0.0009765625,0.0009765625,0.00068359375,0.0009765625,0.00029296875,0.0,,0.0,0.3,1.0,1,0.0009765625,,,,True
B-historical-like-growth,c10-eclip,0.3,public-lock-budget-1R,4,104,4096,3.50341796875,3.505859375,0.00244140625,0.0008449703285023925,"[0.0007852644061353106, 0.00409754809386469]",0.0006968641114982578,-0.005615234375,0.0012176946099514104,"[-0.008001915810504764, -0.0032285529394952355]",-2.3,0.010009765625,0.010009765625,0.0070068359375,0.010009765625,0.0030029296874999997,0.0,4.1,0.0,0.3,1.0,1,0.010009765625,,,,True
B-historical-like-growth,c10-eclip,0.3,public-lock-budget-1R,10,261,4096,9.208984375,9.221923828125,0.012939453125,0.0022684761646001926,"[0.008493239842383623, 0.01738566640761638]",0.0014050901378579003,-0.013427734375,0.0020173483892725916,"[-0.01738173721797428, -0.009473731532025721]",-1.0377358490566038,0.029541015625,0.029052734375,0.0203369140625,0.029052734375,0.008715820312499999,0.0,2.2452830188679247,0.0,0.3,1.0,1,0.029052734375,,,,True
B-historical-like-growth,c10-eclip,0.3,public-lock-budget-1R,25,652,4096,23.102294921875,23.139892578125,0.03759765625,0.005536857107483919,"[0.02674541631933152, 0.04844989618066848]",0.0016274424847030975,-0.032958984375,0.004147668291039601,"[-0.04108841422543762, -0.024829554524562383]",-0.8766233766233766,0.073974609375,0.0693359375,0.048535156249999996,0.0693359375,0.02080078125,0.0,1.844155844155844,0.0,0.3,1.0,1,0.0693359375,,,,True
B-historical-like-growth,c10-eclip,0.3,public-lock-budget-1R,50,1304,4096,46.28125,46.384521484375,0.103271484375,0.01047749001343743,"[0.08273560394866264, 0.12380736480133736]",0.0022313892640108035,-0.072265625,0.007278611149594312,"[-0.08653170285320486, -0.05799954714679515]",-0.6997635933806147,0.1513671875,0.140380859375,0.0982666015625,0.140380859375,0.0421142578125,0.0,1.3593380614657211,0.0,0.3,1.0,1,0.140380859375,,,,True
B-historical-like-growth,c10-eclip,0.3,public-lock-budget-1R,100,2609,4096,92.61279296875,92.842529296875,0.229736328125,0.01978054517394359,"[0.19096645958407057, 0.26850619666592945]",0.002480611163541079,-0.144775390625,0.012973582290907348,"[-0.1702036119151784, -0.1193471693348216]",-0.6301806588735388,0.3095703125,0.266845703125,0.18679199218749998,0.266845703125,0.0800537109375,0.0,1.1615302869287991,0.0,0.3,1.0,1,0.266845703125,,,,True
B-historical-like-growth,c10-eclip,0.5,shallow-lock,1,26,4096,0.700439453125,0.700439453125,0.0,0.0,"[0.0, 0.0]",0.0,0.0,0.0,"[0.0, 0.0]",,0.00048828125,0.00048828125,0.000244140625,0.00048828125,0.000244140625,0.0,,0.0,0.5,1.0,,,,,,
B-historical-like-growth,c10-eclip,0.5,shallow-lock,4,104,4096,3.502197265625,3.50439453125,0.002197265625,0.000809093449307695,"[0.000611442464356918, 0.0037830887856430823]",0.0006273963053328686,0.001220703125,0.0005456483432585137,"[0.00015123237221331318, 0.0022901738777866866]",0.5555555555555556,0.006591796875,0.006591796875,0.0032958984375,0.006591796875,0.0032958984375,0.0,3.0,0.0,0.5,1.0,,,,,,
B-historical-like-growth,c10-eclip,0.5,shallow-lock,10,261,4096,9.2392578125,9.25439453125,0.01513671875,0.002664273410744448,"[0.009914742864940882, 0.02035869463505912]",0.0016383046189620547,0.009521484375,0.001901218647824806,"[0.00579509582526338, 0.01324787292473662]",0.6290322580645161,0.02197265625,0.02197265625,0.010986328125,0.02197265625,0.010986328125,0.0,1.4516129032258065,0.0,0.5,1.0,,,,,,
B-historical-like-growth,c10-eclip,0.5,shallow-lock,25,652,4096,23.166748046875,23.210205078125,0.04345703125,0.005675398334923969,"[0.032333250513549024, 0.054580811986450976]",0.001875836486073495,0.0244140625,0.004154906952413048,"[0.016270444873270427, 0.03255768012672958]",0.5617977528089888,0.0634765625,0.0634765625,0.03173828125,0.0634765625,0.03173828125,0.0,1.4606741573033708,0.0,0.5,1.0,,,,,,
B-historical-like-growth,c10-eclip,0.5,shallow-lock,50,1304,4096,46.29833984375,46.412353515625,0.114013671875,0.010753914563984134,"[0.0929359993295911, 0.1350913444204089]",0.0024625866123878125,0.06298828125,0.007603661040244887,"[0.04808510561112002, 0.07789145688887998]",0.5524625267665952,0.13330078125,0.13330078125,0.066650390625,0.13330078125,0.066650390625,0.0,1.1691648822269807,0.0,0.5,1.0,,,,,,
B-historical-like-growth,c10-eclip,0.5,shallow-lock,100,2609,4096,92.7314453125,92.951416015625,0.219970703125,0.018551822027040955,"[0.18360913195199974, 0.25633227429800026]",0.00237212633086555,0.099853515625,0.014271255090785055,"[0.07188185564706129, 0.1278251756029387]",0.45394006659267483,0.259521484375,0.259521484375,0.1297607421875,0.259521484375,0.1297607421875,0.0,1.1798002219755828,0.0,0.5,1.0,,,,,,
B-historical-like-growth,c10-eclip,0.5,public-lock,1,26,4096,0.700439453125,0.700439453125,0.0,0.0,"[0.0, 0.0]",0.0,-0.001953125,0.0006899435135935306,"[-0.0033054142866433198, -0.00060083571335668]",,0.00244140625,0.00244140625,0.001220703125,0.00244140625,0.001220703125,0.0,,0.0,0.5,1.0,,,,,,
B-historical-like-growth,c10-eclip,0.5,public-lock,4,104,4096,3.502197265625,3.508056640625,0.005859375,0.0013342383809843226,"[0.0032442677732707277, 0.008474482226729273]",0.001673056814220983,-0.005615234375,0.001399904912863127,"[-0.008359048004211729, -0.002871420745788271]",-0.9583333333333334,0.015380859375,0.015380859375,0.0076904296875,0.015380859375,0.0076904296875,0.0,2.625,0.0,0.5,1.0,,,,,,
B-historical-like-growth,c10-eclip,0.5,public-lock,10,261,4096,9.2392578125,9.269287109375,0.030029296875,0.0037455011908612617,"[0.02268811454091193, 0.03737047920908807]",0.0032501849698763343,-0.00927734375,0.0031614881850268793,"[-0.015473860592652683, -0.003080826907347317]",-0.3089430894308943,0.048095703125,0.048095703125,0.0240478515625,0.048095703125,0.0240478515625,0.0,1.6016260162601625,0.0,0.5,1.0,,,,,,
B-historical-like-growth,c10-eclip,0.5,public-lock,25,652,4096,23.166748046875,23.266357421875,0.099609375,0.008434875905513884,"[0.08307701822519278, 0.11614173177480722]",0.0042996701478538535,-0.008056640625,0.006180619422921838,"[-0.0201706546939268, 0.004057373443926803]",-0.08088235294117647,0.12890625,0.12890625,0.064453125,0.12890625,0.064453125,0.0,1.2941176470588236,0.0,0.5,1.0,,,,,,
B-historical-like-growth,c10-eclip,0.5,public-lock,50,1304,4096,46.29833984375,46.515625,0.21728515625,0.014720492916023538,"[0.18843299013459386, 0.24613732236540614]",0.004693152216327951,-0.010498046875,0.011158745281092553,"[-0.032369187625941404, 0.011373093875941404]",-0.048314606741573035,0.257080078125,0.257080078125,0.1285400390625,0.257080078125,0.1285400390625,0.0,1.1831460674157304,0.0,0.5,1.0,,,,,,
B-historical-like-growth,c10-eclip,0.5,public-lock,100,2609,4096,92.7314453125,93.16943359375,0.43798828125,0.026370688239530978,"[0.3863017323005193, 0.4896748301994807]",0.004723190496751161,-0.0537109375,0.02000437496528239,"[-0.09291951243195348, -0.014502362568046517]",-0.12263099219620958,0.523193359375,0.523193359375,0.2615966796875,0.523193359375,0.2615966796875,0.0,1.1945373467112597,0.0,0.5,1.0,,,,,,
B-historical-like-growth,c10-eclip,0.5,threshold,1,26,4096,0.700439453125,0.700439453125,0.0,0.0,"[0.0, 0.0]",0.0,-0.001953125,0.0006899435135935306,"[-0.0033054142866433198, -0.00060083571335668]",,0.00244140625,0.002197265625,0.0010986328125,0.002197265625,0.0010986328125,0.0,,0.0,0.5,1.0,,,100.0,0.5,,
B-historical-like-growth,c10-eclip,0.5,threshold,4,104,4096,3.502197265625,3.508056640625,0.005859375,0.0013342383809843226,"[0.0032442677732707277, 0.008474482226729273]",0.001673056814220983,-0.005126953125,0.0013571205715871989,"[-0.0077869094453109095, -0.0024669968046890905]",-0.875,0.015380859375,0.0146484375,0.00732421875,0.0146484375,0.00732421875,0.0,2.5,0.0,0.5,1.0,,,100.0,0.5,,
B-historical-like-growth,c10-eclip,0.5,threshold,10,261,4096,9.2392578125,9.269287109375,0.030029296875,0.0037455011908612617,"[0.02268811454091193, 0.03737047920908807]",0.0032501849698763343,-0.007568359375,0.003095917220112675,"[-0.013636357126420844, -0.0015003616235791566]",-0.25203252032520324,0.048095703125,0.046142578125,0.0230712890625,0.046142578125,0.0230712890625,0.0,1.5365853658536586,0.0,0.5,1.0,,,100.0,0.5,,
B-historical-like-growth,c10-eclip,0.5,threshold,25,652,4096,23.166748046875,23.266357421875,0.099609375,0.008434875905513884,"[0.08307701822519278, 0.11614173177480722]",0.0042996701478538535,-0.005859375,0.006166738668515589,"[-0.017946182790290553, 0.006227432790290555]",-0.058823529411764705,0.12890625,0.125,0.0625,0.125,0.0625,0.0,1.2549019607843137,0.0,0.5,1.0,,,100.0,0.5,,
B-historical-like-growth,c10-eclip,0.5,threshold,50,1304,4096,46.29833984375,46.515625,0.21728515625,0.014716442276929935,"[0.18844092938721732, 0.24612938311278268]",0.004693152216327951,-0.006103515625,0.011030579791217082,"[-0.02772345201578548, 0.01551642076578548]",-0.028089887640449437,0.25732421875,0.2509765625,0.12548828125,0.2509765625,0.12548828125,0.0,1.155056179775281,0.0,0.5,1.0,,,100.0,0.5,,
B-historical-like-growth,c10-eclip,0.5,threshold,100,2609,4096,92.7314453125,93.1708984375,0.439453125,0.026319471044976547,"[0.387866961751846, 0.491039288248154]",0.004738987120486115,-0.047119140625,0.01983335270083557,"[-0.08599251191863772, -0.008245769331362285]",-0.10722222222222222,0.5234375,0.512451171875,0.2562255859375,0.512451171875,0.2562255859375,0.0,1.166111111111111,0.0,0.5,1.0,,,100.0,0.5,,
B-historical-like-growth,c10-eclip,0.5,all-discoveries-public-lock,1,26,4096,0.700439453125,0.70068359375,0.000244140625,0.000244140625,"[-0.000234375, 0.00072265625]",0.0003485535029627048,,,,,0.005126953125,0.0,0.0,0.005126953125,,0.005126953125,0.0,0.0,0.5,1.0,,,,,"Impossible ownership stress: controls every discovery after a public lock at zero cost, but lacks foresight; it is not the omniscient hard ceiling.",
B-historical-like-growth,c10-eclip,0.5,all-discoveries-public-lock,4,104,4096,3.502197265625,3.512451171875,0.01025390625,0.0017534316541337573,"[0.006817180207897835, 0.013690632292102165]",0.00292784942488672,,,,,0.0322265625,0.0,0.0,0.0322265625,,0.0322265625,0.0,0.0,0.5,1.0,,,,,"Impossible ownership stress: controls every discovery after a public lock at zero cost, but lacks foresight; it is not the omniscient hard ceiling.",
B-historical-like-growth,c10-eclip,0.5,all-discoveries-public-lock,10,261,4096,9.2392578125,9.2978515625,0.05859375,0.0053380007040756796,"[0.04813126862001167, 0.06905623137998833]",0.006341824331466018,,,,,0.100341796875,0.0,0.0,0.100341796875,,0.100341796875,0.0,0.0,0.5,1.0,,,,,"Impossible ownership stress: controls every discovery after a public lock at zero cost, but lacks foresight; it is not the omniscient hard ceiling.",
B-historical-like-growth,c10-eclip,0.5,all-discoveries-public-lock,25,652,4096,23.166748046875,23.365234375,0.198486328125,0.012124311336232207,"[0.17472267790598486, 0.22224997834401514]",0.008567725074032312,,,,,0.270751953125,0.0,0.0,0.270751953125,,0.270751953125,0.0,0.0,0.5,1.0,,,,,"Impossible ownership stress: controls every discovery after a public lock at zero cost, but lacks foresight; it is not the omniscient hard ceiling.",
B-historical-like-growth,c10-eclip,0.5,all-discoveries-public-lock,50,1304,4096,46.29833984375,46.7451171875,0.44677734375,0.020911023669208224,"[0.4057917373583519, 0.4877629501416481]",0.00964996466952826,,,,,0.548828125,0.0,0.0,0.548828125,,0.548828125,0.0,0.0,0.5,1.0,,,,,"Impossible ownership stress: controls every discovery after a public lock at zero cost, but lacks foresight; it is not the omniscient hard ceiling.",
B-historical-like-growth,c10-eclip,0.5,all-discoveries-public-lock,100,2609,4096,92.7314453125,93.609375,0.8779296875,0.03606370415445035,"[0.8072448273572773, 0.9486145476427227]",0.009467443158482261,,,,,1.094482421875,0.0,0.0,1.094482421875,,1.094482421875,0.0,0.0,0.5,1.0,,,,,"Impossible ownership stress: controls every discovery after a public lock at zero cost, but lacks foresight; it is not the omniscient hard ceiling.",
B-historical-like-growth,c10-eclip,0.5,omniscient-hard-ceiling,1,26,4096,0.700439453125,26.0,25.299560546875,0.012328646588772627,"[25.275396399561007, 25.323724694188993]",36.11955385151621,,,,,,0.0,0.0,,,,,,,,,,,,"Hard count ceiling only: grants arbitrary foresight, control, delay, and zero cost; it is not an executable strategy.",
B-historical-like-growth,c10-eclip,0.5,omniscient-hard-ceiling,4,104,4096,3.502197265625,104.0,100.497802734375,0.019451022229094315,"[100.45967873080598, 100.53592673794402]",28.695643081212967,,,,,,0.0,0.0,,,,,,,,,,,,"Hard count ceiling only: grants arbitrary foresight, control, delay, and zero cost; it is not an executable strategy.",
B-historical-like-growth,c10-eclip,0.5,omniscient-hard-ceiling,10,261,4096,9.2392578125,261.0,251.7607421875,0.03111379748885867,"[251.69975914442185, 251.82172523057815]",27.24902230208223,,,,,,0.0,0.0,,,,,,,,,,,,"Hard count ceiling only: grants arbitrary foresight, control, delay, and zero cost; it is not an executable strategy.",
B-historical-like-growth,c10-eclip,0.5,omniscient-hard-ceiling,25,652,4096,23.166748046875,652.0,628.833251953125,0.053025538426828216,"[628.7293218978084, 628.9371820084416]",27.1437860281797,,,,,,0.0,0.0,,,,,,,,,,,,"Hard count ceiling only: grants arbitrary foresight, control, delay, and zero cost; it is not an executable strategy.",
B-historical-like-growth,c10-eclip,0.5,omniscient-hard-ceiling,50,1304,4096,46.29833984375,1304.0,1257.70166015625,0.07892313186459682,"[1257.5469708177955, 1257.8563494947045]",27.165156772376843,,,,,,0.0,0.0,,,,,,,,,,,,"Hard count ceiling only: grants arbitrary foresight, control, delay, and zero cost; it is not an executable strategy.",
B-historical-like-growth,c10-eclip,0.5,omniscient-hard-ceiling,100,2609,4096,92.7314453125,2609.0,2516.2685546875,0.1124103473038399,"[2516.0482304067846, 2516.4888789682154]",27.135008477521403,,,,,,0.0,0.0,,,,,,,,,,,,"Hard count ceiling only: grants arbitrary foresight, control, delay, and zero cost; it is not an executable strategy.",
B-historical-like-growth,c10-eclip,0.5,public-lock-budget-1R,1,26,4096,0.700439453125,0.700439453125,0.0,0.0,"[0.0, 0.0]",0.0,-0.001953125,0.0006899435135935306,"[-0.0033054142866433198, -0.00060083571335668]",,0.00244140625,0.00244140625,0.001220703125,0.00244140625,0.001220703125,0.0,,0.0,0.5,1.0,1,0.00244140625,,,,True
B-historical-like-growth,c10-eclip,0.5,public-lock-budget-1R,4,104,4096,3.502197265625,3.508056640625,0.005859375,0.0013342383809843226,"[0.0032442677732707277, 0.008474482226729273]",0.001673056814220983,-0.005615234375,0.001399904912863127,"[-0.008359048004211729, -0.002871420745788271]",-0.9583333333333334,0.015380859375,0.015380859375,0.0076904296875,0.015380859375,0.0076904296875,0.0,2.625,0.0,0.5,1.0,1,0.015380859375,,,,True
B-historical-like-growth,c10-eclip,0.5,public-lock-budget-1R,10,261,4096,9.2392578125,9.26806640625,0.02880859375,0.0036755605978491114,"[0.021604494978215743, 0.03601269252178426]",0.003118063629637459,-0.0087890625,0.0031429163770230945,"[-0.014949178598965265, -0.002628946401034735]",-0.3050847457627119,0.048095703125,0.046630859375,0.0233154296875,0.046630859375,0.0233154296875,0.0,1.61864406779661,0.0,0.5,1.0,1,0.046630859375,,,,True
B-historical-like-growth,c10-eclip,0.5,public-lock-budget-1R,25,652,4096,23.166748046875,23.261474609375,0.0947265625,0.008299087190445186,"[0.07846035160672743, 0.11099277339327257]",0.0040889020033512136,-0.005126953125,0.006103735019713758,"[-0.017090273763638968, 0.006836367513638966]",-0.05412371134020619,0.12841796875,0.1201171875,0.06005859375,0.1201171875,0.06005859375,0.0,1.268041237113402,0.0,0.5,1.0,1,0.1201171875,,,,True
B-historical-like-growth,c10-eclip,0.5,public-lock-budget-1R,50,1304,4096,46.29833984375,46.488525390625,0.190185546875,0.013934508300747599,"[0.16287391060553472, 0.21749718314446528]",0.004107826490471319,-0.007568359375,0.010745622507211476,"[-0.02862977948913449, 0.013493060739134491]",-0.03979460847240052,0.256591796875,0.221923828125,0.1109619140625,0.221923828125,0.1109619140625,0.0,1.1668806161745828,0.0,0.5,1.0,1,0.221923828125,,,,True
B-historical-like-growth,c10-eclip,0.5,public-lock-budget-1R,100,2609,4096,92.7314453125,93.0859375,0.3544921875,0.024866187097043416,"[0.3057544607897949, 0.4032299142102051]",0.003822782943858799,-0.036865234375,0.019690848004724714,"[-0.07545929646426044, 0.0017288277142604377]",-0.10399449035812672,0.520263671875,0.408203125,0.2041015625,0.408203125,0.2041015625,0.0,1.1515151515151516,0.0,0.5,1.0,1,0.408203125,,,,True
B-historical-like-growth,c10-eclip,1.0,shallow-lock,1,26,4096,0.705810546875,0.705810546875,0.0,0.0,"[0.0, 0.0]",0.0,0.0,0.0,"[0.0, 0.0]",,0.005859375,0.005859375,0.0,0.005859375,0.005859375,0.0,,0.0,1.0,1.0,,,,,,
B-historical-like-growth,c10-eclip,1.0,shallow-lock,4,104,4096,3.503662109375,3.511474609375,0.0078125,0.0014185020296925057,"[0.005032236021802689, 0.010592763978197311]",0.002229809769354052,0.0078125,0.0014185020296925057,"[0.005032236021802689, 0.010592763978197311]",1.0,0.03662109375,0.03662109375,0.0,0.03662109375,0.03662109375,0.0,4.6875,0.0,1.0,1.0,,,,,,
B-historical-like-growth,c10-eclip,1.0,shallow-lock,10,261,4096,9.26416015625,9.325927734375,0.061767578125,0.005233300976722073,"[0.05151030821062474, 0.07202484803937526]",0.006667369419701682,0.061767578125,0.005233300976722073,"[0.05151030821062474, 0.07202484803937526]",1.0,0.10888671875,0.10888671875,0.0,0.10888671875,0.10888671875,0.0,1.7628458498023716,0.0,1.0,1.0,,,,,,
B-historical-like-growth,c10-eclip,1.0,shallow-lock,25,652,4096,23.213623046875,23.409912109375,0.1962890625,0.012115833306618485,"[0.17254202921902778, 0.22003609578097222]",0.008455770221806212,0.1962890625,0.012115833306618485,"[0.17254202921902778, 0.22003609578097222]",1.0,0.26123046875,0.26123046875,0.0,0.26123046875,0.26123046875,0.0,1.3308457711442787,0.0,1.0,1.0,,,,,,
B-historical-like-growth,c10-eclip,1.0,shallow-lock,50,1304,4096,46.141845703125,46.591796875,0.449951171875,0.021863468297223916,"[0.4070987740124411, 0.4928035697375589]",0.009751477536680476,0.449951171875,0.021863468297223916,"[0.4070987740124411, 0.4928035697375589]",1.0,0.529052734375,0.529052734375,0.0,0.529052734375,0.529052734375,0.0,1.1758003255561584,0.0,1.0,1.0,,,,,,
B-historical-like-growth,c10-eclip,1.0,shallow-lock,100,2609,4096,92.28564453125,93.2294921875,0.94384765625,0.03582329340749613,"[0.8736340011713076, 1.0140613113286925]",0.010227459113972942,0.94384765625,0.03582329340749613,"[0.8736340011713076, 1.0140613113286925]",1.0,1.080078125,1.080078125,0.0,1.080078125,1.080078125,0.0,1.1443352302121055,0.0,1.0,1.0,,,,,,
B-historical-like-growth,c10-eclip,1.0,public-lock,1,26,4096,0.705810546875,0.705810546875,0.0,0.0,"[0.0, 0.0]",0.0,0.0,0.0,"[0.0, 0.0]",,0.005859375,0.005859375,0.0,0.005859375,0.005859375,0.0,,0.0,1.0,1.0,,,,,,
B-historical-like-growth,c10-eclip,1.0,public-lock,4,104,4096,3.503662109375,3.511474609375,0.0078125,0.0014185020296925057,"[0.005032236021802689, 0.010592763978197311]",0.002229809769354052,0.0078125,0.0014185020296925057,"[0.005032236021802689, 0.010592763978197311]",1.0,0.03662109375,0.03662109375,0.0,0.03662109375,0.03662109375,0.0,4.6875,0.0,1.0,1.0,,,,,,
B-historical-like-growth,c10-eclip,1.0,public-lock,10,261,4096,9.26416015625,9.325927734375,0.061767578125,0.005233300976722073,"[0.05151030821062474, 0.07202484803937526]",0.006667369419701682,0.061767578125,0.005233300976722073,"[0.05151030821062474, 0.07202484803937526]",1.0,0.10888671875,0.10888671875,0.0,0.10888671875,0.10888671875,0.0,1.7628458498023716,0.0,1.0,1.0,,,,,,
B-historical-like-growth,c10-eclip,1.0,public-lock,25,652,4096,23.213623046875,23.409912109375,0.1962890625,0.012115833306618485,"[0.17254202921902778, 0.22003609578097222]",0.008455770221806212,0.1962890625,0.012115833306618485,"[0.17254202921902778, 0.22003609578097222]",1.0,0.26123046875,0.26123046875,0.0,0.26123046875,0.26123046875,0.0,1.3308457711442787,0.0,1.0,1.0,,,,,,
B-historical-like-growth,c10-eclip,1.0,public-lock,50,1304,4096,46.141845703125,46.591796875,0.449951171875,0.021863468297223916,"[0.4070987740124411, 0.4928035697375589]",0.009751477536680476,0.449951171875,0.021863468297223916,"[0.4070987740124411, 0.4928035697375589]",1.0,0.529052734375,0.529052734375,0.0,0.529052734375,0.529052734375,0.0,1.1758003255561584,0.0,1.0,1.0,,,,,,
B-historical-like-growth,c10-eclip,1.0,public-lock,100,2609,4096,92.28564453125,93.2294921875,0.94384765625,0.03582329340749613,"[0.8736340011713076, 1.0140613113286925]",0.010227459113972942,0.94384765625,0.03582329340749613,"[0.8736340011713076, 1.0140613113286925]",1.0,1.080078125,1.080078125,0.0,1.080078125,1.080078125,0.0,1.1443352302121055,0.0,1.0,1.0,,,,,,
B-historical-like-growth,c10-eclip,1.0,threshold,1,26,4096,0.705810546875,0.705810546875,0.0,0.0,"[0.0, 0.0]",0.0,0.0,0.0,"[0.0, 0.0]",,0.005859375,0.005859375,0.0,0.005859375,0.005859375,0.0,,0.0,1.0,1.0,,,100.0,1.0,,
B-historical-like-growth,c10-eclip,1.0,threshold,4,104,4096,3.503662109375,3.511474609375,0.0078125,0.0014185020296925057,"[0.005032236021802689, 0.010592763978197311]",0.002229809769354052,0.0078125,0.0014185020296925057,"[0.005032236021802689, 0.010592763978197311]",1.0,0.03662109375,0.03662109375,0.0,0.03662109375,0.03662109375,0.0,4.6875,0.0,1.0,1.0,,,100.0,1.0,,
B-historical-like-growth,c10-eclip,1.0,threshold,10,261,4096,9.26416015625,9.325927734375,0.061767578125,0.005233300976722073,"[0.05151030821062474, 0.07202484803937526]",0.006667369419701682,0.061767578125,0.005233300976722073,"[0.05151030821062474, 0.07202484803937526]",1.0,0.10888671875,0.107421875,0.0,0.107421875,0.107421875,0.0,1.7391304347826086,0.0,1.0,1.0,,,100.0,1.0,,
B-historical-like-growth,c10-eclip,1.0,threshold,25,652,4096,23.213623046875,23.409912109375,0.1962890625,0.012115833306618485,"[0.17254202921902778, 0.22003609578097222]",0.008455770221806212,0.1962890625,0.012115833306618485,"[0.17254202921902778, 0.22003609578097222]",1.0,0.26123046875,0.258056640625,0.0,0.258056640625,0.258056640625,0.0,1.314676616915423,0.0,1.0,1.0,,,100.0,1.0,,
B-historical-like-growth,c10-eclip,1.0,threshold,50,1304,4096,46.141845703125,46.591796875,0.449951171875,0.021863468297223916,"[0.4070987740124411, 0.4928035697375589]",0.009751477536680476,0.449951171875,0.021863468297223916,"[0.4070987740124411, 0.4928035697375589]",1.0,0.529052734375,0.5244140625,0.0,0.5244140625,0.5244140625,0.0,1.165491047205643,0.0,1.0,1.0,,,100.0,1.0,,
B-historical-like-growth,c10-eclip,1.0,threshold,100,2609,4096,92.28564453125,93.229248046875,0.943603515625,0.03582403187371124,"[0.873388413152526, 1.013818618097474]",0.010224813625324734,0.943603515625,0.03582403187371124,"[0.873388413152526, 1.013818618097474]",1.0,1.080078125,1.070556640625,0.0,1.070556640625,1.070556640625,0.0,1.1345407503234153,0.0,1.0,1.0,,,100.0,1.0,,
B-historical-like-growth,c10-eclip,1.0,all-discoveries-public-lock,1,26,4096,0.705810546875,0.705810546875,0.0,0.0,"[0.0, 0.0]",0.0,,,,,0.005859375,0.0,0.0,0.005859375,,0.005859375,,0.0,1.0,1.0,,,,,"Impossible ownership stress: controls every discovery after a public lock at zero cost, but lacks foresight; it is not the omniscient hard ceiling.",
B-historical-like-growth,c10-eclip,1.0,all-discoveries-public-lock,4,104,4096,3.503662109375,3.511474609375,0.0078125,0.0014185020296925057,"[0.005032236021802689, 0.010592763978197311]",0.002229809769354052,,,,,0.03662109375,0.0,0.0,0.03662109375,,0.03662109375,0.0,0.0,1.0,1.0,,,,,"Impossible ownership stress: controls every discovery after a public lock at zero cost, but lacks foresight; it is not the omniscient hard ceiling.",
B-historical-like-growth,c10-eclip,1.0,all-discoveries-public-lock,10,261,4096,9.26416015625,9.325927734375,0.061767578125,0.005233300976722073,"[0.05151030821062474, 0.07202484803937526]",0.006667369419701682,,,,,0.10888671875,0.0,0.0,0.10888671875,,0.10888671875,0.0,0.0,1.0,1.0,,,,,"Impossible ownership stress: controls every discovery after a public lock at zero cost, but lacks foresight; it is not the omniscient hard ceiling.",
B-historical-like-growth,c10-eclip,1.0,all-discoveries-public-lock,25,652,4096,23.213623046875,23.409912109375,0.1962890625,0.012115833306618485,"[0.17254202921902778, 0.22003609578097222]",0.008455770221806212,,,,,0.26123046875,0.0,0.0,0.26123046875,,0.26123046875,0.0,0.0,1.0,1.0,,,,,"Impossible ownership stress: controls every discovery after a public lock at zero cost, but lacks foresight; it is not the omniscient hard ceiling.",
B-historical-like-growth,c10-eclip,1.0,all-discoveries-public-lock,50,1304,4096,46.141845703125,46.591796875,0.449951171875,0.021863468297223916,"[0.4070987740124411, 0.4928035697375589]",0.009751477536680476,,,,,0.529052734375,0.0,0.0,0.529052734375,,0.529052734375,0.0,0.0,1.0,1.0,,,,,"Impossible ownership stress: controls every discovery after a public lock at zero cost, but lacks foresight; it is not the omniscient hard ceiling.",
B-historical-like-growth,c10-eclip,1.0,all-discoveries-public-lock,100,2609,4096,92.28564453125,93.2294921875,0.94384765625,0.03582329340749613,"[0.8736340011713076, 1.0140613113286925]",0.010227459113972942,,,,,1.080078125,0.0,0.0,1.080078125,,1.080078125,0.0,0.0,1.0,1.0,,,,,"Impossible ownership stress: controls every discovery after a public lock at zero cost, but lacks foresight; it is not the omniscient hard ceiling.",
B-historical-like-growth,c10-eclip,1.0,omniscient-hard-ceiling,1,26,4096,0.705810546875,26.0,25.294189453125,0.011978051063338708,"[25.270712473040856, 25.317666433209144]",35.837080594949846,,,,,,0.0,0.0,,,,,,,,,,,,"Hard count ceiling only: grants arbitrary foresight, control, delay, and zero cost; it is not an executable strategy.",
B-historical-like-growth,c10-eclip,1.0,omniscient-hard-ceiling,4,104,4096,3.503662109375,104.0,100.496337890625,0.01951828410952042,"[100.45808205377034, 100.53459372747966]",28.68322764964114,,,,,,0.0,0.0,,,,,,,,,,,,"Hard count ceiling only: grants arbitrary foresight, control, delay, and zero cost; it is not an executable strategy.",
B-historical-like-growth,c10-eclip,1.0,omniscient-hard-ceiling,10,261,4096,9.26416015625,261.0,251.73583984375,0.03095497441329834,"[251.67516809389994, 251.79651159360006]",27.173088072524113,,,,,,0.0,0.0,,,,,,,,,,,,"Hard count ceiling only: grants arbitrary foresight, control, delay, and zero cost; it is not an executable strategy.",
B-historical-like-growth,c10-eclip,1.0,omniscient-hard-ceiling,25,652,4096,23.213623046875,652.0,628.786376953125,0.05381068738734544,"[628.6809080058458, 628.8918459004042]",27.086955607206335,,,,,,0.0,0.0,,,,,,,,,,,,"Hard count ceiling only: grants arbitrary foresight, control, delay, and zero cost; it is not an executable strategy.",
B-historical-like-growth,c10-eclip,1.0,omniscient-hard-ceiling,50,1304,4096,46.141845703125,1304.0,1257.858154296875,0.07851459164934402,"[1257.7042656972424, 1258.0120428965076]",27.260681386477035,,,,,,0.0,0.0,,,,,,,,,,,,"Hard count ceiling only: grants arbitrary foresight, control, delay, and zero cost; it is not an executable strategy.",
B-historical-like-growth,c10-eclip,1.0,omniscient-hard-ceiling,100,2609,4096,92.28564453125,2609.0,2516.71435546875,0.11382842080209857,"[2516.4912517639777, 2516.9374591735223]",27.270919201485707,,,,,,0.0,0.0,,,,,,,,,,,,"Hard count ceiling only: grants arbitrary foresight, control, delay, and zero cost; it is not an executable strategy.",
B-historical-like-growth,c10-eclip,1.0,public-lock-budget-1R,1,26,4096,0.705810546875,0.705810546875,0.0,0.0,"[0.0, 0.0]",0.0,0.0,0.0,"[0.0, 0.0]",,0.005859375,0.005859375,0.0,0.005859375,0.005859375,0.0,,0.0,1.0,1.0,1,0.005859375,,,,True
B-historical-like-growth,c10-eclip,1.0,public-lock-budget-1R,4,104,4096,3.503662109375,3.510986328125,0.00732421875,0.0013764862824909483,"[0.004626305636317741, 0.010022131863682258]",0.0020904466587694237,0.00732421875,0.0013764862824909483,"[0.004626305636317741, 0.010022131863682258]",1.0,0.03662109375,0.03515625,0.0,0.03515625,0.03515625,0.0,4.8,0.0,1.0,1.0,1,0.03515625,,,,True
B-historical-like-growth,c10-eclip,1.0,public-lock-budget-1R,10,261,4096,9.26416015625,9.321533203125,0.057373046875,0.00491697255812036,"[0.047735780661084096, 0.0670103130889159]",0.006193011121066779,0.057373046875,0.00491697255812036,"[0.047735780661084096, 0.0670103130889159]",1.0,0.109130859375,0.099609375,0.0,0.099609375,0.099609375,0.0,1.7361702127659575,0.0,1.0,1.0,1,0.099609375,,,,True
B-historical-like-growth,c10-eclip,1.0,public-lock-budget-1R,25,652,4096,23.213623046875,23.38623046875,0.172607421875,0.011345301196001868,"[0.15037063153083635, 0.19484421221916365]",0.00743560888907586,0.172607421875,0.011345301196001868,"[0.15037063153083635, 0.19484421221916365]",1.0,0.259765625,0.221923828125,0.0,0.221923828125,0.221923828125,0.0,1.2857142857142858,0.0,1.0,1.0,1,0.221923828125,,,,True
B-historical-like-growth,c10-eclip,1.0,public-lock-budget-1R,50,1304,4096,46.141845703125,46.47900390625,0.337158203125,0.019215739173284677,"[0.299495354345362, 0.374821051904638]",0.007306994290914671,0.337158203125,0.019215739173284677,"[0.299495354345362, 0.374821051904638]",1.0,0.525390625,0.3974609375,0.0,0.3974609375,0.3974609375,0.0,1.1788559015206372,0.0,1.0,1.0,1,0.3974609375,,,,True
B-historical-like-growth,c10-eclip,1.0,public-lock-budget-1R,100,2609,4096,92.28564453125,92.87841796875,0.5927734375,0.03133834628590265,"[0.5313502787796308, 0.6541965962203692]",0.006423246437849535,0.5927734375,0.03133834628590265,"[0.5313502787796308, 0.6541965962203692]",1.0,1.0693359375,0.654296875,0.0,0.654296875,0.654296875,0.0,1.1037891268533773,0.0,1.0,1.0,1,0.654296875,,,,True
B-historical-like-growth,c10-unclipped,0.01,public-lock,1,26,4096,0.388671875,0.388671875,0.0,0.0,"[0.0, 0.0]",0.0,0.0,0.0,"[0.0, 0.0]",,0.0,0.0,0.0,0.0,0.0,0.0,,0.0,0.01,1.0,,,,,,
B-historical-like-growth,c10-unclipped,0.01,public-lock,4,104,4096,1.91552734375,1.91552734375,0.0,0.0,"[0.0, 0.0]",0.0,0.0,0.0,"[0.0, 0.0]",,0.0,0.0,0.0,0.0,0.0,0.0,,0.0,0.01,1.0,,,,,,
B-historical-like-growth,c10-unclipped,0.01,public-lock,10,261,4096,6.241943359375,6.241943359375,0.0,0.0,"[0.0, 0.0]",0.0,0.0,0.0,"[0.0, 0.0]",,0.0,0.0,0.0,0.0,0.0,0.0,,0.0,0.01,1.0,,,,,,
B-historical-like-growth,c10-unclipped,0.01,public-lock,25,652,4096,17.0087890625,17.009033203125,0.000244140625,0.000244140625,"[-0.000234375, 0.00072265625]",1.4353792271918241e-05,-0.0009765625,0.00048810235962946035,"[-0.0019332431248737423, -1.9881875126257723e-05]",-4.0,0.0009765625,0.0009765625,0.000966796875,0.0009765625,9.765625e-06,0.0,4.0,0.0,0.01,1.0,,,,,,
B-historical-like-growth,c10-unclipped,0.01,public-lock,50,1304,4096,34.7900390625,34.79248046875,0.00244140625,0.0020425201272479677,"[-0.0015619331994060166, 0.006444745699406017]",7.017543859649122e-05,-0.003173828125,0.0009443665228258454,"[-0.005024786509738657, -0.001322869740261343]",-1.3,0.003173828125,0.003173828125,0.00314208984375,0.003173828125,3.173828125e-05,0.0,1.3,0.0,0.01,1.0,,,,,,
B-historical-like-growth,c10-unclipped,0.01,public-lock,100,2609,4096,70.665771484375,70.6728515625,0.007080078125,0.003153437060020788,"[0.0008993414873592551, 0.013260814762640745]",0.00010019105397533918,-0.00634765625,0.0012882150868245195,"[-0.008872557820176059, -0.0038227546798239418]",-0.896551724137931,0.006591796875,0.006591796875,0.00652587890625,0.006591796875,6.591796875e-05,0.0,0.9310344827586207,0.0,0.01,1.0,,,,,,
B-historical-like-growth,c10-unclipped,0.01,public-lock-budget-1R,1,26,4096,0.388671875,0.388671875,0.0,0.0,"[0.0, 0.0]",0.0,0.0,0.0,"[0.0, 0.0]",,0.0,0.0,0.0,0.0,0.0,0.0,,0.0,0.01,1.0,1,0.0,,,,True
B-historical-like-growth,c10-unclipped,0.01,public-lock-budget-1R,4,104,4096,1.91552734375,1.91552734375,0.0,0.0,"[0.0, 0.0]",0.0,0.0,0.0,"[0.0, 0.0]",,0.0,0.0,0.0,0.0,0.0,0.0,,0.0,0.01,1.0,1,0.0,,,,True
B-historical-like-growth,c10-unclipped,0.01,public-lock-budget-1R,10,261,4096,6.241943359375,6.241943359375,0.0,0.0,"[0.0, 0.0]",0.0,0.0,0.0,"[0.0, 0.0]",,0.0,0.0,0.0,0.0,0.0,0.0,,0.0,0.01,1.0,1,0.0,,,,True
B-historical-like-growth,c10-unclipped,0.01,public-lock-budget-1R,25,652,4096,17.0087890625,17.009033203125,0.000244140625,0.000244140625,"[-0.000234375, 0.00072265625]",1.4353792271918241e-05,-0.0009765625,0.00048810235962946035,"[-0.0019332431248737423, -1.9881875126257723e-05]",-4.0,0.0009765625,0.0009765625,0.000966796875,0.0009765625,9.765625e-06,0.0,4.0,0.0,0.01,1.0,1,0.0009765625,,,,True
B-historical-like-growth,c10-unclipped,0.01,public-lock-budget-1R,50,1304,4096,34.7900390625,34.79248046875,0.00244140625,0.0020425201272479677,"[-0.0015619331994060166, 0.006444745699406017]",7.017543859649122e-05,-0.003173828125,0.0009443665228258454,"[-0.005024786509738657, -0.001322869740261343]",-1.3,0.003173828125,0.003173828125,0.00314208984375,0.003173828125,3.173828125e-05,0.0,1.3,0.0,0.01,1.0,1,0.003173828125,,,,True
B-historical-like-growth,c10-unclipped,0.01,public-lock-budget-1R,100,2609,4096,70.665771484375,70.6728515625,0.007080078125,0.003153437060020788,"[0.0008993414873592551, 0.013260814762640745]",0.00010019105397533918,-0.00634765625,0.0012882150868245195,"[-0.008872557820176059, -0.0038227546798239418]",-0.896551724137931,0.006591796875,0.006591796875,0.00652587890625,0.006591796875,6.591796875e-05,0.0,0.9310344827586207,0.0,0.01,1.0,1,0.006591796875,,,,True
B-historical-like-growth,c10-unclipped,0.1,public-lock,1,26,4096,0.389892578125,0.389892578125,0.0,0.0,"[0.0, 0.0]",0.0,-0.000244140625,0.000244140625,"[-0.00072265625, 0.000234375]",,0.000244140625,0.000244140625,0.0002197265625,0.000244140625,2.44140625e-05,0.0,,0.0,0.1,1.0,,,,,,
B-historical-like-growth,c10-unclipped,0.1,public-lock,4,104,4096,1.942138671875,1.942626953125,0.00048828125,0.000345224823286452,"[-0.00018835940364144593, 0.001164921903641446]",0.000251414204902577,-0.001220703125,0.0005456483432585137,"[-0.0022901738777866866, -0.00015123237221331318]",-2.5,0.001220703125,0.001220703125,0.0010986328125,0.001220703125,0.0001220703125,0.0,2.5,0.0,0.1,1.0,,,,,,
B-historical-like-growth,c10-unclipped,0.1,public-lock,10,261,4096,6.289794921875,6.29296875,0.003173828125,0.0010055180405753935,"[0.0012030127654722288, 0.005144643484527771]",0.0005045996196095176,-0.00537109375,0.0011421810532785727,"[-0.0076097686144260025, -0.0031324188855739975]",-1.6923076923076923,0.006103515625,0.006103515625,0.0054931640625,0.006103515625,0.0006103515625,0.0,1.9230769230769231,0.0,0.1,1.0,,,,,,
B-historical-like-growth,c10-unclipped,0.1,public-lock,25,652,4096,17.109619140625,17.12548828125,0.015869140625,0.003347615866618093,"[0.009307813526428538, 0.022430467723571462]",0.0009274981806766456,-0.013671875,0.0018792301786809003,"[-0.017355166150214565, -0.009988583849785435]",-0.8615384615384616,0.01611328125,0.01611328125,0.014501953125,0.01611328125,0.0016113281250000001,0.0,1.0153846153846153,0.0,0.1,1.0,,,,,,
B-historical-like-growth,c10-unclipped,0.1,public-lock,50,1304,4096,35.05908203125,35.09033203125,0.03125,0.006167418402848939,"[0.01916185993041608, 0.04333814006958392]",0.0008913524881269063,-0.02587890625,0.0028813852896014363,"[-0.03152642141761881, -0.020231391082381187]",-0.828125,0.033935546875,0.033935546875,0.030541992187500002,0.033935546875,0.0033935546875,0.0,1.0859375,0.0,0.1,1.0,,,,,,
B-historical-like-growth,c10-unclipped,0.1,public-lock,100,2609,4096,71.01611328125,71.074462890625,0.058349609375,0.010612441525437905,"[0.03754922398514171, 0.07914999476485829]",0.0008216390151332843,-0.053466796875,0.004704897326610917,"[-0.06268839563515739, -0.04424519811484261]",-0.9163179916317992,0.068359375,0.068359375,0.0615234375,0.068359375,0.0068359375,0.0,1.1715481171548117,0.0,0.1,1.0,,,,,,
B-historical-like-growth,c10-unclipped,0.1,public-lock-budget-1R,1,26,4096,0.389892578125,0.389892578125,0.0,0.0,"[0.0, 0.0]",0.0,-0.000244140625,0.000244140625,"[-0.00072265625, 0.000234375]",,0.000244140625,0.000244140625,0.0002197265625,0.000244140625,2.44140625e-05,0.0,,0.0,0.1,1.0,1,0.000244140625,,,,True
B-historical-like-growth,c10-unclipped,0.1,public-lock-budget-1R,4,104,4096,1.942138671875,1.942626953125,0.00048828125,0.000345224823286452,"[-0.00018835940364144593, 0.001164921903641446]",0.000251414204902577,-0.001220703125,0.0005456483432585137,"[-0.0022901738777866866, -0.00015123237221331318]",-2.5,0.001220703125,0.001220703125,0.0010986328125,0.001220703125,0.0001220703125,0.0,2.5,0.0,0.1,1.0,1,0.001220703125,,,,True
B-historical-like-growth,c10-unclipped,0.1,public-lock-budget-1R,10,261,4096,6.289794921875,6.29296875,0.003173828125,0.0010055180405753935,"[0.0012030127654722288, 0.005144643484527771]",0.0005045996196095176,-0.00537109375,0.0011421810532785727,"[-0.0076097686144260025, -0.0031324188855739975]",-1.6923076923076923,0.006103515625,0.006103515625,0.0054931640625,0.006103515625,0.0006103515625,0.0,1.9230769230769231,0.0,0.1,1.0,1,0.006103515625,,,,True
B-historical-like-growth,c10-unclipped,0.1,public-lock-budget-1R,25,652,4096,17.109619140625,17.12548828125,0.015869140625,0.003347615866618093,"[0.009307813526428538, 0.022430467723571462]",0.0009274981806766456,-0.013671875,0.0018792301786809003,"[-0.017355166150214565, -0.009988583849785435]",-0.8615384615384616,0.01611328125,0.01611328125,0.014501953125,0.01611328125,0.0016113281250000001,0.0,1.0153846153846153,0.0,0.1,1.0,1,0.01611328125,,,,True
B-historical-like-growth,c10-unclipped,0.1,public-lock-budget-1R,50,1304,4096,35.05908203125,35.09033203125,0.03125,0.006167418402848939,"[0.01916185993041608, 0.04333814006958392]",0.0008913524881269063,-0.02587890625,0.0028813852896014363,"[-0.03152642141761881, -0.020231391082381187]",-0.828125,0.033935546875,0.033935546875,0.030541992187500002,0.033935546875,0.0033935546875,0.0,1.0859375,0.0,0.1,1.0,1,0.033935546875,,,,True
B-historical-like-growth,c10-unclipped,0.1,public-lock-budget-1R,100,2609,4096,71.01611328125,71.072265625,0.05615234375,0.010379641619266803,"[0.03580824617623707, 0.07649644132376293]",0.0007906986338102736,-0.052734375,0.004636727567806944,"[-0.06182236103290161, -0.04364638896709839]",-0.9391304347826087,0.068359375,0.066650390625,0.059985351562500004,0.066650390625,0.0066650390625,0.0,1.1869565217391305,0.0,0.1,1.0,1,0.066650390625,,,,True
B-historical-like-growth,c10-unclipped,0.2,public-lock,1,26,4096,0.390869140625,0.39111328125,0.000244140625,0.000244140625,"[-0.000234375, 0.00072265625]",0.0006246096189881324,-0.000244140625,0.000244140625,"[-0.00072265625, 0.000234375]",-1.0,0.00048828125,0.00048828125,0.000390625,0.00048828125,9.765625e-05,0.0,2.0,0.0,0.2,1.0,,,,,,
B-historical-like-growth,c10-unclipped,0.2,public-lock,4,104,4096,1.947265625,1.94873046875,0.00146484375,0.0007717953132566018,"[-4.7875063982939564e-05, 0.0029775625639829398]",0.0007522567703109327,-0.0009765625,0.00048810235962946035,"[-0.0019332431248737423, -1.9881875126257723e-05]",-0.6666666666666666,0.002685546875,0.002685546875,0.0021484375,0.002685546875,0.000537109375,0.0,1.8333333333333333,0.0,0.2,1.0,,,,,,
B-historical-like-growth,c10-unclipped,0.2,public-lock,10,261,4096,6.18701171875,6.195068359375,0.008056640625,0.002247616763423726,"[0.0036513117686894966, 0.012461969481310503]",0.001302186094230921,-0.006591796875,0.0013988647794895672,"[-0.009333571842799551, -0.0038500219072004484]",-0.8181818181818182,0.01123046875,0.01123046875,0.008984375000000001,0.01123046875,0.0022460937500000003,0.0,1.393939393939394,0.0,0.2,1.0,,,,,,
B-historical-like-growth,c10-unclipped,0.2,public-lock,25,652,4096,17.00830078125,17.034423828125,0.026123046875,0.004969362226627293,"[0.016383096910810507, 0.03586299683918949]",0.001535899865070479,-0.017822265625,0.002648984472542897,"[-0.023014275191184076, -0.012630256058815922]",-0.6822429906542056,0.034423828125,0.034423828125,0.027539062500000003,0.034423828125,0.006884765625000001,0.0,1.3177570093457944,0.0,0.2,1.0,,,,,,
B-historical-like-growth,c10-unclipped,0.2,public-lock,50,1304,4096,34.945068359375,35.013916015625,0.06884765625,0.010314820800136137,"[0.048630607481733173, 0.08906470501826683]",0.001970168023194886,-0.039794921875,0.004584383125008763,"[-0.04878031280001718, -0.030809530949982823]",-0.5780141843971631,0.07568359375,0.07568359375,0.060546875,0.07568359375,0.01513671875,0.0,1.099290780141844,0.0,0.2,1.0,,,,,,
B-historical-like-growth,c10-unclipped,0.2,public-lock,100,2609,4096,70.853759765625,71.00048828125,0.146728515625,0.017747035657317427,"[0.11194432573665784, 0.18151270551334214]",0.002070864215397444,-0.085693359375,0.00846155938274953,"[-0.10227801576518908, -0.06910870298481092]",-0.5840266222961731,0.151611328125,0.151611328125,0.1212890625,0.151611328125,0.030322265625,0.0,1.0332778702163061,0.0,0.2,1.0,,,,,,
B-historical-like-growth,c10-unclipped,0.2,public-lock-budget-1R,1,26,4096,0.390869140625,0.39111328125,0.000244140625,0.000244140625,"[-0.000234375, 0.00072265625]",0.0006246096189881324,-0.000244140625,0.000244140625,"[-0.00072265625, 0.000234375]",-1.0,0.00048828125,0.00048828125,0.000390625,0.00048828125,9.765625e-05,0.0,2.0,0.0,0.2,1.0,1,0.00048828125,,,,True
B-historical-like-growth,c10-unclipped,0.2,public-lock-budget-1R,4,104,4096,1.947265625,1.94873046875,0.00146484375,0.0007717953132566018,"[-4.7875063982939564e-05, 0.0029775625639829398]",0.0007522567703109327,-0.0009765625,0.00048810235962946035,"[-0.0019332431248737423, -1.9881875126257723e-05]",-0.6666666666666666,0.002685546875,0.002685546875,0.0021484375,0.002685546875,0.000537109375,0.0,1.8333333333333333,0.0,0.2,1.0,1,0.002685546875,,,,True
B-historical-like-growth,c10-unclipped,0.2,public-lock-budget-1R,10,261,4096,6.18701171875,6.195068359375,0.008056640625,0.002247616763423726,"[0.0036513117686894966, 0.012461969481310503]",0.001302186094230921,-0.006591796875,0.0013988647794895672,"[-0.009333571842799551, -0.0038500219072004484]",-0.8181818181818182,0.01123046875,0.01123046875,0.008984375000000001,0.01123046875,0.0022460937500000003,0.0,1.393939393939394,0.0,0.2,1.0,1,0.01123046875,,,,True
B-historical-like-growth,c10-unclipped,0.2,public-lock-budget-1R,25,652,4096,17.00830078125,17.033203125,0.02490234375,0.005048249301244029,"[0.015007775119561704, 0.0347969123804383]",0.0014641288433382138,-0.017333984375,0.002672180591067703,"[-0.022571458333492698, -0.012096510416507302]",-0.696078431372549,0.034423828125,0.03369140625,0.026953125,0.03369140625,0.00673828125,0.0,1.3529411764705883,0.0,0.2,1.0,1,0.03369140625,,,,True
B-historical-like-growth,c10-unclipped,0.2,public-lock-budget-1R,50,1304,4096,34.945068359375,35.010009765625,0.06494140625,0.010372863447179831,"[0.044610593893527534, 0.08527221860647247]",0.0018583854403185804,-0.037353515625,0.004589396901369886,"[-0.04634873355168498, -0.02835829769831502]",-0.575187969924812,0.07568359375,0.072265625,0.0578125,0.072265625,0.014453125,0.0,1.112781954887218,0.0,0.2,1.0,1,0.072265625,,,,True
B-historical-like-growth,c10-unclipped,0.2,public-lock-budget-1R,100,2609,4096,70.853759765625,70.99267578125,0.138916015625,0.017570021131076922,"[0.10447877420808924, 0.17335325704191076]",0.0019606018944445017,-0.075927734375,0.00823468712124397,"[-0.09206772113263818, -0.05978774761736182]",-0.546572934973638,0.151611328125,0.13818359375,0.110546875,0.13818359375,0.02763671875,0.0,0.9947275922671354,0.0,0.2,1.0,1,0.13818359375,,,,True
B-historical-like-growth,c10-unclipped,0.3,public-lock,1,26,4096,0.384765625,0.384765625,0.0,0.0,"[0.0, 0.0]",0.0,-0.000244140625,0.000244140625,"[-0.00072265625, 0.000234375]",,0.000244140625,0.000244140625,0.0001708984375,0.000244140625,7.32421875e-05,0.0,,0.0,0.3,1.0,,,,,,
B-historical-like-growth,c10-unclipped,0.3,public-lock,4,104,4096,1.94580078125,1.946533203125,0.000732421875,0.00042276069059612694,"[-9.618907856840883e-05, 0.0015610328285684087]",0.0003764115432873275,-0.002197265625,0.0007317060948387837,"[-0.0036314095708840158, -0.000763121679115984]",-3.0,0.0029296875,0.0029296875,0.0020507812499999997,0.0029296875,0.0008789062499999999,0.0,4.0,0.0,0.3,1.0,,,,,,
B-historical-like-growth,c10-unclipped,0.3,public-lock,10,261,4096,6.2294921875,6.236083984375,0.006591796875,0.0015213605334573384,"[0.0036099302294236167, 0.009573663520576384]",0.0010581595861420285,-0.00927734375,0.0015757500795796648,"[-0.012365813905976143, -0.006188873594023857]",-1.4074074074074074,0.015625,0.015625,0.0109375,0.015625,0.0046875,0.0,2.3703703703703702,0.0,0.3,1.0,,,,,,
B-historical-like-growth,c10-unclipped,0.3,public-lock,25,652,4096,17.05712890625,17.097412109375,0.040283203125,0.006081526610545388,"[0.02836341096833104, 0.05220299528166896]",0.0023616637563335526,-0.021484375,0.003606037507190179,"[-0.02855220851409275, -0.01441654148590725]",-0.5333333333333333,0.048095703125,0.048095703125,0.033666992187499994,0.048095703125,0.014428710937499999,0.0,1.1939393939393939,0.0,0.3,1.0,,,,,,
B-historical-like-growth,c10-unclipped,0.3,public-lock,50,1304,4096,34.9931640625,35.069091796875,0.075927734375,0.010322913936651388,"[0.055694823059163276, 0.09616064569083672]",0.002169787625931404,-0.0478515625,0.006653906799305822,"[-0.06089321982663941, -0.03480990517336059]",-0.6302250803858521,0.105224609375,0.105224609375,0.0736572265625,0.105224609375,0.031567382812499996,0.0,1.3858520900321543,0.0,0.3,1.0,,,,,,
B-historical-like-growth,c10-unclipped,0.3,public-lock,100,2609,4096,70.75537109375,70.94482421875,0.189453125,0.02110766097593252,"[0.14808210948717226, 0.23082414051282774]",0.0026775794130028223,-0.089111328125,0.011953070110268778,"[-0.11253934554112681, -0.06568331070887319]",-0.47036082474226804,0.220703125,0.220703125,0.1544921875,0.220703125,0.0662109375,0.0,1.1649484536082475,0.0,0.3,1.0,,,,,,
B-historical-like-growth,c10-unclipped,0.3,public-lock-budget-1R,1,26,4096,0.384765625,0.384765625,0.0,0.0,"[0.0, 0.0]",0.0,-0.000244140625,0.000244140625,"[-0.00072265625, 0.000234375]",,0.000244140625,0.000244140625,0.0001708984375,0.000244140625,7.32421875e-05,0.0,,0.0,0.3,1.0,1,0.000244140625,,,,True
B-historical-like-growth,c10-unclipped,0.3,public-lock-budget-1R,4,104,4096,1.94580078125,1.946533203125,0.000732421875,0.00042276069059612694,"[-9.618907856840883e-05, 0.0015610328285684087]",0.0003764115432873275,-0.001953125,0.0006899435135935306,"[-0.0033054142866433198, -0.00060083571335668]",-2.6666666666666665,0.0029296875,0.002685546875,0.0018798828124999998,0.002685546875,0.0008056640625,0.0,3.6666666666666665,0.0,0.3,1.0,1,0.002685546875,,,,True
B-historical-like-growth,c10-unclipped,0.3,public-lock-budget-1R,10,261,4096,6.2294921875,6.23583984375,0.00634765625,0.0015410803070744585,"[0.003327138848134061, 0.009368173651865938]",0.0010189684903589905,-0.00927734375,0.0015757500795796648,"[-0.012365813905976143, -0.006188873594023857]",-1.4615384615384615,0.015625,0.01513671875,0.010595703125,0.01513671875,0.0045410156249999995,0.0,2.3846153846153846,0.0,0.3,1.0,1,0.01513671875,,,,True
B-historical-like-growth,c10-unclipped,0.3,public-lock-budget-1R,25,652,4096,17.05712890625,17.0947265625,0.03759765625,0.005991934266176893,"[0.02585346508829329, 0.04934184741170671]",0.0022042195059113158,-0.02099609375,0.003606739775255225,"[-0.02806530370950024, -0.01392688379049976]",-0.5584415584415584,0.0478515625,0.045654296875,0.0319580078125,0.045654296875,0.0136962890625,0.0,1.2142857142857142,0.0,0.3,1.0,1,0.045654296875,,,,True
B-historical-like-growth,c10-unclipped,0.3,public-lock-budget-1R,50,1304,4096,34.9931640625,35.061767578125,0.068603515625,0.010131520776886177,"[0.04874573490230309, 0.08846129634769691]",0.0019604833533335194,-0.044921875,0.006676775077280716,"[-0.0580083541514702, -0.0318353958485298]",-0.6548042704626335,0.10498046875,0.0986328125,0.06904296874999999,0.0986328125,0.029589843749999997,0.0,1.4377224199288257,0.0,0.3,1.0,1,0.0986328125,,,,True
B-historical-like-growth,c10-unclipped,0.3,public-lock-budget-1R,100,2609,4096,70.75537109375,70.923828125,0.16845703125,0.020431338885103876,"[0.1284116070351964, 0.2085024554648036]",0.0023808373646545715,-0.076416015625,0.011569355238313013,"[-0.09909195189209351, -0.05374007935790649]",-0.45362318840579713,0.220458984375,0.193359375,0.1353515625,0.193359375,0.0580078125,0.0,1.1478260869565218,0.0,0.3,1.0,1,0.193359375,,,,True
B-historical-like-growth,c10-unclipped,0.5,public-lock,1,26,4096,0.3779296875,0.3779296875,0.0,0.0,"[0.0, 0.0]",0.0,-0.000244140625,0.000244140625,"[-0.00072265625, 0.000234375]",,0.0009765625,0.0009765625,0.00048828125,0.0009765625,0.00048828125,0.0,,0.0,0.5,1.0,,,,,,
B-historical-like-growth,c10-unclipped,0.5,public-lock,4,104,4096,1.922119140625,1.923583984375,0.00146484375,0.000690238802934503,"[0.00011197569624837411, 0.0028177118037516257]",0.0007620983106820779,-0.00146484375,0.0008455213811922539,"[-0.0031220656571368174, 0.00019237815713681766]",-1.0,0.005126953125,0.005126953125,0.0025634765625,0.005126953125,0.0025634765625,0.0,3.5,0.0,0.5,1.0,,,,,,
B-historical-like-growth,c10-unclipped,0.5,public-lock,10,261,4096,6.274658203125,6.290771484375,0.01611328125,0.002979845031959772,"[0.010272784987358848, 0.021953777512641152]",0.0025679934632893663,-0.00439453125,0.0023663239108500144,"[-0.009032526115266028, 0.00024346361526602842]",-0.2727272727272727,0.025390625,0.025390625,0.0126953125,0.025390625,0.0126953125,0.0,1.5757575757575757,0.0,0.5,1.0,,,,,,
B-historical-like-growth,c10-unclipped,0.5,public-lock,25,652,4096,17.123779296875,17.205810546875,0.08203125,0.008509041808368667,"[0.06535352805559741, 0.09870897194440259]",0.004790487460613924,-0.00146484375,0.005304690237741066,"[-0.01186203661597249, 0.00893234911597249]",-0.017857142857142856,0.0849609375,0.0849609375,0.04248046875,0.0849609375,0.04248046875,0.0,1.0357142857142858,0.0,0.5,1.0,,,,,,
B-historical-like-growth,c10-unclipped,0.5,public-lock,50,1304,4096,35.115234375,35.300537109375,0.185302734375,0.015616136116398864,"[0.15469510758685823, 0.21591036116314177]",0.0052769898214583685,0.009033203125,0.01081172165948034,"[-0.012157771327581467, 0.030224177577581467]",0.048748353096179184,0.180908203125,0.180908203125,0.0904541015625,0.180908203125,0.0904541015625,0.0,0.9762845849802372,0.0,0.5,1.0,,,,,,
B-historical-like-growth,c10-unclipped,0.5,public-lock,100,2609,4096,71.101806640625,71.51953125,0.417724609375,0.028928037994257277,"[0.3610256549062557, 0.4744235638437443]",0.005875021031270495,0.04248046875,0.020250855080906655,"[0.00278879279142296, 0.08217214470857703]",0.1016949152542373,0.366943359375,0.366943359375,0.1834716796875,0.366943359375,0.1834716796875,0.0,0.8784336645236703,0.0,0.5,1.0,,,,,,
B-historical-like-growth,c10-unclipped,0.5,public-lock-budget-1R,1,26,4096,0.3779296875,0.3779296875,0.0,0.0,"[0.0, 0.0]",0.0,-0.000244140625,0.000244140625,"[-0.00072265625, 0.000234375]",,0.0009765625,0.0009765625,0.00048828125,0.0009765625,0.00048828125,0.0,,0.0,0.5,1.0,1,0.0009765625,,,,True
B-historical-like-growth,c10-unclipped,0.5,public-lock-budget-1R,4,104,4096,1.922119140625,1.923583984375,0.00146484375,0.000690238802934503,"[0.00011197569624837411, 0.0028177118037516257]",0.0007620983106820779,-0.00146484375,0.0008455213811922539,"[-0.0031220656571368174, 0.00019237815713681766]",-1.0,0.005126953125,0.005126953125,0.0025634765625,0.005126953125,0.0025634765625,0.0,3.5,0.0,0.5,1.0,1,0.005126953125,,,,True
B-historical-like-growth,c10-unclipped,0.5,public-lock-budget-1R,10,261,4096,6.274658203125,6.290771484375,0.01611328125,0.002979845031959772,"[0.010272784987358848, 0.021953777512641152]",0.0025679934632893663,-0.00390625,0.0023665330386325816,"[-0.00854465475571986, 0.0007321547557198596]",-0.24242424242424243,0.025390625,0.024658203125,0.0123291015625,0.024658203125,0.0123291015625,0.0,1.5303030303030303,0.0,0.5,1.0,1,0.024658203125,,,,True
B-historical-like-growth,c10-unclipped,0.5,public-lock-budget-1R,25,652,4096,17.123779296875,17.1982421875,0.074462890625,0.007980634372053869,"[0.05882084725577442, 0.09010493399422559]",0.004348507962759663,-0.002197265625,0.005208220148778038,"[-0.012405377116604954, 0.008010845866604954]",-0.029508196721311476,0.0849609375,0.078125,0.0390625,0.078125,0.0390625,0.0,1.0491803278688525,0.0,0.5,1.0,1,0.078125,,,,True
B-historical-like-growth,c10-unclipped,0.5,public-lock-budget-1R,50,1304,4096,35.115234375,35.281005859375,0.165771484375,0.014933255192537489,"[0.13650230419762652, 0.19504066455237348]",0.0047207853606985924,0.0078125,0.010918951217417332,"[-0.01358864438613797, 0.02921364438613797]",0.047128129602356406,0.180908203125,0.16162109375,0.080810546875,0.16162109375,0.080810546875,0.0,0.9749631811487481,0.0,0.5,1.0,1,0.16162109375,,,,True
B-historical-like-growth,c10-unclipped,0.5,public-lock-budget-1R,100,2609,4096,71.101806640625,71.4697265625,0.367919921875,0.027304046460266546,"[0.31440399081287757, 0.42143585293712243]",0.0051745509609144565,0.0419921875,0.019653486301280467,"[0.003471354349490287, 0.08051302065050972]",0.11413404114134042,0.3662109375,0.30322265625,0.151611328125,0.30322265625,0.151611328125,0.0,0.8241539482415395,0.0,0.5,1.0,1,0.30322265625,,,,True
B-historical-like-growth,c10-unclipped,1.0,public-lock,1,26,4096,0.36962890625,0.36962890625,0.0,0.0,"[0.0, 0.0]",0.0,0.0,0.0,"[0.0, 0.0]",,0.001220703125,0.001220703125,0.0,0.001220703125,0.001220703125,0.0,,0.0,1.0,1.0,,,,,,
B-historical-like-growth,c10-unclipped,1.0,public-lock,4,104,4096,1.9052734375,1.906982421875,0.001708984375,0.0007320243057618585,"[0.0002742167357067573, 0.0031437520142932425]",0.0008969759097898514,0.001708984375,0.0007320243057618585,"[0.0002742167357067573, 0.0031437520142932425]",1.0,0.009521484375,0.009521484375,0.0,0.009521484375,0.009521484375,0.0,5.571428571428571,0.0,1.0,1.0,,,,,,
B-historical-like-growth,c10-unclipped,1.0,public-lock,10,261,4096,6.195556640625,6.223876953125,0.0283203125,0.0036275118837019154,"[0.021210389207944245, 0.03543023579205575]",0.0045710682901840246,0.0283203125,0.0036275118837019154,"[0.021210389207944245, 0.03543023579205575]",1.0,0.048095703125,0.048095703125,0.0,0.048095703125,0.048095703125,0.0,1.6982758620689655,0.0,1.0,1.0,,,,,,
B-historical-like-growth,c10-unclipped,1.0,public-lock,25,652,4096,17.005126953125,17.171142578125,0.166015625,0.01133516199162051,"[0.14379870749642382, 0.18823254250357618]",0.009762680717269896,0.166015625,0.01133516199162051,"[0.14379870749642382, 0.18823254250357618]",1.0,0.168212890625,0.168212890625,0.0,0.168212890625,0.168212890625,0.0,1.013235294117647,0.0,1.0,1.0,,,,,,
B-historical-like-growth,c10-unclipped,1.0,public-lock,50,1304,4096,34.927734375,35.2685546875,0.3408203125,0.01966173194802398,"[0.302283317881873, 0.379357307118127]",0.009757870603366326,0.3408203125,0.01966173194802398,"[0.302283317881873, 0.379357307118127]",1.0,0.361572265625,0.361572265625,0.0,0.361572265625,0.361572265625,0.0,1.060888252148997,0.0,1.0,1.0,,,,,,
B-historical-like-growth,c10-unclipped,1.0,public-lock,100,2609,4096,70.7470703125,71.4111328125,0.6640625,0.03671478193754263,"[0.5921015274024164, 0.7360234725975836]",0.009386431085651183,0.6640625,0.03671478193754263,"[0.5921015274024164, 0.7360234725975836]",1.0,0.74267578125,0.74267578125,0.0,0.74267578125,0.74267578125,0.0,1.1183823529411765,0.0,1.0,1.0,,,,,,
B-historical-like-growth,c10-unclipped,1.0,public-lock-budget-1R,1,26,4096,0.36962890625,0.36962890625,0.0,0.0,"[0.0, 0.0]",0.0,0.0,0.0,"[0.0, 0.0]",,0.001220703125,0.001220703125,0.0,0.001220703125,0.001220703125,0.0,,0.0,1.0,1.0,1,0.001220703125,,,,True
B-historical-like-growth,c10-unclipped,1.0,public-lock-budget-1R,4,104,4096,1.9052734375,1.906982421875,0.001708984375,0.0007320243057618585,"[0.0002742167357067573, 0.0031437520142932425]",0.0008969759097898514,0.001708984375,0.0007320243057618585,"[0.0002742167357067573, 0.0031437520142932425]",1.0,0.009521484375,0.00927734375,0.0,0.00927734375,0.00927734375,0.0,5.428571428571429,0.0,1.0,1.0,1,0.00927734375,,,,True
B-historical-like-growth,c10-unclipped,1.0,public-lock-budget-1R,10,261,4096,6.195556640625,6.2236328125,0.028076171875,0.0036197493807513027,"[0.020981463088727448, 0.03517088066127255]",0.004531662529061749,0.028076171875,0.0036197493807513027,"[0.020981463088727448, 0.03517088066127255]",1.0,0.048095703125,0.046630859375,0.0,0.046630859375,0.046630859375,0.0,1.6608695652173913,0.0,1.0,1.0,1,0.046630859375,,,,True
B-historical-like-growth,c10-unclipped,1.0,public-lock-budget-1R,25,652,4096,17.005126953125,17.15966796875,0.154541015625,0.010813127071340224,"[0.13334728656517317, 0.17573474468482683]",0.009087907197105652,0.154541015625,0.010813127071340224,"[0.13334728656517317, 0.17573474468482683]",1.0,0.167724609375,0.15283203125,0.0,0.15283203125,0.15283203125,0.0,0.9889415481832543,0.0,1.0,1.0,1,0.15283203125,,,,True
B-historical-like-growth,c10-unclipped,1.0,public-lock-budget-1R,50,1304,4096,34.927734375,35.2275390625,0.2998046875,0.01874529321861296,"[0.2630639127915186, 0.3365454622084814]",0.008583570989207628,0.2998046875,0.01874529321861296,"[0.2630639127915186, 0.3365454622084814]",1.0,0.359375,0.3017578125,0.0,0.3017578125,0.3017578125,0.0,1.006514657980456,0.0,1.0,1.0,1,0.3017578125,,,,True
B-historical-like-growth,c10-unclipped,1.0,public-lock-budget-1R,100,2609,4096,70.7470703125,71.236328125,0.4892578125,0.034062893238317404,"[0.4224945417528979, 0.5560210832471021]",0.006915591138104769,0.4892578125,0.034062893238317404,"[0.4224945417528979, 0.5560210832471021]",1.0,0.733154296875,0.520263671875,0.0,0.520263671875,0.520263671875,0.0,1.063373253493014,0.0,1.0,1.0,1,0.520263671875,,,,True
B-historical-like-growth,raw-record,0.01,raw-net-creation,1,26,4096,0.1435546875,0.142333984375,-0.001220703125,0.0005456483432585137,"[-0.0022901738777866866, -0.00015123237221331318]",-0.008503401360544218,-0.001220703125,0.0005456483432585137,"[-0.0022901738777866866, -0.00015123237221331318]",,0.001220703125,0.001220703125,0.00120849609375,0.001220703125,1.220703125e-05,0.0,,0.0,0.01,1.0,,,,,,
B-historical-like-growth,raw-record,0.01,raw-net-creation,4,104,4096,0.90869140625,0.90576171875,-0.0029296875,0.000912454281545228,"[-0.004718097891828647, -0.0011412771081713532]",-0.0032240730789897904,-0.004638671875,0.0010618428699198069,"[-0.006719883900042821, -0.0025574598499571786]",,0.004638671875,0.004638671875,0.00459228515625,0.004638671875,4.638671875e-05,0.0,,0.0,0.01,1.0,,,,,,
B-historical-like-growth,raw-record,0.01,raw-net-creation,10,261,4096,3.169677734375,3.171630859375,0.001953125,0.0022376508374876104,"[-0.002432670641475716, 0.006338920641475716]",0.0006161904028344758,-0.014892578125,0.0018927784644420546,"[-0.018602423915306428, -0.011182732334693572]",-7.625,0.014892578125,0.014892578125,0.01474365234375,0.014892578125,0.00014892578125,0.0,7.625,0.0,0.01,1.0,,,,,,
B-historical-like-growth,raw-record,0.01,raw-net-creation,25,652,4096,8.624755859375,8.651611328125,0.02685546875,0.005936133739435,"[0.015220646620707401, 0.0384902908792926]",0.0031137656749794774,-0.036865234375,0.0029848110147081192,"[-0.042715463963827915, -0.031015004786172085]",-1.3727272727272728,0.037353515625,0.037353515625,0.03697998046875,0.037353515625,0.00037353515625,0.0,1.3909090909090909,0.0,0.01,1.0,,,,,,
B-historical-like-growth,raw-record,0.01,raw-net-creation,50,1304,4096,17.7548828125,17.822265625,0.0673828125,0.010380553080345387,"[0.04703692846252304, 0.08772869653747696]",0.003795170782685221,-0.07275390625,0.004231406223285949,"[-0.08104746244764047, -0.06446035005235953]",-1.0797101449275361,0.073486328125,0.073486328125,0.07275146484375,0.073486328125,0.0007348632812500001,0.0,1.0905797101449275,0.0,0.01,1.0,,,,,,
B-historical-like-growth,raw-record,0.01,raw-net-creation,100,2609,4096,35.834228515625,35.979248046875,0.14501953125,0.017593591034691526,"[0.1105360928220046, 0.1795029696779954]",0.004046955585684406,-0.138671875,0.005856194446094868,"[-0.15015001611434595, -0.12719373388565405]",-0.9562289562289562,0.14111328125,0.14111328125,0.1397021484375,0.14111328125,0.0014111328125,0.0,0.9730639730639731,0.0,0.01,1.0,,,,,,
B-historical-like-growth,raw-record,0.01,raw-net-creation-budget-1R,1,26,4096,0.1435546875,0.142333984375,-0.001220703125,0.0005456483432585137,"[-0.0022901738777866866, -0.00015123237221331318]",-0.008503401360544218,-0.001220703125,0.0005456483432585137,"[-0.0022901738777866866, -0.00015123237221331318]",,0.001220703125,0.001220703125,0.00120849609375,0.001220703125,1.220703125e-05,0.0,,0.0,0.01,1.0,1,0.001220703125,,,,True
B-historical-like-growth,raw-record,0.01,raw-net-creation-budget-1R,4,104,4096,0.90869140625,0.90576171875,-0.0029296875,0.000912454281545228,"[-0.004718097891828647, -0.0011412771081713532]",-0.0032240730789897904,-0.004638671875,0.0010618428699198069,"[-0.006719883900042821, -0.0025574598499571786]",,0.004638671875,0.004638671875,0.00459228515625,0.004638671875,4.638671875e-05,0.0,,0.0,0.01,1.0,1,0.004638671875,,,,True
B-historical-like-growth,raw-record,0.01,raw-net-creation-budget-1R,10,261,4096,3.169677734375,3.171630859375,0.001953125,0.0022376508374876104,"[-0.002432670641475716, 0.006338920641475716]",0.0006161904028344758,-0.014892578125,0.0018927784644420546,"[-0.018602423915306428, -0.011182732334693572]",-7.625,0.014892578125,0.014892578125,0.01474365234375,0.014892578125,0.00014892578125,0.0,7.625,0.0,0.01,1.0,1,0.014892578125,,,,True
B-historical-like-growth,raw-record,0.01,raw-net-creation-budget-1R,25,652,4096,8.624755859375,8.649658203125,0.02490234375,0.0058267269922476425,"[0.013481958845194621, 0.036322728654805375]",0.0028873099895264246,-0.0361328125,0.002916302221535988,"[-0.04184876485421053, -0.030416860145789464]",-1.4509803921568627,0.037353515625,0.03662109375,0.0362548828125,0.03662109375,0.0003662109375,0.0,1.4705882352941178,0.0,0.01,1.0,1,0.03662109375,,,,True
B-historical-like-growth,raw-record,0.01,raw-net-creation-budget-1R,50,1304,4096,17.7548828125,17.818359375,0.0634765625,0.010212911335154505,"[0.04345925628309717, 0.08349386871690283]",0.003575160882239701,-0.0703125,0.004069303732559984,"[-0.07828833531581757, -0.06233666468418243]",-1.1076923076923078,0.073486328125,0.071044921875,0.07033447265625,0.071044921875,0.00071044921875,0.0,1.1192307692307693,0.0,0.01,1.0,1,0.071044921875,,,,True
B-historical-like-growth,raw-record,0.01,raw-net-creation-budget-1R,100,2609,4096,35.834228515625,35.968994140625,0.134765625,0.017282039939583167,"[0.10089282671841698, 0.16863842328158302]",0.0037608072109390437,-0.130126953125,0.005468776349493772,"[-0.1408457547700078, -0.1194081514799922]",-0.9655797101449275,0.14111328125,0.132080078125,0.13075927734375,0.132080078125,0.00132080078125,0.0,0.980072463768116,0.0,0.01,1.0,1,0.132080078125,,,,True
B-historical-like-growth,raw-record,0.1,raw-net-creation,1,26,4096,0.13916015625,0.134521484375,-0.004638671875,0.0010618428699198069,"[-0.006719883900042821, -0.0025574598499571786]",-0.03333333333333333,-0.0048828125,0.0010892941831113197,"[-0.007017829098898186, -0.0027477959011018133]",,0.005126953125,0.005126953125,0.0046142578125000005,0.005126953125,0.0005126953125,0.0,,0.0,0.1,1.0,,,,,,
B-historical-like-growth,raw-record,0.1,raw-net-creation,4,104,4096,0.88427734375,0.86279296875,-0.021484375,0.0024430392699354496,"[-0.026272731969073482, -0.016696018030926518]",-0.024295969077857537,-0.031982421875,0.002749605213798584,"[-0.03737164809404522, -0.026593195655954777]",,0.03369140625,0.03369140625,0.030322265625,0.03369140625,0.003369140625,0.0,,0.0,0.1,1.0,,,,,,
B-historical-like-growth,raw-record,0.1,raw-net-creation,10,261,4096,3.12548828125,3.163330078125,0.037841796875,0.006221003216668519,"[0.025648630570329702, 0.050034963179670294]",0.012107483205749102,-0.1025390625,0.004925551279996309,"[-0.11219314300879277, -0.09288498199120723]",-2.7096774193548385,0.118896484375,0.118896484375,0.1070068359375,0.118896484375,0.0118896484375,0.0,3.141935483870968,0.0,0.1,1.0,,,,,,
B-historical-like-growth,raw-record,0.1,raw-net-creation,25,652,4096,8.473876953125,8.755615234375,0.28173828125,0.017513802403661648,"[0.24741122853882316, 0.3160653339611768]",0.03324786078538707,-0.27490234375,0.008544081202922783,"[-0.29164874290772863, -0.25815594459227137]",-0.975736568457539,0.338623046875,0.338623046875,0.3047607421875,0.338623046875,0.033862304687500004,0.0,1.2019064124783363,0.0,0.1,1.0,,,,,,
B-historical-like-growth,raw-record,0.1,raw-net-creation,50,1304,4096,17.519287109375,18.186279296875,0.6669921875,0.030819471502656303,"[0.6065860233547936, 0.7273983516452064]",0.038071879485500074,-0.564697265625,0.012675374285010898,"[-0.5895409992236214, -0.5398535320263786]",-0.8466325036603221,0.71728515625,0.71728515625,0.6455566406250001,0.71728515625,0.071728515625,0.0,1.075402635431918,0.0,0.1,1.0,,,,,,
B-historical-like-growth,raw-record,0.1,raw-net-creation,100,2609,4096,35.489013671875,36.87158203125,1.382568359375,0.05018252809205044,"[1.2842106043145811, 1.4809261144354189]",0.038957643967171836,-1.14599609375,0.01910888217685108,"[-1.183449502816628, -1.108542684683372]",-0.8288892812996644,1.43994140625,1.43994140625,1.295947265625,1.43994140625,0.14399414062500002,0.0,1.0414974395196892,0.0,0.1,1.0,,,,,,
B-historical-like-growth,raw-record,0.1,raw-net-creation-budget-1R,1,26,4096,0.13916015625,0.134521484375,-0.004638671875,0.0010618428699198069,"[-0.006719883900042821, -0.0025574598499571786]",-0.03333333333333333,-0.0048828125,0.0010892941831113197,"[-0.007017829098898186, -0.0027477959011018133]",,0.005126953125,0.005126953125,0.0046142578125000005,0.005126953125,0.0005126953125,0.0,,0.0,0.1,1.0,1,0.005126953125,,,,True
B-historical-like-growth,raw-record,0.1,raw-net-creation-budget-1R,4,104,4096,0.88427734375,0.863525390625,-0.020751953125,0.0024077245610796775,"[-0.025471093264716166, -0.016032812985283834]",-0.023467697404748758,-0.031005859375,0.0027086663276570415,"[-0.036314845377207805, -0.0256968733727922]",,0.03369140625,0.03271484375,0.029443359375000002,0.03271484375,0.003271484375,0.0,,0.0,0.1,1.0,1,0.03271484375,,,,True
B-historical-like-growth,raw-record,0.1,raw-net-creation-budget-1R,10,261,4096,3.12548828125,3.1630859375,0.03759765625,0.006168433144565647,"[0.025507527286651333, 0.04968778521334867]",0.012029370410873302,-0.09619140625,0.004772895488739938,"[-0.10554628140793028, -0.08683653109206972]",-2.5584415584415585,0.11865234375,0.111328125,0.10019531250000001,0.111328125,0.0111328125,0.0,2.961038961038961,0.0,0.1,1.0,1,0.111328125,,,,True
B-historical-like-growth,raw-record,0.1,raw-net-creation-budget-1R,25,652,4096,8.473876953125,8.7158203125,0.241943359375,0.016407152336622967,"[0.209785340795219, 0.274101377954781]",0.028551672476879196,-0.2275390625,0.007565082494389339,"[-0.2423666241890031, -0.2127115008109969]",-0.9404641775983855,0.3349609375,0.28076171875,0.252685546875,0.28076171875,0.028076171875,0.0,1.160443995963673,0.0,0.1,1.0,1,0.28076171875,,,,True
B-historical-like-growth,raw-record,0.1,raw-net-creation-budget-1R,50,1304,4096,17.519287109375,18.00537109375,0.486083984375,0.027177832884677885,"[0.43281543192103133, 0.5393525368289687]",0.02774564862944021,-0.39208984375,0.010115564968020659,"[-0.4119163510873205, -0.3722633364126795]",-0.8066298342541437,0.698486328125,0.499755859375,0.4497802734375,0.499755859375,0.049975585937500004,0.0,1.0281265695630337,0.0,0.1,1.0,1,0.499755859375,,,,True
B-historical-like-growth,raw-record,0.1,raw-net-creation-budget-1R,100,2609,4096,35.489013671875,36.21875,0.729736328125,0.04111776303133194,"[0.6491455125835894, 0.8103271436664106]",0.020562316407889216,-0.59326171875,0.013704845119425725,"[-0.6201232151840744, -0.5664002223159256]",-0.8129809300769488,1.387451171875,0.7548828125,0.67939453125,0.7548828125,0.07548828125000001,0.0,1.0344596855135497,0.0,0.1,1.0,1,0.7548828125,,,,True
B-historical-like-growth,raw-record,0.2,raw-net-creation,1,26,4096,0.155029296875,0.14306640625,-0.011962890625,0.0016989388250769704,"[-0.015292810722150862, -0.008632970527849138]",-0.07716535433070866,-0.012939453125,0.0017660496315382512,"[-0.016400910402814974, -0.009477995847185028]",,0.012939453125,0.012939453125,0.010351562500000001,0.012939453125,0.0025878906250000003,0.0,,0.0,0.2,1.0,,,,,,
B-historical-like-growth,raw-record,0.2,raw-net-creation,4,104,4096,0.906005859375,0.865966796875,-0.0400390625,0.0033069871722301142,"[-0.046520757357571024, -0.033557367642428976]",-0.04419293990838049,-0.06640625,0.003921482814317615,"[-0.07409235631606252, -0.05872014368393748]",,0.07080078125,0.07080078125,0.056640625,0.07080078125,0.01416015625,0.0,,0.0,0.2,1.0,,,,,,
B-historical-like-growth,raw-record,0.2,raw-net-creation,10,261,4096,3.156982421875,3.25146484375,0.094482421875,0.009464353711039984,"[0.07593228860136163, 0.11303255514863837]",0.029928079808212823,-0.184814453125,0.006709559402276408,"[-0.19796518955346176, -0.17166371669653824]",-1.9560723514211886,0.252685546875,0.252685546875,0.2021484375,0.252685546875,0.050537109375,0.0,2.6744186046511627,0.0,0.2,1.0,,,,,,
B-historical-like-growth,raw-record,0.2,raw-net-creation,25,652,4096,8.605712890625,9.180419921875,0.57470703125,0.024724157939795325,"[0.5262476816880012, 0.6231663808119988]",0.06678203636982609,-0.47607421875,0.011961000303658612,"[-0.4995177793451709, -0.4526306581548291]",-0.8283772302463891,0.744873046875,0.744873046875,0.5958984375,0.744873046875,0.148974609375,0.0,1.2960917587085812,0.0,0.2,1.0,,,,,,
B-historical-like-growth,raw-record,0.2,raw-net-creation,50,1304,4096,17.727294921875,19.101318359375,1.3740234375,0.04172457349624308,"[1.2922432734473634, 1.4558036015526366]",0.07750891738166393,-0.93408203125,0.018761764580388824,"[-0.9708550898275621, -0.8973089726724379]",-0.679815209665956,1.549072265625,1.549072265625,1.2392578125,1.549072265625,0.309814453125,0.0,1.1273987206823028,0.0,0.2,1.0,,,,,,
B-historical-like-growth,raw-record,0.2,raw-net-creation,100,2609,4096,35.787109375,38.645751953125,2.858642578125,0.06561925543419167,"[2.7300288374739843, 2.9872563187760157]",0.07987911368225727,-1.885986328125,0.028298242483515108,"[-1.9414508833926896, -1.8305217728573104]",-0.6597489110940302,3.08056640625,3.08056640625,2.4644531250000004,3.08056640625,0.6161132812500001,0.0,1.0776325903151422,0.0,0.2,1.0,,,,,,
B-historical-like-growth,raw-record,0.2,raw-net-creation-budget-1R,1,26,4096,0.155029296875,0.14306640625,-0.011962890625,0.0016989388250769704,"[-0.015292810722150862, -0.008632970527849138]",-0.07716535433070866,-0.012939453125,0.0017660496315382512,"[-0.016400910402814974, -0.009477995847185028]",,0.012939453125,0.012939453125,0.010351562500000001,0.012939453125,0.0025878906250000003,0.0,,0.0,0.2,1.0,1,0.012939453125,,,,True
B-historical-like-growth,raw-record,0.2,raw-net-creation-budget-1R,4,104,4096,0.906005859375,0.867919921875,-0.0380859375,0.003221371471129207,"[-0.044399825583413245, -0.031772049416586755]",-0.04203718674211803,-0.064453125,0.0038373181924768298,"[-0.07197426865725459, -0.056931981342745415]",,0.070556640625,0.068603515625,0.0548828125,0.068603515625,0.013720703125,0.0,,0.0,0.2,1.0,1,0.068603515625,,,,True
B-historical-like-growth,raw-record,0.2,raw-net-creation-budget-1R,10,261,4096,3.156982421875,3.245361328125,0.08837890625,0.009233410198964034,"[0.0702814222600305, 0.1064763902399695]",0.027994741319310186,-0.156982421875,0.006177368643450392,"[-0.16909006441616276, -0.14487477933383724]",-1.776243093922652,0.249755859375,0.216552734375,0.1732421875,0.216552734375,0.043310546875,0.0,2.4502762430939224,0.0,0.2,1.0,1,0.216552734375,,,,True
B-historical-like-growth,raw-record,0.2,raw-net-creation-budget-1R,25,652,4096,8.605712890625,9.038818359375,0.43310546875,0.02199929650717182,"[0.38998684759594326, 0.47622408990405674]",0.050327668870038866,-0.314453125,0.010223087913056369,"[-0.33449037730959047, -0.29441587269040953]",-0.7260428410372041,0.71044921875,0.4990234375,0.39921875,0.4990234375,0.0998046875,0.0,1.1521984216459977,0.0,0.2,1.0,1,0.4990234375,,,,True
B-historical-like-growth,raw-record,0.2,raw-net-creation-budget-1R,50,1304,4096,17.727294921875,18.45263671875,0.725341796875,0.03477179817920932,"[0.6571890724437497, 0.7934945213062503]",0.0409166655189985,-0.442138671875,0.015028460772843033,"[-0.47159445498977237, -0.41268288876022763]",-0.6095590710198586,1.433349609375,0.760986328125,0.6087890625000001,0.760986328125,0.15219726562500002,0.0,1.0491417031302592,0.0,0.2,1.0,1,0.760986328125,,,,True
B-historical-like-growth,raw-record,0.2,raw-net-creation-budget-1R,100,2609,4096,35.787109375,36.693603515625,0.906494140625,0.04912572412422598,"[0.8102077213415171, 1.002780559908483]",0.025330186104895486,-0.56103515625,0.02154621274156201,"[-0.6032657332234616, -0.5188045792765384]",-0.6189065445731214,2.788818359375,0.93701171875,0.749609375,0.93701171875,0.18740234375,0.0,1.033665499596014,0.0,0.2,1.0,1,0.93701171875,,,,True
B-historical-like-growth,raw-record,0.3,raw-net-creation,1,26,4096,0.154052734375,0.13623046875,-0.017822265625,0.0020675191715048636,"[-0.021874603201149534, -0.013769928048850468]",-0.11568938193343899,-0.01806640625,0.0020813733617180133,"[-0.022145898038967306, -0.013986914461032694]",,0.0185546875,0.0185546875,0.012988281249999999,0.0185546875,0.00556640625,0.0,,0.0,0.3,1.0,,,,,,
B-historical-like-growth,raw-record,0.3,raw-net-creation,4,104,4096,0.89208984375,0.827880859375,-0.064208984375,0.004042573443855995,"[-0.07213242832495775, -0.056285540425042246]",-0.07197591680350302,-0.087158203125,0.004501515672113242,"[-0.09598117384234195, -0.07833523240765805]",,0.10107421875,0.10107421875,0.07075195312499999,0.10107421875,0.030322265624999997,0.0,,0.0,0.3,1.0,,,,,,
B-historical-like-growth,raw-record,0.3,raw-net-creation,10,261,4096,3.1640625,3.266845703125,0.102783203125,0.010759381331538155,"[0.08169481571518522, 0.12387159053481478]",0.032484567901234565,-0.246826171875,0.008285472177671454,"[-0.26306569734323604, -0.23058664640676396]",-2.401425178147268,0.4033203125,0.4033203125,0.28232421874999997,0.4033203125,0.12099609374999999,0.0,3.9239904988123517,0.0,0.3,1.0,,,,,,
B-historical-like-growth,raw-record,0.3,raw-net-creation,25,652,4096,8.69482421875,9.572509765625,0.877685546875,0.030673988202419674,"[0.8175645299982575, 0.9378065637517425]",0.10094344920536867,-0.559814453125,0.015441430560829602,"[-0.590079657024226, -0.529549249225774]",-0.6378303198887344,1.180419921875,1.180419921875,0.8262939453125,1.180419921875,0.3541259765625,0.0,1.344923504867872,0.0,0.3,1.0,,,,,,
B-historical-like-growth,raw-record,0.3,raw-net-creation,50,1304,4096,17.734619140625,19.89013671875,2.155517578125,0.051573705921675976,"[2.054433114518515, 2.256602041731485]",0.12154293030106965,-1.072265625,0.024469007730237195,"[-1.1202248801512649, -1.0243063698487351]",-0.49745158002038736,2.4638671875,2.4638671875,1.72470703125,2.4638671875,0.73916015625,0.0,1.1430513081889229,0.0,0.3,1.0,,,,,,
B-historical-like-growth,raw-record,0.3,raw-net-creation,100,2609,4096,35.816162109375,40.433349609375,4.6171875,0.07937445244035415,"[4.461613573216906, 4.772761426783094]",0.1289135191509376,-2.110595703125,0.03760137471694972,"[-2.1842943975702216, -2.0368970086797784]",-0.4571171742808799,5.023681640625,5.023681640625,3.5165771484375,5.023681640625,1.5071044921874999,0.0,1.088039340101523,0.0,0.3,1.0,,,,,,
B-historical-like-growth,raw-record,0.3,raw-net-creation-budget-1R,1,26,4096,0.154052734375,0.136474609375,-0.017578125,0.0020535644297838213,"[-0.02160311128237629, -0.01355313871762371]",-0.11410459587955626,-0.017822265625,0.0020675191715048636,"[-0.021874603201149534, -0.013769928048850468]",,0.0185546875,0.018310546875,0.0128173828125,0.018310546875,0.0054931640625,0.0,,0.0,0.3,1.0,1,0.018310546875,,,,True
B-historical-like-growth,raw-record,0.3,raw-net-creation-budget-1R,4,104,4096,0.89208984375,0.832275390625,-0.059814453125,0.0038478770314196984,"[-0.06735629210658262, -0.05227261414341739]",-0.06704980842911877,-0.082275390625,0.004307883337039692,"[-0.09071884196559779, -0.07383193928440221]",,0.100830078125,0.095947265625,0.06716308593749999,0.095947265625,0.028784179687499998,0.0,,0.0,0.3,1.0,1,0.095947265625,,,,True
B-historical-like-growth,raw-record,0.3,raw-net-creation-budget-1R,10,261,4096,3.1640625,3.26416015625,0.10009765625,0.010263758557887897,"[0.07998068947653972, 0.12021462302346028]",0.031635802469135804,-0.1845703125,0.007407926689518312,"[-0.1990898488114559, -0.1700507761885441]",-1.8439024390243903,0.39306640625,0.31591796875,0.221142578125,0.31591796875,0.094775390625,0.0,3.15609756097561,0.0,0.3,1.0,1,0.31591796875,,,,True
B-historical-like-growth,raw-record,0.3,raw-net-creation-budget-1R,25,652,4096,8.69482421875,9.239013671875,0.544189453125,0.025976339431339052,"[0.49327582783957546, 0.5951030784104245]",0.06258774639186837,-0.292236328125,0.013482969069177418,"[-0.31866294750058777, -0.26580970874941223]",-0.5370121130551817,1.080078125,0.655517578125,0.45886230468749994,0.655517578125,0.1966552734375,0.0,1.2045760430686407,0.0,0.3,1.0,1,0.655517578125,,,,True
B-historical-like-growth,raw-record,0.3,raw-net-creation-budget-1R,50,1304,4096,17.734619140625,18.54443359375,0.809814453125,0.03864134646339642,"[0.734077414056743, 0.885551492193257]",0.04566291763604576,-0.379638671875,0.02020377451734546,"[-0.4192380699289971, -0.3400392738210029]",-0.4687971058185107,2.14013671875,0.8876953125,0.62138671875,0.8876953125,0.26630859375,0.0,1.0961712390714502,0.0,0.3,1.0,1,0.8876953125,,,,True
B-historical-like-growth,raw-record,0.3,raw-net-creation-budget-1R,100,2609,4096,35.816162109375,36.689453125,0.873291015625,0.05367043740627259,"[0.7680969583087057, 0.9784850729412943]",0.024382596129595167,-0.42138671875,0.028322387788881128,"[-0.476898598816207, -0.365874838683793]",-0.4825272574783338,4.164794921875,0.984619140625,0.6892333984375,0.984619140625,0.29538574218749997,0.0,1.1274811294380767,0.0,0.3,1.0,1,0.984619140625,,,,True
B-historical-like-growth,raw-record,0.5,raw-net-creation,1,26,4096,0.144287109375,0.12060546875,-0.023681640625,0.002376154459974712,"[-0.028338903366550434, -0.019024377883449566]",-0.16412859560067683,-0.02490234375,0.0024351023238075946,"[-0.029675144304662886, -0.020129543195337114]",,0.02685546875,0.02685546875,0.013427734375,0.02685546875,0.013427734375,0.0,,0.0,0.5,1.0,,,,,,
B-historical-like-growth,raw-record,0.5,raw-net-creation,4,104,4096,0.8857421875,0.77294921875,-0.11279296875,0.005360025694509549,"[-0.12329861911123871, -0.10228731838876129]",-0.12734288864388094,-0.142578125,0.005709278954781651,"[-0.15376831175137204, -0.13138793824862796]",,0.1845703125,0.1845703125,0.09228515625,0.1845703125,0.09228515625,0.0,,0.0,0.5,1.0,,,,,,
B-historical-like-growth,raw-record,0.5,raw-net-creation,10,261,4096,3.1533203125,3.37939453125,0.22607421875,0.014061875226585287,"[0.19851294330589284, 0.25363549419410714]",0.07169402291731186,-0.257080078125,0.011007442180046557,"[-0.27865466479789125, -0.23550549145210875]",-1.1371490280777539,0.78369140625,0.78369140625,0.391845703125,0.78369140625,0.391845703125,0.0,3.466522678185745,0.0,0.5,1.0,,,,,,
B-historical-like-growth,raw-record,0.5,raw-net-creation,25,652,4096,8.598388671875,10.4892578125,1.890869140625,0.041171666574085705,"[1.810172674139792, 1.971565607110208]",0.21990970782816094,-0.185546875,0.025765458722273236,"[-0.23604717409565554, -0.13504657590434446]",-0.09812782440284054,2.360107421875,2.360107421875,1.1800537109375,2.360107421875,1.1800537109375,0.0,1.2481601032924468,0.0,0.5,1.0,,,,,,
B-historical-like-growth,raw-record,0.5,raw-net-creation,50,1304,4096,17.657470703125,22.19970703125,4.542236328125,0.06481733661439856,"[4.415194348360779, 4.669278307889221]",0.25724161769789144,-0.138671875,0.03971748220256858,"[-0.2165181401170344, -0.06082560988296559]",-0.030529427573233,5.006103515625,5.006103515625,2.5030517578125,5.006103515625,2.5030517578125,0.0,1.1021230851921526,0.0,0.5,1.0,,,,,,
B-historical-like-growth,raw-record,0.5,raw-net-creation,100,2609,4096,35.650146484375,45.546630859375,9.896484375,0.09892733433857391,"[9.702586799696395, 10.090381950303605]",0.2776001040931908,-0.076904296875,0.059808686575321124,"[-0.19412932256262938, 0.040320728812629394]",-0.0077708703374777975,10.27783203125,10.27783203125,5.138916015625,10.27783203125,5.138916015625,0.0,1.0385336491020327,0.0,0.5,1.0,,,,,,
B-historical-like-growth,raw-record,0.5,raw-net-creation-budget-1R,1,26,4096,0.144287109375,0.121337890625,-0.02294921875,0.002339998440288589,"[-0.027535615692965636, -0.018362821807034364]",-0.15905245346869712,-0.024169921875,0.0023999255560064247,"[-0.028873775964772593, -0.019466067785227407]",,0.02685546875,0.026123046875,0.0130615234375,0.026123046875,0.0130615234375,0.0,,0.0,0.5,1.0,1,0.026123046875,,,,True
B-historical-like-growth,raw-record,0.5,raw-net-creation-budget-1R,4,104,4096,0.8857421875,0.7861328125,-0.099609375,0.005129667918859862,"[-0.10966352412096533, -0.08955522587903467]",-0.11245865490628446,-0.1279296875,0.005410261669493791,"[-0.13853380037220783, -0.11732557462779217]",,0.18408203125,0.167236328125,0.0836181640625,0.167236328125,0.0836181640625,0.0,,0.0,0.5,1.0,1,0.167236328125,,,,True
B-historical-like-growth,raw-record,0.5,raw-net-creation-budget-1R,10,261,4096,3.1533203125,3.34619140625,0.19287109375,0.012910202718618286,"[0.16756709642150816, 0.21817509107849184]",0.0611644471972747,-0.14404296875,0.009945306759133013,"[-0.1635357699979007, -0.1245501675020993]",-0.7468354430379747,0.73486328125,0.515625,0.2578125,0.515625,0.2578125,0.0,2.6734177215189874,0.0,0.5,1.0,1,0.515625,,,,True
B-historical-like-growth,raw-record,0.5,raw-net-creation-budget-1R,25,652,4096,8.598388671875,9.409912109375,0.8115234375,0.029769268871479085,"[0.753175670511901, 0.869871204488099]",0.09438087396007837,0.01318359375,0.021068510181578244,"[-0.02811068620589336, 0.05447787370589336]",0.016245487364620937,1.889404296875,0.86572265625,0.432861328125,0.86572265625,0.432861328125,0.0,1.0667870036101084,0.0,0.5,1.0,1,0.86572265625,,,,True
B-historical-like-growth,raw-record,0.5,raw-net-creation-budget-1R,50,1304,4096,17.657470703125,18.68701171875,1.029541015625,0.04214287278124993,"[0.9469409849737501, 1.1121410462762498]",0.058306256481161424,0.106689453125,0.029686924345545485,"[0.04850308140773085, 0.16487582484226915]",0.10362817168603272,3.60546875,0.9814453125,0.49072265625,0.9814453125,0.49072265625,0.0,0.9532843253497747,0.0,0.5,1.0,1,0.9814453125,,,,True
B-historical-like-growth,raw-record,0.5,raw-net-creation-budget-1R,100,2609,4096,35.650146484375,36.778076171875,1.1279296875,0.05522191935547958,"[1.01969472556326, 1.23616464943674]",0.03163885141381837,0.1396484375,0.03887000118473181,"[0.06346323517792565, 0.21583363982207435]",0.12380952380952381,6.924072265625,0.999755859375,0.4998779296875,0.999755859375,0.4998779296875,0.0,0.8863636363636364,0.0,0.5,1.0,1,0.999755859375,,,,True
B-historical-like-growth,raw-record,1.0,raw-net-creation,1,26,4096,0.1484375,0.095458984375,-0.052978515625,0.0035172720086316463,"[-0.059872368761918024, -0.046084662488081976]",-0.3569078947368421,-0.052978515625,0.0035172720086316463,"[-0.059872368761918024, -0.046084662488081976]",,0.056884765625,0.056884765625,0.0,0.056884765625,0.056884765625,0.0,,0.0,1.0,1.0,,,,,,
B-historical-like-growth,raw-record,1.0,raw-net-creation,4,104,4096,0.89990234375,0.658447265625,-0.241455078125,0.007414909424664805,"[-0.255988300597343, -0.226921855652657]",-0.26831253391209986,-0.241455078125,0.007414909424664805,"[-0.255988300597343, -0.226921855652657]",,0.377685546875,0.377685546875,0.0,0.377685546875,0.377685546875,0.0,,0.0,1.0,1.0,,,,,,
B-historical-like-growth,raw-record,1.0,raw-net-creation,10,261,4096,3.179931640625,3.797607421875,0.61767578125,0.01992538491734408,"[0.5786220268120056, 0.6567295356879944]",0.19424184261036467,0.61767578125,0.01992538491734408,"[0.5786220268120056, 0.6567295356879944]",1.0,2.2109375,2.2109375,0.0,2.2109375,2.2109375,0.0,3.5794466403162057,0.0,1.0,1.0,,,,,,
B-historical-like-growth,raw-record,1.0,raw-net-creation,25,652,4096,8.662353515625,16.422119140625,7.759765625,0.0524151571294329,"[7.657031917026312, 7.862499332973688]",0.8958033877286435,7.759765625,0.0524151571294329,"[7.657031917026312, 7.862499332973688]",1.0,9.563232421875,9.563232421875,0.0,9.563232421875,9.563232421875,0.0,1.2324125346086081,0.0,1.0,1.0,,,,,,
B-historical-like-growth,raw-record,1.0,raw-net-creation,50,1304,4096,17.74365234375,38.10693359375,20.36328125,0.08321356918052936,"[20.200182654406163, 20.526379845593837]",1.1476375244227965,20.36328125,0.08321356918052936,"[20.200182654406163, 20.526379845593837]",1.0,22.133544921875,22.133544921875,0.0,22.133544921875,22.133544921875,0.0,1.086934107040092,0.0,1.0,1.0,,,,,,
B-historical-like-growth,raw-record,1.0,raw-net-creation,100,2609,4096,35.751953125,81.4072265625,45.6552734375,0.12124463393043328,"[45.41763395499635, 45.89291292000365]",1.2770008194482383,45.6552734375,0.12124463393043328,"[45.41763395499635, 45.89291292000365]",1.0,47.3486328125,47.3486328125,0.0,47.3486328125,47.3486328125,0.0,1.0370901157194499,0.0,1.0,1.0,,,,,,
B-historical-like-growth,raw-record,1.0,raw-net-creation-budget-1R,1,26,4096,0.1484375,0.09619140625,-0.05224609375,0.00347734476327176,"[-0.05906168948601265, -0.04543049801398735]",-0.3519736842105263,-0.05224609375,0.00347734476327176,"[-0.05906168948601265, -0.04543049801398735]",,0.056884765625,0.05615234375,0.0,0.05615234375,0.05615234375,0.0,,0.0,1.0,1.0,1,0.05615234375,,,,True
B-historical-like-growth,raw-record,1.0,raw-net-creation-budget-1R,4,104,4096,0.89990234375,0.70751953125,-0.1923828125,0.006759607592135481,"[-0.20563164338058554, -0.17913398161941446]",-0.213781877373847,-0.1923828125,0.006759607592135481,"[-0.20563164338058554, -0.17913398161941446]",,0.370849609375,0.313720703125,0.0,0.313720703125,0.313720703125,0.0,,0.0,1.0,1.0,1,0.313720703125,,,,True
B-historical-like-growth,raw-record,1.0,raw-net-creation-budget-1R,10,261,4096,3.179931640625,3.58837890625,0.408447265625,0.016760246464703962,"[0.37559718255418023, 0.44129734869581977]",0.12844529750479847,0.408447265625,0.016760246464703962,"[0.37559718255418023, 0.44129734869581977]",1.0,1.63818359375,0.857421875,0.0,0.857421875,0.857421875,0.0,2.099222952779438,0.0,1.0,1.0,1,0.857421875,,,,True
B-historical-like-growth,raw-record,1.0,raw-net-creation-budget-1R,25,652,4096,8.662353515625,9.626708984375,0.96435546875,0.034660847302813505,"[0.8964202080364856, 1.0322907294635144]",0.11132718919985345,0.96435546875,0.034660847302813505,"[0.8964202080364856, 1.0322907294635144]",1.0,3.91552734375,0.99951171875,0.0,0.99951171875,0.99951171875,0.0,1.0364556962025318,0.0,1.0,1.0,1,0.99951171875,,,,True
B-historical-like-growth,raw-record,1.0,raw-net-creation-budget-1R,50,1304,4096,17.74365234375,18.66943359375,0.92578125,0.04496545364256508,"[0.8376489608605724, 1.0139135391394276]",0.052175348798811194,0.92578125,0.04496545364256508,"[0.8376489608605724, 1.0139135391394276]",1.0,7.234375,1.0,0.0,1.0,1.0,0.0,1.080168776371308,0.0,1.0,1.0,1,1.0,,,,True
B-historical-like-growth,raw-record,1.0,raw-net-creation-budget-1R,100,2609,4096,35.751953125,36.6982421875,0.9462890625,0.0571391073563933,"[0.8342964120814691, 1.058281712918531]",0.0264681780934171,0.9462890625,0.0571391073563933,"[0.8342964120814691, 1.058281712918531]",1.0,13.869873046875,1.0,0.0,1.0,1.0,0.0,1.0567595459236325,0.0,1.0,1.0,1,1.0,,,,True
C-four-year-growth-then-plateau,c10-eclip,0.01,shallow-lock,1,26,4096,0.703369140625,0.703369140625,0.0,0.0,"[0.0, 0.0]",0.0,0.0,0.0,"[0.0, 0.0]",,0.0,0.0,0.0,0.0,0.0,0.0,,0.0,0.01,1.0,,,,,,
C-four-year-growth-then-plateau,c10-eclip,0.01,shallow-lock,4,104,4096,3.5380859375,3.5380859375,0.0,0.0,"[0.0, 0.0]",0.0,0.0,0.0,"[0.0, 0.0]",,0.0,0.0,0.0,0.0,0.0,0.0,,0.0,0.01,1.0,,,,,,
C-four-year-growth-then-plateau,c10-eclip,0.01,shallow-lock,10,261,4096,6.6806640625,6.6806640625,0.0,0.0,"[0.0, 0.0]",0.0,0.0,0.0,"[0.0, 0.0]",,0.0,0.0,0.0,0.0,0.0,0.0,,0.0,0.01,1.0,,,,,,
C-four-year-growth-then-plateau,c10-eclip,0.01,shallow-lock,25,652,4096,9.31298828125,9.31298828125,0.0,0.0,"[0.0, 0.0]",0.0,0.0,0.0,"[0.0, 0.0]",,0.0,0.0,0.0,0.0,0.0,0.0,,0.0,0.01,1.0,,,,,,
C-four-year-growth-then-plateau,c10-eclip,0.01,shallow-lock,50,1304,4096,11.1826171875,11.1826171875,0.0,0.0,"[0.0, 0.0]",0.0,0.0,0.0,"[0.0, 0.0]",,0.0,0.0,0.0,0.0,0.0,0.0,,0.0,0.01,1.0,,,,,,
C-four-year-growth-then-plateau,c10-eclip,0.01,shallow-lock,100,2609,4096,12.996826171875,12.996826171875,0.0,0.0,"[0.0, 0.0]",0.0,0.0,0.0,"[0.0, 0.0]",,0.0,0.0,0.0,0.0,0.0,0.0,,0.0,0.01,1.0,,,,,,
C-four-year-growth-then-plateau,c10-eclip,0.01,public-lock,1,26,4096,0.703369140625,0.703369140625,0.0,0.0,"[0.0, 0.0]",0.0,0.0,0.0,"[0.0, 0.0]",,0.0,0.0,0.0,0.0,0.0,0.0,,0.0,0.01,1.0,,,,,,
C-four-year-growth-then-plateau,c10-eclip,0.01,public-lock,4,104,4096,3.5380859375,3.5380859375,0.0,0.0,"[0.0, 0.0]",0.0,0.0,0.0,"[0.0, 0.0]",,0.0,0.0,0.0,0.0,0.0,0.0,,0.0,0.01,1.0,,,,,,
C-four-year-growth-then-plateau,c10-eclip,0.01,public-lock,10,261,4096,6.6806640625,6.6806640625,0.0,0.0,"[0.0, 0.0]",0.0,-0.000244140625,0.000244140625,"[-0.00072265625, 0.000234375]",,0.000244140625,0.000244140625,0.00024169921875,0.000244140625,2.44140625e-06,0.0,,0.0,0.01,1.0,,,,,,
C-four-year-growth-then-plateau,c10-eclip,0.01,public-lock,25,652,4096,9.31298828125,9.31298828125,0.0,0.0,"[0.0, 0.0]",0.0,-0.000244140625,0.000244140625,"[-0.00072265625, 0.000234375]",,0.000244140625,0.000244140625,0.00024169921875,0.000244140625,2.44140625e-06,0.0,,0.0,0.01,1.0,,,,,,
C-four-year-growth-then-plateau,c10-eclip,0.01,public-lock,50,1304,4096,11.1826171875,11.182861328125,0.000244140625,0.000244140625,"[-0.000234375, 0.00072265625]",2.1832154396995894e-05,-0.000244140625,0.000244140625,"[-0.00072265625, 0.000234375]",-1.0,0.000244140625,0.000244140625,0.00024169921875,0.000244140625,2.44140625e-06,0.0,1.0,0.0,0.01,1.0,,,,,,
C-four-year-growth-then-plateau,c10-eclip,0.01,public-lock,100,2609,4096,12.996826171875,12.9970703125,0.000244140625,0.000244140625,"[-0.000234375, 0.00072265625]",1.8784634169249552e-05,-0.000244140625,0.000244140625,"[-0.00072265625, 0.000234375]",-1.0,0.000244140625,0.000244140625,0.00024169921875,0.000244140625,2.44140625e-06,0.0,1.0,0.0,0.01,1.0,,,,,,
C-four-year-growth-then-plateau,c10-eclip,0.01,threshold,1,26,4096,0.703369140625,0.703369140625,0.0,0.0,"[0.0, 0.0]",0.0,0.0,0.0,"[0.0, 0.0]",,0.0,0.0,0.0,0.0,0.0,0.0,,0.0,0.01,1.0,,,100.0,0.01,,
C-four-year-growth-then-plateau,c10-eclip,0.01,threshold,4,104,4096,3.5380859375,3.5380859375,0.0,0.0,"[0.0, 0.0]",0.0,0.0,0.0,"[0.0, 0.0]",,0.0,0.0,0.0,0.0,0.0,0.0,,0.0,0.01,1.0,,,100.0,0.01,,
C-four-year-growth-then-plateau,c10-eclip,0.01,threshold,10,261,4096,6.6806640625,6.6806640625,0.0,0.0,"[0.0, 0.0]",0.0,0.0,0.0,"[0.0, 0.0]",,0.000244140625,0.0,0.0,0.0,0.0,0.0,,0.0,0.01,1.0,,,100.0,0.01,,
C-four-year-growth-then-plateau,c10-eclip,0.01,threshold,25,652,4096,9.31298828125,9.31298828125,0.0,0.0,"[0.0, 0.0]",0.0,0.0,0.0,"[0.0, 0.0]",,0.000244140625,0.0,0.0,0.0,0.0,0.0,,0.0,0.01,1.0,,,100.0,0.01,,
C-four-year-growth-then-plateau,c10-eclip,0.01,threshold,50,1304,4096,11.1826171875,11.1826171875,0.0,0.0,"[0.0, 0.0]",0.0,0.0,0.0,"[0.0, 0.0]",,0.000244140625,0.0,0.0,0.0,0.0,0.0,,0.0,0.01,1.0,,,100.0,0.01,,
C-four-year-growth-then-plateau,c10-eclip,0.01,threshold,100,2609,4096,12.996826171875,12.996826171875,0.0,0.0,"[0.0, 0.0]",0.0,0.0,0.0,"[0.0, 0.0]",,0.000244140625,0.0,0.0,0.0,0.0,0.0,,0.0,0.01,1.0,,,100.0,0.01,,
C-four-year-growth-then-plateau,c10-eclip,0.01,all-discoveries-public-lock,1,26,4096,0.703369140625,0.703857421875,0.00048828125,0.000345224823286452,"[-0.00018835940364144593, 0.001164921903641446]",0.0006942034015966678,,,,,0.003173828125,0.0,0.0,0.003173828125,,0.003173828125,0.0,0.0,0.01,1.0,,,,,"Impossible ownership stress: controls every discovery after a public lock at zero cost, but lacks foresight; it is not the omniscient hard ceiling.",
C-four-year-growth-then-plateau,c10-eclip,0.01,all-discoveries-public-lock,4,104,4096,3.5380859375,3.546875,0.0087890625,0.0015764334818441099,"[0.005699252875585545, 0.011878872124414455]",0.0024841291747170853,,,,,0.035888671875,0.0,0.0,0.035888671875,,0.035888671875,0.0,0.0,0.01,1.0,,,,,"Impossible ownership stress: controls every discovery after a public lock at zero cost, but lacks foresight; it is not the omniscient hard ceiling.",
C-four-year-growth-then-plateau,c10-eclip,0.01,all-discoveries-public-lock,10,261,4096,6.6806640625,6.713623046875,0.032958984375,0.0037394806376432207,"[0.025629602325219287, 0.04028836642478071]",0.004933489255956732,,,,,0.054931640625,0.0,0.0,0.054931640625,,0.054931640625,0.0,0.0,0.01,1.0,,,,,"Impossible ownership stress: controls every discovery after a public lock at zero cost, but lacks foresight; it is not the omniscient hard ceiling.",
C-four-year-growth-then-plateau,c10-eclip,0.01,all-discoveries-public-lock,25,652,4096,9.31298828125,9.354736328125,0.041748046875,0.00495528288181995,"[0.0320356924266329, 0.0514604013233671]",0.004482776700047187,,,,,0.060302734375,0.0,0.0,0.060302734375,,0.060302734375,0.0,0.0,0.01,1.0,,,,,"Impossible ownership stress: controls every discovery after a public lock at zero cost, but lacks foresight; it is not the omniscient hard ceiling.",
C-four-year-growth-then-plateau,c10-eclip,0.01,all-discoveries-public-lock,50,1304,4096,11.1826171875,11.22705078125,0.04443359375,0.005415483798632426,"[0.03381924550468045, 0.05504794199531955]",0.003973452100253253,,,,,0.062255859375,0.0,0.0,0.062255859375,,0.062255859375,0.0,0.0,0.01,1.0,,,,,"Impossible ownership stress: controls every discovery after a public lock at zero cost, but lacks foresight; it is not the omniscient hard ceiling.",
C-four-year-growth-then-plateau,c10-eclip,0.01,all-discoveries-public-lock,100,2609,4096,12.996826171875,13.04443359375,0.047607421875,0.005651459318760365,"[0.03653056161022969, 0.05868428213977031]",0.003663003663003663,,,,,0.063232421875,0.0,0.0,0.063232421875,,0.063232421875,0.0,0.0,0.01,1.0,,,,,"Impossible ownership stress: controls every discovery after a public lock at zero cost, but lacks foresight; it is not the omniscient hard ceiling.",
C-four-year-growth-then-plateau,c10-eclip,0.01,omniscient-hard-ceiling,1,26,4096,0.703369140625,26.0,25.296630859375,0.012273283348864964,"[25.272575224011224, 25.320686494738776]",35.96494272821937,,,,,,0.0,0.0,,,,,,,,,,,,"Hard count ceiling only: grants arbitrary foresight, control, delay, and zero cost; it is not an executable strategy.",
C-four-year-growth-then-plateau,c10-eclip,0.01,omniscient-hard-ceiling,4,104,4096,3.5380859375,104.0,100.4619140625,0.019561173801175415,"[100.4235741618497, 100.5002539631503]",28.394424510074526,,,,,,0.0,0.0,,,,,,,,,,,,"Hard count ceiling only: grants arbitrary foresight, control, delay, and zero cost; it is not an executable strategy.",
C-four-year-growth-then-plateau,c10-eclip,0.01,omniscient-hard-ceiling,10,261,4096,6.6806640625,261.0,254.3193359375,0.025485485390176362,"[254.26938438613524, 254.36928748886476]",38.067972518637625,,,,,,0.0,0.0,,,,,,,,,,,,"Hard count ceiling only: grants arbitrary foresight, control, delay, and zero cost; it is not an executable strategy.",
C-four-year-growth-then-plateau,c10-eclip,0.01,omniscient-hard-ceiling,25,652,4096,9.31298828125,652.0,642.68701171875,0.031111135513552934,"[642.6260338931435, 642.7479895443565]",69.00975200545274,,,,,,0.0,0.0,,,,,,,,,,,,"Hard count ceiling only: grants arbitrary foresight, control, delay, and zero cost; it is not an executable strategy.",
C-four-year-growth-then-plateau,c10-eclip,0.01,omniscient-hard-ceiling,50,1304,4096,11.1826171875,1304.0,1292.8173828125,0.035064950506862834,"[1292.7486555095065, 1292.8861101154935]",115.60955375076412,,,,,,0.0,0.0,,,,,,,,,,,,"Hard count ceiling only: grants arbitrary foresight, control, delay, and zero cost; it is not an executable strategy.",
C-four-year-growth-then-plateau,c10-eclip,0.01,omniscient-hard-ceiling,100,2609,4096,12.996826171875,2609.0,2596.003173828125,0.03835649286042587,"[2595.9279951021185, 2596.0783525541315]",199.74131680285527,,,,,,0.0,0.0,,,,,,,,,,,,"Hard count ceiling only: grants arbitrary foresight, control, delay, and zero cost; it is not an executable strategy.",
C-four-year-growth-then-plateau,c10-eclip,0.01,public-lock-budget-1R,1,26,4096,0.703369140625,0.703369140625,0.0,0.0,"[0.0, 0.0]",0.0,0.0,0.0,"[0.0, 0.0]",,0.0,0.0,0.0,0.0,0.0,0.0,,0.0,0.01,1.0,1,0.0,,,,True
C-four-year-growth-then-plateau,c10-eclip,0.01,public-lock-budget-1R,4,104,4096,3.5380859375,3.5380859375,0.0,0.0,"[0.0, 0.0]",0.0,0.0,0.0,"[0.0, 0.0]",,0.0,0.0,0.0,0.0,0.0,0.0,,0.0,0.01,1.0,1,0.0,,,,True
C-four-year-growth-then-plateau,c10-eclip,0.01,public-lock-budget-1R,10,261,4096,6.6806640625,6.6806640625,0.0,0.0,"[0.0, 0.0]",0.0,-0.000244140625,0.000244140625,"[-0.00072265625, 0.000234375]",,0.000244140625,0.000244140625,0.00024169921875,0.000244140625,2.44140625e-06,0.0,,0.0,0.01,1.0,1,0.000244140625,,,,True
C-four-year-growth-then-plateau,c10-eclip,0.01,public-lock-budget-1R,25,652,4096,9.31298828125,9.31298828125,0.0,0.0,"[0.0, 0.0]",0.0,-0.000244140625,0.000244140625,"[-0.00072265625, 0.000234375]",,0.000244140625,0.000244140625,0.00024169921875,0.000244140625,2.44140625e-06,0.0,,0.0,0.01,1.0,1,0.000244140625,,,,True
C-four-year-growth-then-plateau,c10-eclip,0.01,public-lock-budget-1R,50,1304,4096,11.1826171875,11.182861328125,0.000244140625,0.000244140625,"[-0.000234375, 0.00072265625]",2.1832154396995894e-05,-0.000244140625,0.000244140625,"[-0.00072265625, 0.000234375]",-1.0,0.000244140625,0.000244140625,0.00024169921875,0.000244140625,2.44140625e-06,0.0,1.0,0.0,0.01,1.0,1,0.000244140625,,,,True
C-four-year-growth-then-plateau,c10-eclip,0.01,public-lock-budget-1R,100,2609,4096,12.996826171875,12.9970703125,0.000244140625,0.000244140625,"[-0.000234375, 0.00072265625]",1.8784634169249552e-05,-0.000244140625,0.000244140625,"[-0.00072265625, 0.000234375]",-1.0,0.000244140625,0.000244140625,0.00024169921875,0.000244140625,2.44140625e-06,0.0,1.0,0.0,0.01,1.0,1,0.000244140625,,,,True
C-four-year-growth-then-plateau,c10-eclip,0.1,shallow-lock,1,26,4096,0.691650390625,0.691650390625,0.0,0.0,"[0.0, 0.0]",0.0,0.0,0.0,"[0.0, 0.0]",,0.0,0.0,0.0,0.0,0.0,0.0,,0.0,0.1,1.0,,,,,,
C-four-year-growth-then-plateau,c10-eclip,0.1,shallow-lock,4,104,4096,3.5341796875,3.5341796875,0.0,0.0,"[0.0, 0.0]",0.0,0.0,0.0,"[0.0, 0.0]",,0.00048828125,0.00048828125,0.000439453125,0.00048828125,4.8828125e-05,0.0,,0.0,0.1,1.0,,,,,,
C-four-year-growth-then-plateau,c10-eclip,0.1,shallow-lock,10,261,4096,6.642822265625,6.64306640625,0.000244140625,0.000244140625,"[-0.000234375, 0.00072265625]",3.6752545113749126e-05,0.0,0.0,"[0.0, 0.0]",0.0,0.000732421875,0.000732421875,0.0006591796875,0.000732421875,7.324218750000001e-05,0.0,3.0,0.0,0.1,1.0,,,,,,
C-four-year-growth-then-plateau,c10-eclip,0.1,shallow-lock,25,652,4096,9.27734375,9.2783203125,0.0009765625,0.000690449646572904,"[-0.00037671880728289186, 0.002329843807282892]",0.00010526315789473685,0.0,0.0,"[0.0, 0.0]",0.0,0.000732421875,0.000732421875,0.0006591796875,0.000732421875,7.324218750000001e-05,0.0,0.75,0.0,0.1,1.0,,,,,,
C-four-year-growth-then-plateau,c10-eclip,0.1,shallow-lock,50,1304,4096,11.17236328125,11.17333984375,0.0009765625,0.000690449646572904,"[-0.00037671880728289186, 0.002329843807282892]",8.740876709934006e-05,0.0,0.0,"[0.0, 0.0]",0.0,0.000732421875,0.000732421875,0.0006591796875,0.000732421875,7.324218750000001e-05,0.0,0.75,0.0,0.1,1.0,,,,,,
C-four-year-growth-then-plateau,c10-eclip,0.1,shallow-lock,100,2609,4096,13.022216796875,13.02294921875,0.000732421875,0.0005458617059308288,"[-0.00033746706862442443, 0.0018023108186244244]",5.62440240724423e-05,0.0,0.0,"[0.0, 0.0]",0.0,0.000732421875,0.000732421875,0.0006591796875,0.000732421875,7.324218750000001e-05,0.0,1.0,0.0,0.1,1.0,,,,,,
C-four-year-growth-then-plateau,c10-eclip,0.1,public-lock,1,26,4096,0.691650390625,0.691650390625,0.0,0.0,"[0.0, 0.0]",0.0,-0.00048828125,0.000345224823286452,"[-0.001164921903641446, 0.00018835940364144593]",,0.00048828125,0.00048828125,0.000439453125,0.00048828125,4.8828125e-05,0.0,,0.0,0.1,1.0,,,,,,
C-four-year-growth-then-plateau,c10-eclip,0.1,public-lock,4,104,4096,3.5341796875,3.534912109375,0.000732421875,0.000732421875,"[-0.000703125, 0.0021679687499999998]",0.0002072395689416966,-0.003173828125,0.0008789708350939624,"[-0.004896610961784166, -0.0014510452882158338]",-4.333333333333333,0.003662109375,0.003662109375,0.0032958984375,0.003662109375,0.0003662109375,0.0,5.0,0.0,0.1,1.0,,,,,,
C-four-year-growth-then-plateau,c10-eclip,0.1,public-lock,10,261,4096,6.642822265625,6.644775390625,0.001953125,0.001144854076015188,"[-0.0002907889889897683, 0.004197038988989769]",0.000294020360909993,-0.00341796875,0.0009120394352943945,"[-0.005205566043177013, -0.0016303714568229868]",-1.75,0.00439453125,0.00439453125,0.003955078125,0.00439453125,0.000439453125,0.0,2.25,0.0,0.1,1.0,,,,,,
C-four-year-growth-then-plateau,c10-eclip,0.1,public-lock,25,652,4096,9.27734375,9.28076171875,0.00341796875,0.001725719310989863,"[3.5558900459868766e-05, 0.006800378599540131]",0.00036842105263157896,-0.003662109375,0.0009439348617255532,"[-0.005512221703982084, -0.0018119970460179157]",-1.0714285714285714,0.004638671875,0.004638671875,0.0041748046875,0.004638671875,0.00046386718750000003,0.0,1.3571428571428572,0.0,0.1,1.0,,,,,,
C-four-year-growth-then-plateau,c10-eclip,0.1,public-lock,50,1304,4096,11.17236328125,11.17578125,0.00341796875,0.001725719310989863,"[3.5558900459868766e-05, 0.006800378599540131]",0.0003059306848476902,-0.00390625,0.0009747722830958733,"[-0.005816803674867912, -0.0019956963251320883]",-1.1428571428571428,0.0048828125,0.0048828125,0.00439453125,0.0048828125,0.00048828125,0.0,1.4285714285714286,0.0,0.1,1.0,,,,,,
C-four-year-growth-then-plateau,c10-eclip,0.1,public-lock,100,2609,4096,13.022216796875,13.025390625,0.003173828125,0.0016732132372320589,"[-0.0001056698199748355, 0.0064533260699748355]",0.00024372410431391665,-0.00390625,0.0009747722830958733,"[-0.005816803674867912, -0.0019956963251320883]",-1.2307692307692308,0.0048828125,0.0048828125,0.00439453125,0.0048828125,0.00048828125,0.0,1.5384615384615385,0.0,0.1,1.0,,,,,,
C-four-year-growth-then-plateau,c10-eclip,0.1,threshold,1,26,4096,0.691650390625,0.691650390625,0.0,0.0,"[0.0, 0.0]",0.0,-0.00048828125,0.000345224823286452,"[-0.001164921903641446, 0.00018835940364144593]",,0.00048828125,0.00048828125,0.000439453125,0.00048828125,4.8828125e-05,0.0,,0.0,0.1,1.0,,,100.0,0.1,,
C-four-year-growth-then-plateau,c10-eclip,0.1,threshold,4,104,4096,3.5341796875,3.534912109375,0.000732421875,0.000732421875,"[-0.000703125, 0.0021679687499999998]",0.0002072395689416966,-0.002685546875,0.0008087335722969825,"[-0.004270664676702085, -0.0011004290732979142]",-3.6666666666666665,0.003662109375,0.003173828125,0.0028564453125000003,0.003173828125,0.0003173828125,0.0,4.333333333333333,0.0,0.1,1.0,,,100.0,0.1,,
C-four-year-growth-then-plateau,c10-eclip,0.1,threshold,10,261,4096,6.642822265625,6.645263671875,0.00244140625,0.0010352246410874513,"[0.00041236595346859535, 0.004470446546531405]",0.00036752545113749124,-0.003173828125,0.0008789708350939624,"[-0.004896610961784166, -0.0014510452882158338]",-1.3,0.00439453125,0.00390625,0.003515625,0.00390625,0.000390625,0.0,1.6,0.0,0.1,1.0,,,100.0,0.1,,
C-four-year-growth-then-plateau,c10-eclip,0.1,threshold,25,652,4096,9.27734375,9.281494140625,0.004150390625,0.0015621077682177469,"[0.0010886593992932162, 0.007212121850706784]",0.0004473684210526316,-0.003173828125,0.0008789708350939624,"[-0.004896610961784166, -0.0014510452882158338]",-0.7647058823529411,0.004638671875,0.00390625,0.003515625,0.00390625,0.000390625,0.0,0.9411764705882353,0.0,0.1,1.0,,,100.0,0.1,,
C-four-year-growth-then-plateau,c10-eclip,0.1,threshold,50,1304,4096,11.17236328125,11.176513671875,0.004150390625,0.0015621077682177469,"[0.0010886593992932162, 0.007212121850706784]",0.00037148726017219525,-0.00341796875,0.0009120394352943945,"[-0.005205566043177013, -0.0016303714568229868]",-0.8235294117647058,0.0048828125,0.004150390625,0.0037353515625,0.004150390625,0.00041503906250000004,0.0,1.0,0.0,0.1,1.0,,,100.0,0.1,,
C-four-year-growth-then-plateau,c10-eclip,0.1,threshold,100,2609,4096,13.022216796875,13.026123046875,0.00390625,0.0015039293232277729,"[0.0009585485264735653, 0.006853951473526435]",0.00029996812838635896,-0.00341796875,0.0009120394352943945,"[-0.005205566043177013, -0.0016303714568229868]",-0.875,0.0048828125,0.004150390625,0.0037353515625,0.004150390625,0.00041503906250000004,0.0,1.0625,0.0,0.1,1.0,,,100.0,0.1,,
C-four-year-growth-then-plateau,c10-eclip,0.1,all-discoveries-public-lock,1,26,4096,0.691650390625,0.691650390625,0.0,0.0,"[0.0, 0.0]",0.0,,,,,0.0029296875,0.0,0.0,0.0029296875,,0.0029296875,,0.0,0.1,1.0,,,,,"Impossible ownership stress: controls every discovery after a public lock at zero cost, but lacks foresight; it is not the omniscient hard ceiling.",
C-four-year-growth-then-plateau,c10-eclip,0.1,all-discoveries-public-lock,4,104,4096,3.5341796875,3.54296875,0.0087890625,0.0018863425264449582,"[0.005091831148167882, 0.012486293851832118]",0.0024868748273003593,,,,,0.03369140625,0.0,0.0,0.03369140625,,0.03369140625,0.0,0.0,0.1,1.0,,,,,"Impossible ownership stress: controls every discovery after a public lock at zero cost, but lacks foresight; it is not the omniscient hard ceiling.",
C-four-year-growth-then-plateau,c10-eclip,0.1,all-discoveries-public-lock,10,261,4096,6.642822265625,6.669921875,0.027099609375,0.0034530218241953427,"[0.02033168659957713, 0.033867532150422874]",0.004079532507626153,,,,,0.054931640625,0.0,0.0,0.054931640625,,0.054931640625,0.0,0.0,0.1,1.0,,,,,"Impossible ownership stress: controls every discovery after a public lock at zero cost, but lacks foresight; it is not the omniscient hard ceiling.",
C-four-year-growth-then-plateau,c10-eclip,0.1,all-discoveries-public-lock,25,652,4096,9.27734375,9.318603515625,0.041259765625,0.004772436500397084,"[0.031905790084221716, 0.050613741165778284]",0.004447368421052631,,,,,0.06103515625,0.0,0.0,0.06103515625,,0.06103515625,0.0,0.0,0.1,1.0,,,,,"Impossible ownership stress: controls every discovery after a public lock at zero cost, but lacks foresight; it is not the omniscient hard ceiling.",
C-four-year-growth-then-plateau,c10-eclip,0.1,all-discoveries-public-lock,50,1304,4096,11.17236328125,11.215576171875,0.043212890625,0.004903823306159159,"[0.03360139694492805, 0.05282438430507195]",0.003867837944145798,,,,,0.06298828125,0.0,0.0,0.06298828125,,0.06298828125,0.0,0.0,0.1,1.0,,,,,"Impossible ownership stress: controls every discovery after a public lock at zero cost, but lacks foresight; it is not the omniscient hard ceiling.",
C-four-year-growth-then-plateau,c10-eclip,0.1,all-discoveries-public-lock,100,2609,4096,13.022216796875,13.068115234375,0.0458984375,0.00512973601857668,"[0.035844154903589706, 0.055952720096410294]",0.0035246255085397177,,,,,0.063720703125,0.0,0.0,0.063720703125,,0.063720703125,0.0,0.0,0.1,1.0,,,,,"Impossible ownership stress: controls every discovery after a public lock at zero cost, but lacks foresight; it is not the omniscient hard ceiling.",
C-four-year-growth-then-plateau,c10-eclip,0.1,omniscient-hard-ceiling,1,26,4096,0.691650390625,26.0,25.308349609375,0.012010491283056953,"[25.284809046460207, 25.331890172289793]",36.59124602894458,,,,,,0.0,0.0,,,,,,,,,,,,"Hard count ceiling only: grants arbitrary foresight, control, delay, and zero cost; it is not an executable strategy.",
C-four-year-growth-then-plateau,c10-eclip,0.1,omniscient-hard-ceiling,4,104,4096,3.5341796875,104.0,100.4658203125,0.01911905137578076,"[100.42834697180346, 100.50329365319654]",28.426913512019894,,,,,,0.0,0.0,,,,,,,,,,,,"Hard count ceiling only: grants arbitrary foresight, control, delay, and zero cost; it is not an executable strategy.",
C-four-year-growth-then-plateau,c10-eclip,0.1,omniscient-hard-ceiling,10,261,4096,6.642822265625,261.0,254.357177734375,0.025641905307526996,"[254.30691959997225, 254.40743586877775]",38.29052886912419,,,,,,0.0,0.0,,,,,,,,,,,,"Hard count ceiling only: grants arbitrary foresight, control, delay, and zero cost; it is not an executable strategy.",
C-four-year-growth-then-plateau,c10-eclip,0.1,omniscient-hard-ceiling,25,652,4096,9.27734375,652.0,642.72265625,0.031384153342641205,"[642.6611433094484, 642.7841691905516]",69.27873684210526,,,,,,0.0,0.0,,,,,,,,,,,,"Hard count ceiling only: grants arbitrary foresight, control, delay, and zero cost; it is not an executable strategy.",
C-four-year-growth-then-plateau,c10-eclip,0.1,omniscient-hard-ceiling,50,1304,4096,11.17236328125,1304.0,1292.82763671875,0.03487990786916375,"[1292.7592720993264, 1292.8960013381736]",115.7165770726804,,,,,,0.0,0.0,,,,,,,,,,,,"Hard count ceiling only: grants arbitrary foresight, control, delay, and zero cost; it is not an executable strategy.",
C-four-year-growth-then-plateau,c10-eclip,0.1,omniscient-hard-ceiling,100,2609,4096,13.022216796875,2609.0,2595.977783203125,0.03855495071001804,"[2595.9022154997333, 2596.0533509065167]",199.3499128217627,,,,,,0.0,0.0,,,,,,,,,,,,"Hard count ceiling only: grants arbitrary foresight, control, delay, and zero cost; it is not an executable strategy.",
C-four-year-growth-then-plateau,c10-eclip,0.1,public-lock-budget-1R,1,26,4096,0.691650390625,0.691650390625,0.0,0.0,"[0.0, 0.0]",0.0,-0.00048828125,0.000345224823286452,"[-0.001164921903641446, 0.00018835940364144593]",,0.00048828125,0.00048828125,0.000439453125,0.00048828125,4.8828125e-05,0.0,,0.0,0.1,1.0,1,0.00048828125,,,,True
C-four-year-growth-then-plateau,c10-eclip,0.1,public-lock-budget-1R,4,104,4096,3.5341796875,3.534912109375,0.000732421875,0.000732421875,"[-0.000703125, 0.0021679687499999998]",0.0002072395689416966,-0.003173828125,0.0008789708350939624,"[-0.004896610961784166, -0.0014510452882158338]",-4.333333333333333,0.003662109375,0.003662109375,0.0032958984375,0.003662109375,0.0003662109375,0.0,5.0,0.0,0.1,1.0,1,0.003662109375,,,,True
C-four-year-growth-then-plateau,c10-eclip,0.1,public-lock-budget-1R,10,261,4096,6.642822265625,6.644775390625,0.001953125,0.001144854076015188,"[-0.0002907889889897683, 0.004197038988989769]",0.000294020360909993,-0.00341796875,0.0009120394352943945,"[-0.005205566043177013, -0.0016303714568229868]",-1.75,0.00439453125,0.00439453125,0.003955078125,0.00439453125,0.000439453125,0.0,2.25,0.0,0.1,1.0,1,0.00439453125,,,,True
C-four-year-growth-then-plateau,c10-eclip,0.1,public-lock-budget-1R,25,652,4096,9.27734375,9.28076171875,0.00341796875,0.001725719310989863,"[3.5558900459868766e-05, 0.006800378599540131]",0.00036842105263157896,-0.003662109375,0.0009439348617255532,"[-0.005512221703982084, -0.0018119970460179157]",-1.0714285714285714,0.004638671875,0.004638671875,0.0041748046875,0.004638671875,0.00046386718750000003,0.0,1.3571428571428572,0.0,0.1,1.0,1,0.004638671875,,,,True
C-four-year-growth-then-plateau,c10-eclip,0.1,public-lock-budget-1R,50,1304,4096,11.17236328125,11.17578125,0.00341796875,0.001725719310989863,"[3.5558900459868766e-05, 0.006800378599540131]",0.0003059306848476902,-0.00390625,0.0009747722830958733,"[-0.005816803674867912, -0.0019956963251320883]",-1.1428571428571428,0.0048828125,0.0048828125,0.00439453125,0.0048828125,0.00048828125,0.0,1.4285714285714286,0.0,0.1,1.0,1,0.0048828125,,,,True
C-four-year-growth-then-plateau,c10-eclip,0.1,public-lock-budget-1R,100,2609,4096,13.022216796875,13.025390625,0.003173828125,0.0016732132372320589,"[-0.0001056698199748355, 0.0064533260699748355]",0.00024372410431391665,-0.00390625,0.0009747722830958733,"[-0.005816803674867912, -0.0019956963251320883]",-1.2307692307692308,0.0048828125,0.0048828125,0.00439453125,0.0048828125,0.00048828125,0.0,1.5384615384615385,0.0,0.1,1.0,1,0.0048828125,,,,True
C-four-year-growth-then-plateau,c10-eclip,0.2,shallow-lock,1,26,4096,0.7197265625,0.7197265625,0.0,0.0,"[0.0, 0.0]",0.0,0.0,0.0,"[0.0, 0.0]",,0.00048828125,0.00048828125,0.000390625,0.00048828125,9.765625e-05,0.0,,0.0,0.2,1.0,,,,,,
C-four-year-growth-then-plateau,c10-eclip,0.2,shallow-lock,4,104,4096,3.527099609375,3.527587890625,0.00048828125,0.000345224823286452,"[-0.00018835940364144593, 0.001164921903641446]",0.0001384370457534436,0.000244140625,0.000244140625,"[-0.000234375, 0.00072265625]",0.5,0.0009765625,0.0009765625,0.00078125,0.0009765625,0.0001953125,0.0,2.0,0.0,0.2,1.0,,,,,,
C-four-year-growth-then-plateau,c10-eclip,0.2,shallow-lock,10,261,4096,6.611572265625,6.61181640625,0.000244140625,0.000244140625,"[-0.000234375, 0.00072265625]",3.692625826225029e-05,0.000244140625,0.000244140625,"[-0.000234375, 0.00072265625]",1.0,0.001953125,0.001953125,0.0015625,0.001953125,0.000390625,0.0,8.0,0.0,0.2,1.0,,,,,,
C-four-year-growth-then-plateau,c10-eclip,0.2,shallow-lock,25,652,4096,9.15966796875,9.16064453125,0.0009765625,0.0005978982471660605,"[-0.00019531806444547857, 0.0021484430644454783]",0.00010661549123087585,0.00048828125,0.000345224823286452,"[-0.00018835940364144593, 0.001164921903641446]",0.5,0.002685546875,0.002685546875,0.0021484375,0.002685546875,0.000537109375,0.0,2.75,0.0,0.2,1.0,,,,,,
C-four-year-growth-then-plateau,c10-eclip,0.2,shallow-lock,50,1304,4096,11.060302734375,11.061279296875,0.0009765625,0.0007719838825655938,"[-0.0005365259098285638, 0.0024896509098285636]",8.829437344105247e-05,0.000732421875,0.0005458617059308288,"[-0.00033746706862442443, 0.0018023108186244244]",0.75,0.002685546875,0.002685546875,0.0021484375,0.002685546875,0.000537109375,0.0,2.75,0.0,0.2,1.0,,,,,,
C-four-year-growth-then-plateau,c10-eclip,0.2,shallow-lock,100,2609,4096,12.893310546875,12.89501953125,0.001708984375,0.001006386201306304,"[-0.0002635325795603558, 0.003681501329560356]",0.00013254814337922025,0.0009765625,0.000690449646572904,"[-0.00037671880728289186, 0.002329843807282892]",0.5714285714285714,0.0029296875,0.0029296875,0.0023437500000000003,0.0029296875,0.0005859375000000001,0.0,1.7142857142857142,0.0,0.2,1.0,,,,,,
C-four-year-growth-then-plateau,c10-eclip,0.2,public-lock,1,26,4096,0.7197265625,0.7197265625,0.0,0.0,"[0.0, 0.0]",0.0,-0.00048828125,0.000345224823286452,"[-0.001164921903641446, 0.00018835940364144593]",,0.0009765625,0.0009765625,0.00078125,0.0009765625,0.0001953125,0.0,,0.0,0.2,1.0,,,,,,
C-four-year-growth-then-plateau,c10-eclip,0.2,public-lock,4,104,4096,3.527099609375,3.5283203125,0.001220703125,0.0005456483432585137,"[0.00015123237221331318, 0.0022901738777866866]",0.00034609261438360903,-0.004150390625,0.0010623362340397811,"[-0.006232569643717972, -0.002068211606282029]",-3.4,0.005615234375,0.005615234375,0.0044921875000000005,0.005615234375,0.0011230468750000001,0.0,4.6,0.0,0.2,1.0,,,,,,
C-four-year-growth-then-plateau,c10-eclip,0.2,public-lock,10,261,4096,6.611572265625,6.614013671875,0.00244140625,0.0009128051580363914,"[0.0006523081402486728, 0.004230504359751327]",0.00036926258262250284,-0.006103515625,0.001265156606348556,"[-0.00858322257344317, -0.0036238086765568306]",-2.5,0.009033203125,0.009033203125,0.0072265625,0.009033203125,0.001806640625,0.0,3.7,0.0,0.2,1.0,,,,,,
C-four-year-growth-then-plateau,c10-eclip,0.2,public-lock,25,652,4096,9.15966796875,9.163330078125,0.003662109375,0.0012195101580646393,"[0.0012718694651933072, 0.006052349284806692]",0.00039980809211578443,-0.0068359375,0.0014197328342882216,"[-0.009618613855204914, -0.004053261144795086]",-1.8666666666666667,0.010498046875,0.010498046875,0.0083984375,0.010498046875,0.002099609375,0.0,2.8666666666666667,0.0,0.2,1.0,,,,,,
C-four-year-growth-then-plateau,c10-eclip,0.2,public-lock,50,1304,4096,11.060302734375,11.065185546875,0.0048828125,0.0014216999053172088,"[0.0020962806855782706, 0.00766934431442173]",0.00044147186720526233,-0.00732421875,0.0015782605894869683,"[-0.010417609505394457, -0.004230827994605542]",-1.5,0.010986328125,0.010986328125,0.0087890625,0.010986328125,0.002197265625,0.0,2.25,0.0,0.2,1.0,,,,,,
C-four-year-growth-then-plateau,c10-eclip,0.2,public-lock,100,2609,4096,12.893310546875,12.8994140625,0.006103515625,0.0017750268856940171,"[0.0026244629290397264, 0.009582568320960274]",0.000473386226354358,-0.0068359375,0.0016882861499683253,"[-0.010144978353937918, -0.0035268966460620826]",-1.12,0.01123046875,0.01123046875,0.008984375000000001,0.01123046875,0.0022460937500000003,0.0,1.84,0.0,0.2,1.0,,,,,,
C-four-year-growth-then-plateau,c10-eclip,0.2,threshold,1,26,4096,0.7197265625,0.7197265625,0.0,0.0,"[0.0, 0.0]",0.0,-0.00048828125,0.000345224823286452,"[-0.001164921903641446, 0.00018835940364144593]",,0.0009765625,0.0009765625,0.00078125,0.0009765625,0.0001953125,0.0,,0.0,0.2,1.0,,,100.0,0.2,,
C-four-year-growth-then-plateau,c10-eclip,0.2,threshold,4,104,4096,3.527099609375,3.5283203125,0.001220703125,0.0005456483432585137,"[0.00015123237221331318, 0.0022901738777866866]",0.00034609261438360903,-0.00341796875,0.0009752201454135977,"[-0.005329400235010651, -0.0015065372649893487]",-2.8,0.005615234375,0.0048828125,0.00390625,0.0048828125,0.0009765625,0.0,4.0,0.0,0.2,1.0,,,100.0,0.2,,
C-four-year-growth-then-plateau,c10-eclip,0.2,threshold,10,261,4096,6.611572265625,6.614013671875,0.00244140625,0.0009128051580363914,"[0.0006523081402486728, 0.004230504359751327]",0.00036926258262250284,-0.00537109375,0.0011932375953501257,"[-0.007709839436886246, -0.0030323480631137536]",-2.2,0.009033203125,0.008056640625,0.0064453125000000005,0.008056640625,0.0016113281250000001,0.0,3.3,0.0,0.2,1.0,,,100.0,0.2,,
C-four-year-growth-then-plateau,c10-eclip,0.2,threshold,25,652,4096,9.15966796875,9.163330078125,0.003662109375,0.0012195101580646393,"[0.0012718694651933072, 0.006052349284806692]",0.00039980809211578443,-0.006103515625,0.0013561334888439985,"[-0.008761537263134236, -0.003445493986865763]",-1.6666666666666667,0.010498046875,0.009521484375,0.007617187500000001,0.009521484375,0.0019042968750000002,0.0,2.6,0.0,0.2,1.0,,,100.0,0.2,,
C-four-year-growth-then-plateau,c10-eclip,0.2,threshold,50,1304,4096,11.060302734375,11.065185546875,0.0048828125,0.0014216999053172088,"[0.0020962806855782706, 0.00766934431442173]",0.00044147186720526233,-0.006591796875,0.0015213605334573384,"[-0.009573663520576384, -0.0036099302294236167]",-1.35,0.010986328125,0.010009765625,0.008007812500000001,0.010009765625,0.0020019531250000003,0.0,2.05,0.0,0.2,1.0,,,100.0,0.2,,
C-four-year-growth-then-plateau,c10-eclip,0.2,threshold,100,2609,4096,12.893310546875,12.8994140625,0.006103515625,0.0017750268856940171,"[0.0026244629290397264, 0.009582568320960274]",0.000473386226354358,-0.006103515625,0.0016351656928222898,"[-0.009308440382931688, -0.002898590867068312]",-1.0,0.01123046875,0.01025390625,0.008203125,0.01025390625,0.00205078125,0.0,1.68,0.0,0.2,1.0,,,100.0,0.2,,
C-four-year-growth-then-plateau,c10-eclip,0.2,all-discoveries-public-lock,1,26,4096,0.7197265625,0.719970703125,0.000244140625,0.000244140625,"[-0.000234375, 0.00072265625]",0.00033921302578018993,,,,,0.0048828125,0.0,0.0,0.0048828125,,0.0048828125,0.0,0.0,0.2,1.0,,,,,"Impossible ownership stress: controls every discovery after a public lock at zero cost, but lacks foresight; it is not the omniscient hard ceiling.",
C-four-year-growth-then-plateau,c10-eclip,0.2,all-discoveries-public-lock,4,104,4096,3.527099609375,3.534912109375,0.0078125,0.0014185020296925057,"[0.005032236021802689, 0.010592763978197311]",0.002214992732055098,,,,,0.034912109375,0.0,0.0,0.034912109375,,0.034912109375,0.0,0.0,0.2,1.0,,,,,"Impossible ownership stress: controls every discovery after a public lock at zero cost, but lacks foresight; it is not the omniscient hard ceiling.",
C-four-year-growth-then-plateau,c10-eclip,0.2,all-discoveries-public-lock,10,261,4096,6.611572265625,6.6396484375,0.028076171875,0.0032371809910328817,"[0.02173129713257555, 0.03442104661742445]",0.004246519700158783,,,,,0.0546875,0.0,0.0,0.0546875,,0.0546875,0.0,0.0,0.2,1.0,,,,,"Impossible ownership stress: controls every discovery after a public lock at zero cost, but lacks foresight; it is not the omniscient hard ceiling.",
C-four-year-growth-then-plateau,c10-eclip,0.2,all-discoveries-public-lock,25,652,4096,9.15966796875,9.198486328125,0.038818359375,0.00449451301892353,"[0.030009113857909882, 0.047627604892090114]",0.004237965776427315,,,,,0.0595703125,0.0,0.0,0.0595703125,,0.0595703125,0.0,0.0,0.2,1.0,,,,,"Impossible ownership stress: controls every discovery after a public lock at zero cost, but lacks foresight; it is not the omniscient hard ceiling.",
C-four-year-growth-then-plateau,c10-eclip,0.2,all-discoveries-public-lock,50,1304,4096,11.060302734375,11.107421875,0.047119140625,0.005382316180157908,"[0.0365698009118905, 0.0576684803381095]",0.004260203518530781,,,,,0.062255859375,0.0,0.0,0.062255859375,,0.062255859375,0.0,0.0,0.2,1.0,,,,,"Impossible ownership stress: controls every discovery after a public lock at zero cost, but lacks foresight; it is not the omniscient hard ceiling.",
C-four-year-growth-then-plateau,c10-eclip,0.2,all-discoveries-public-lock,100,2609,4096,12.893310546875,12.942626953125,0.04931640625,0.005736904146657222,"[0.03807207412255184, 0.06056073837744816]",0.0038249607089432124,,,,,0.0634765625,0.0,0.0,0.0634765625,,0.0634765625,0.0,0.0,0.2,1.0,,,,,"Impossible ownership stress: controls every discovery after a public lock at zero cost, but lacks foresight; it is not the omniscient hard ceiling.",
C-four-year-growth-then-plateau,c10-eclip,0.2,omniscient-hard-ceiling,1,26,4096,0.7197265625,26.0,25.2802734375,0.012436513874314438,"[25.255897870306345, 25.304649004693655]",35.12483039348711,,,,,,0.0,0.0,,,,,,,,,,,,"Hard count ceiling only: grants arbitrary foresight, control, delay, and zero cost; it is not an executable strategy.",
C-four-year-growth-then-plateau,c10-eclip,0.2,omniscient-hard-ceiling,4,104,4096,3.527099609375,104.0,100.472900390625,0.01943724238715529,"[100.43480339554617, 100.51099738570383]",28.485983249117464,,,,,,0.0,0.0,,,,,,,,,,,,"Hard count ceiling only: grants arbitrary foresight, control, delay, and zero cost; it is not an executable strategy.",
C-four-year-growth-then-plateau,c10-eclip,0.2,omniscient-hard-ceiling,10,261,4096,6.611572265625,261.0,254.388427734375,0.025663475781832715,"[254.33812732184262, 254.43872814690738]",38.47623795280824,,,,,,0.0,0.0,,,,,,,,,,,,"Hard count ceiling only: grants arbitrary foresight, control, delay, and zero cost; it is not an executable strategy.",
C-four-year-growth-then-plateau,c10-eclip,0.2,omniscient-hard-ceiling,25,652,4096,9.15966796875,652.0,642.84033203125,0.0302944344473905,"[642.7809549397331, 642.8997091227669]",70.1816194893118,,,,,,0.0,0.0,,,,,,,,,,,,"Hard count ceiling only: grants arbitrary foresight, control, delay, and zero cost; it is not an executable strategy.",
C-four-year-growth-then-plateau,c10-eclip,0.2,omniscient-hard-ceiling,50,1304,4096,11.060302734375,1304.0,1292.939697265625,0.034568967631414836,"[1292.8719420890675, 1293.0074524421825]",116.8991236783436,,,,,,0.0,0.0,,,,,,,,,,,,"Hard count ceiling only: grants arbitrary foresight, control, delay, and zero cost; it is not an executable strategy.",
C-four-year-growth-then-plateau,c10-eclip,0.2,omniscient-hard-ceiling,100,2609,4096,12.893310546875,2609.0,2596.106689453125,0.037904167931417654,"[2596.032397283979, 2596.180981622271]",201.3529946412679,,,,,,0.0,0.0,,,,,,,,,,,,"Hard count ceiling only: grants arbitrary foresight, control, delay, and zero cost; it is not an executable strategy.",
C-four-year-growth-then-plateau,c10-eclip,0.2,public-lock-budget-1R,1,26,4096,0.7197265625,0.7197265625,0.0,0.0,"[0.0, 0.0]",0.0,-0.00048828125,0.000345224823286452,"[-0.001164921903641446, 0.00018835940364144593]",,0.0009765625,0.0009765625,0.00078125,0.0009765625,0.0001953125,0.0,,0.0,0.2,1.0,1,0.0009765625,,,,True
C-four-year-growth-then-plateau,c10-eclip,0.2,public-lock-budget-1R,4,104,4096,3.527099609375,3.5283203125,0.001220703125,0.0005456483432585137,"[0.00015123237221331318, 0.0022901738777866866]",0.00034609261438360903,-0.004150390625,0.0010623362340397811,"[-0.006232569643717972, -0.002068211606282029]",-3.4,0.005615234375,0.005615234375,0.0044921875000000005,0.005615234375,0.0011230468750000001,0.0,4.6,0.0,0.2,1.0,1,0.005615234375,,,,True
C-four-year-growth-then-plateau,c10-eclip,0.2,public-lock-budget-1R,10,261,4096,6.611572265625,6.614013671875,0.00244140625,0.0009128051580363914,"[0.0006523081402486728, 0.004230504359751327]",0.00036926258262250284,-0.006103515625,0.001265156606348556,"[-0.00858322257344317, -0.0036238086765568306]",-2.5,0.009033203125,0.009033203125,0.0072265625,0.009033203125,0.001806640625,0.0,3.7,0.0,0.2,1.0,1,0.009033203125,,,,True
C-four-year-growth-then-plateau,c10-eclip,0.2,public-lock-budget-1R,25,652,4096,9.15966796875,9.163330078125,0.003662109375,0.0012195101580646393,"[0.0012718694651933072, 0.006052349284806692]",0.00039980809211578443,-0.0068359375,0.0014197328342882216,"[-0.009618613855204914, -0.004053261144795086]",-1.8666666666666667,0.010498046875,0.010498046875,0.0083984375,0.010498046875,0.002099609375,0.0,2.8666666666666667,0.0,0.2,1.0,1,0.010498046875,,,,True
C-four-year-growth-then-plateau,c10-eclip,0.2,public-lock-budget-1R,50,1304,4096,11.060302734375,11.065185546875,0.0048828125,0.0014216999053172088,"[0.0020962806855782706, 0.00766934431442173]",0.00044147186720526233,-0.00732421875,0.0015782605894869683,"[-0.010417609505394457, -0.004230827994605542]",-1.5,0.010986328125,0.010986328125,0.0087890625,0.010986328125,0.002197265625,0.0,2.25,0.0,0.2,1.0,1,0.010986328125,,,,True
C-four-year-growth-then-plateau,c10-eclip,0.2,public-lock-budget-1R,100,2609,4096,12.893310546875,12.8994140625,0.006103515625,0.0017750268856940171,"[0.0026244629290397264, 0.009582568320960274]",0.000473386226354358,-0.0068359375,0.0016882861499683253,"[-0.010144978353937918, -0.0035268966460620826]",-1.12,0.01123046875,0.01123046875,0.008984375000000001,0.01123046875,0.0022460937500000003,0.0,1.84,0.0,0.2,1.0,1,0.01123046875,,,,True
C-four-year-growth-then-plateau,c10-eclip,0.3,shallow-lock,1,26,4096,0.72021484375,0.72021484375,0.0,0.0,"[0.0, 0.0]",0.0,0.0,0.0,"[0.0, 0.0]",,0.00048828125,0.00048828125,0.000341796875,0.00048828125,0.000146484375,0.0,,0.0,0.3,1.0,,,,,,
C-four-year-growth-then-plateau,c10-eclip,0.3,shallow-lock,4,104,4096,3.522705078125,3.5234375,0.000732421875,0.00042276069059612694,"[-9.618907856840883e-05, 0.0015610328285684087]",0.00020791461639753275,0.0,0.0,"[0.0, 0.0]",0.0,0.0048828125,0.0048828125,0.00341796875,0.0048828125,0.00146484375,0.0,6.666666666666667,0.0,0.3,1.0,,,,,,
C-four-year-growth-then-plateau,c10-eclip,0.3,shallow-lock,10,261,4096,6.6494140625,6.6533203125,0.00390625,0.001194627392053917,"[0.0015647803115743228, 0.006247719688425677]",0.000587457776472316,0.00146484375,0.0005976547536731011,"[0.00029344043280072176, 0.0026362470671992782]",0.375,0.0068359375,0.0068359375,0.0047851562499999995,0.0068359375,0.00205078125,0.0,1.75,0.0,0.3,1.0,,,,,,
C-four-year-growth-then-plateau,c10-eclip,0.3,shallow-lock,25,652,4096,9.23583984375,9.242431640625,0.006591796875,0.0017746004271892873,"[0.003113580037708997, 0.010070013712291003]",0.0007137192704203013,0.00146484375,0.000690238802934503,"[0.00011197569624837411, 0.0028177118037516257]",0.2222222222222222,0.007080078125,0.007080078125,0.004956054687499999,0.007080078125,0.0021240234375,0.0,1.0740740740740742,0.0,0.3,1.0,,,,,,
C-four-year-growth-then-plateau,c10-eclip,0.3,shallow-lock,50,1304,4096,11.102783203125,11.109619140625,0.0068359375,0.0017910961240648342,"[0.003325389096832925, 0.010346485903167075]",0.0006156958462519515,0.001708984375,0.0007320243057618585,"[0.0002742167357067573, 0.0031437520142932425]",0.25,0.007568359375,0.007568359375,0.0052978515625,0.007568359375,0.0022705078124999997,0.0,1.1071428571428572,0.0,0.3,1.0,,,,,,
C-four-year-growth-then-plateau,c10-eclip,0.3,shallow-lock,100,2609,4096,12.89892578125,12.9052734375,0.00634765625,0.0016166030167698896,"[0.0031791143371310165, 0.009516198162868984]",0.0004921073551122383,0.001708984375,0.0008093812357069636,"[0.00012259715301435152, 0.0032953715969856485]",0.2692307692307692,0.007568359375,0.007568359375,0.0052978515625,0.007568359375,0.0022705078124999997,0.0,1.1923076923076923,0.0,0.3,1.0,,,,,,
C-four-year-growth-then-plateau,c10-eclip,0.3,public-lock,1,26,4096,0.72021484375,0.72021484375,0.0,0.0,"[0.0, 0.0]",0.0,-0.001220703125,0.0005456483432585137,"[-0.0022901738777866866, -0.00015123237221331318]",,0.001708984375,0.001708984375,0.0011962890624999999,0.001708984375,0.0005126953125,0.0,,0.0,0.3,1.0,,,,,,
C-four-year-growth-then-plateau,c10-eclip,0.3,public-lock,4,104,4096,3.522705078125,3.524658203125,0.001953125,0.0007715312387960625,"[0.0004409237719597177, 0.0034653262280402823]",0.0005544389770600873,-0.00537109375,0.0011421810532785727,"[-0.0076097686144260025, -0.0031324188855739975]",-2.75,0.01123046875,0.01123046875,0.007861328124999999,0.01123046875,0.0033691406249999997,0.0,5.75,0.0,0.3,1.0,,,,,,
C-four-year-growth-then-plateau,c10-eclip,0.3,public-lock,10,261,4096,6.6494140625,6.66015625,0.0107421875,0.0019461370527312286,"[0.0069277588766467925, 0.014556616123353208]",0.0016155088852988692,-0.00830078125,0.001721666021697034,"[-0.011675246652526186, -0.004926315847473813]",-0.7727272727272727,0.01904296875,0.01904296875,0.013330078124999999,0.01904296875,0.005712890625,0.0,1.7727272727272727,0.0,0.3,1.0,,,,,,
C-four-year-growth-then-plateau,c10-eclip,0.3,public-lock,25,652,4096,9.23583984375,9.254638671875,0.018798828125,0.0029457975255141352,"[0.013025064974992295, 0.024572591275007705]",0.002035421623050489,-0.0078125,0.0018555346437354825,"[-0.011449347901721545, -0.004175652098278455]",-0.4155844155844156,0.020263671875,0.020263671875,0.014184570312499999,0.020263671875,0.0060791015625,0.0,1.077922077922078,0.0,0.3,1.0,,,,,,
C-four-year-growth-then-plateau,c10-eclip,0.3,public-lock,50,1304,4096,11.102783203125,11.123291015625,0.0205078125,0.003260176782942203,"[0.014117866005433282, 0.026897758994566718]",0.0018470875387558547,-0.008056640625,0.0020535608858284534,"[-0.012081619961223769, -0.004031661288776231]",-0.39285714285714285,0.021484375,0.021484375,0.015039062499999999,0.021484375,0.0064453125,0.0,1.0476190476190477,0.0,0.3,1.0,,,,,,
C-four-year-growth-then-plateau,c10-eclip,0.3,public-lock,100,2609,4096,12.89892578125,12.919189453125,0.020263671875,0.0032878626826647094,"[0.01381946101697717, 0.026707882733022832]",0.0015709580951659915,-0.008056640625,0.0021665793116703905,"[-0.012303136075873966, -0.003810145174126035]",-0.39759036144578314,0.021728515625,0.021728515625,0.0152099609375,0.021728515625,0.0065185546875,0.0,1.072289156626506,0.0,0.3,1.0,,,,,,
C-four-year-growth-then-plateau,c10-eclip,0.3,threshold,1,26,4096,0.72021484375,0.72021484375,0.0,0.0,"[0.0, 0.0]",0.0,-0.001220703125,0.0005456483432585137,"[-0.0022901738777866866, -0.00015123237221331318]",,0.001708984375,0.001708984375,0.0011962890624999999,0.001708984375,0.0005126953125,0.0,,0.0,0.3,1.0,,,100.0,0.3,,
C-four-year-growth-then-plateau,c10-eclip,0.3,threshold,4,104,4096,3.522705078125,3.524658203125,0.001953125,0.0007715312387960625,"[0.0004409237719597177, 0.0034653262280402823]",0.0005544389770600873,-0.005126953125,0.0011160574552338974,"[-0.0073144257372584395, -0.002939480512741561]",-2.625,0.01123046875,0.010498046875,0.0073486328124999995,0.010498046875,0.0031494140625,0.0,5.375,0.0,0.3,1.0,,,100.0,0.3,,
C-four-year-growth-then-plateau,c10-eclip,0.3,threshold,10,261,4096,6.6494140625,6.659912109375,0.010498046875,0.0019310868839996892,"[0.006713116582360609, 0.01428297716763939]",0.0015787927742693495,-0.0078125,0.0016872512591966145,"[-0.011119512468025365, -0.004505487531974635]",-0.7441860465116279,0.01904296875,0.01806640625,0.012646484375,0.01806640625,0.005419921875,0.0,1.7209302325581395,0.0,0.3,1.0,,,100.0,0.3,,
C-four-year-growth-then-plateau,c10-eclip,0.3,threshold,25,652,4096,9.23583984375,9.254638671875,0.018798828125,0.0029457975255141352,"[0.013025064974992295, 0.024572591275007705]",0.002035421623050489,-0.007080078125,0.0018074332253674335,"[-0.01062264724672017, -0.0035375090032798303]",-0.37662337662337664,0.020263671875,0.019287109375,0.0135009765625,0.019287109375,0.0057861328125,0.0,1.025974025974026,0.0,0.3,1.0,,,100.0,0.3,,
C-four-year-growth-then-plateau,c10-eclip,0.3,threshold,50,1304,4096,11.102783203125,11.123291015625,0.0205078125,0.003260176782942203,"[0.014117866005433282, 0.026897758994566718]",0.0018470875387558547,-0.007080078125,0.001995556380334198,"[-0.010991368630455028, -0.003168787619544972]",-0.34523809523809523,0.021484375,0.020263671875,0.014184570312499999,0.020263671875,0.0060791015625,0.0,0.9880952380952381,0.0,0.3,1.0,,,100.0,0.3,,
C-four-year-growth-then-plateau,c10-eclip,0.3,threshold,100,2609,4096,12.89892578125,12.919189453125,0.020263671875,0.0032878626826647094,"[0.01381946101697717, 0.026707882733022832]",0.0015709580951659915,-0.007080078125,0.0021116815264253575,"[-0.0112189739167937, -0.002941182333206299]",-0.3493975903614458,0.021728515625,0.0205078125,0.01435546875,0.0205078125,0.00615234375,0.0,1.0120481927710843,0.0,0.3,1.0,,,100.0,0.3,,
C-four-year-growth-then-plateau,c10-eclip,0.3,all-discoveries-public-lock,1,26,4096,0.72021484375,0.720458984375,0.000244140625,0.000244140625,"[-0.000234375, 0.00072265625]",0.00033898305084745765,,,,,0.003662109375,0.0,0.0,0.003662109375,,0.003662109375,0.0,0.0,0.3,1.0,,,,,"Impossible ownership stress: controls every discovery after a public lock at zero cost, but lacks foresight; it is not the omniscient hard ceiling.",
C-four-year-growth-then-plateau,c10-eclip,0.3,all-discoveries-public-lock,4,104,4096,3.522705078125,3.530517578125,0.0078125,0.0015394360037711732,"[0.0047952054326085005, 0.010829794567391499]",0.0022177559082403493,,,,,0.02978515625,0.0,0.0,0.02978515625,,0.02978515625,0.0,0.0,0.3,1.0,,,,,"Impossible ownership stress: controls every discovery after a public lock at zero cost, but lacks foresight; it is not the omniscient hard ceiling.",
C-four-year-growth-then-plateau,c10-eclip,0.3,all-discoveries-public-lock,10,261,4096,6.6494140625,6.677490234375,0.028076171875,0.003218711289975575,"[0.021767497746647872, 0.03438484600335213]",0.004222352768394772,,,,,0.05517578125,0.0,0.0,0.05517578125,,0.05517578125,0.0,0.0,0.3,1.0,,,,,"Impossible ownership stress: controls every discovery after a public lock at zero cost, but lacks foresight; it is not the omniscient hard ceiling.",
C-four-year-growth-then-plateau,c10-eclip,0.3,all-discoveries-public-lock,25,652,4096,9.23583984375,9.281005859375,0.045166015625,0.004546059300832081,"[0.03625573939536912, 0.05407629185463088]",0.004890298704731694,,,,,0.06201171875,0.0,0.0,0.06201171875,,0.06201171875,0.0,0.0,0.3,1.0,,,,,"Impossible ownership stress: controls every discovery after a public lock at zero cost, but lacks foresight; it is not the omniscient hard ceiling.",
C-four-year-growth-then-plateau,c10-eclip,0.3,all-discoveries-public-lock,50,1304,4096,11.102783203125,11.156982421875,0.05419921875,0.005437757074312943,"[0.04354121488434663, 0.06485722261565337]",0.00488158849528333,,,,,0.064453125,0.0,0.0,0.064453125,,0.064453125,0.0,0.0,0.3,1.0,,,,,"Impossible ownership stress: controls every discovery after a public lock at zero cost, but lacks foresight; it is not the omniscient hard ceiling.",
C-four-year-growth-then-plateau,c10-eclip,0.3,all-discoveries-public-lock,100,2609,4096,12.89892578125,12.95654296875,0.0576171875,0.005831546240217288,"[0.046187356869174113, 0.06904701813082588]",0.0044668206079418555,,,,,0.06494140625,0.0,0.0,0.06494140625,,0.06494140625,0.0,0.0,0.3,1.0,,,,,"Impossible ownership stress: controls every discovery after a public lock at zero cost, but lacks foresight; it is not the omniscient hard ceiling.",
C-four-year-growth-then-plateau,c10-eclip,0.3,omniscient-hard-ceiling,1,26,4096,0.72021484375,26.0,25.27978515625,0.012362275010251942,"[25.255555097229905, 25.304015215270095]",35.10033898305085,,,,,,0.0,0.0,,,,,,,,,,,,"Hard count ceiling only: grants arbitrary foresight, control, delay, and zero cost; it is not an executable strategy.",
C-four-year-growth-then-plateau,c10-eclip,0.3,omniscient-hard-ceiling,4,104,4096,3.522705078125,104.0,100.477294921875,0.01971271912604781,"[100.43865799238795, 100.51593185136205]",28.52276665049553,,,,,,0.0,0.0,,,,,,,,,,,,"Hard count ceiling only: grants arbitrary foresight, control, delay, and zero cost; it is not an executable strategy.",
C-four-year-growth-then-plateau,c10-eclip,0.3,omniscient-hard-ceiling,10,261,4096,6.6494140625,261.0,254.3505859375,0.025600147499514246,"[254.30040964840094, 254.40076222659906]",38.25157879277427,,,,,,0.0,0.0,,,,,,,,,,,,"Hard count ceiling only: grants arbitrary foresight, control, delay, and zero cost; it is not an executable strategy.",
C-four-year-growth-then-plateau,c10-eclip,0.3,omniscient-hard-ceiling,25,652,4096,9.23583984375,652.0,642.76416015625,0.031265429179959704,"[642.7028799150572, 642.8254403974428]",69.59455458630717,,,,,,0.0,0.0,,,,,,,,,,,,"Hard count ceiling only: grants arbitrary foresight, control, delay, and zero cost; it is not an executable strategy.",
C-four-year-growth-then-plateau,c10-eclip,0.3,omniscient-hard-ceiling,50,1304,4096,11.102783203125,1304.0,1292.897216796875,0.03472866569137643,"[1292.82914861212, 1292.96528498163]",116.44802867383513,,,,,,0.0,0.0,,,,,,,,,,,,"Hard count ceiling only: grants arbitrary foresight, control, delay, and zero cost; it is not an executable strategy.",
C-four-year-growth-then-plateau,c10-eclip,0.3,omniscient-hard-ceiling,100,2609,4096,12.89892578125,2609.0,2596.10107421875,0.03783157118519444,"[2596.026924339227, 2596.175224098273]",201.2649051746981,,,,,,0.0,0.0,,,,,,,,,,,,"Hard count ceiling only: grants arbitrary foresight, control, delay, and zero cost; it is not an executable strategy.",
C-four-year-growth-then-plateau,c10-eclip,0.3,public-lock-budget-1R,1,26,4096,0.72021484375,0.72021484375,0.0,0.0,"[0.0, 0.0]",0.0,-0.001220703125,0.0005456483432585137,"[-0.0022901738777866866, -0.00015123237221331318]",,0.001708984375,0.001708984375,0.0011962890624999999,0.001708984375,0.0005126953125,0.0,,0.0,0.3,1.0,1,0.001708984375,,,,True
C-four-year-growth-then-plateau,c10-eclip,0.3,public-lock-budget-1R,4,104,4096,3.522705078125,3.524658203125,0.001953125,0.0007715312387960625,"[0.0004409237719597177, 0.0034653262280402823]",0.0005544389770600873,-0.00537109375,0.0011421810532785727,"[-0.0076097686144260025, -0.0031324188855739975]",-2.75,0.01123046875,0.01123046875,0.007861328124999999,0.01123046875,0.0033691406249999997,0.0,5.75,0.0,0.3,1.0,1,0.01123046875,,,,True
C-four-year-growth-then-plateau,c10-eclip,0.3,public-lock-budget-1R,10,261,4096,6.6494140625,6.66015625,0.0107421875,0.0019461370527312286,"[0.0069277588766467925, 0.014556616123353208]",0.0016155088852988692,-0.00830078125,0.001721666021697034,"[-0.011675246652526186, -0.004926315847473813]",-0.7727272727272727,0.01904296875,0.01904296875,0.013330078124999999,0.01904296875,0.005712890625,0.0,1.7727272727272727,0.0,0.3,1.0,1,0.01904296875,,,,True
C-four-year-growth-then-plateau,c10-eclip,0.3,public-lock-budget-1R,25,652,4096,9.23583984375,9.254638671875,0.018798828125,0.0029457975255141352,"[0.013025064974992295, 0.024572591275007705]",0.002035421623050489,-0.0078125,0.0018555346437354825,"[-0.011449347901721545, -0.004175652098278455]",-0.4155844155844156,0.020263671875,0.020263671875,0.014184570312499999,0.020263671875,0.0060791015625,0.0,1.077922077922078,0.0,0.3,1.0,1,0.020263671875,,,,True
C-four-year-growth-then-plateau,c10-eclip,0.3,public-lock-budget-1R,50,1304,4096,11.102783203125,11.123291015625,0.0205078125,0.003260176782942203,"[0.014117866005433282, 0.026897758994566718]",0.0018470875387558547,-0.008056640625,0.0020535608858284534,"[-0.012081619961223769, -0.004031661288776231]",-0.39285714285714285,0.021484375,0.021484375,0.015039062499999999,0.021484375,0.0064453125,0.0,1.0476190476190477,0.0,0.3,1.0,1,0.021484375,,,,True
C-four-year-growth-then-plateau,c10-eclip,0.3,public-lock-budget-1R,100,2609,4096,12.89892578125,12.919189453125,0.020263671875,0.0032878626826647094,"[0.01381946101697717, 0.026707882733022832]",0.0015709580951659915,-0.008056640625,0.0021665793116703905,"[-0.012303136075873966, -0.003810145174126035]",-0.39759036144578314,0.021728515625,0.021728515625,0.0152099609375,0.021728515625,0.0065185546875,0.0,1.072289156626506,0.0,0.3,1.0,1,0.021728515625,,,,True
C-four-year-growth-then-plateau,c10-eclip,0.5,shallow-lock,1,26,4096,0.703369140625,0.703369140625,0.0,0.0,"[0.0, 0.0]",0.0,0.0,0.0,"[0.0, 0.0]",,0.001708984375,0.001708984375,0.0008544921875,0.001708984375,0.0008544921875,0.0,,0.0,0.5,1.0,,,,,,
C-four-year-growth-then-plateau,c10-eclip,0.5,shallow-lock,4,104,4096,3.50146484375,3.5029296875,0.00146484375,0.0005976547536731011,"[0.00029344043280072176, 0.0026362470671992782]",0.000418351694324362,0.000732421875,0.00042276069059612694,"[-9.618907856840883e-05, 0.0015610328285684087]",0.5,0.00830078125,0.00830078125,0.004150390625,0.00830078125,0.004150390625,0.0,5.666666666666667,0.0,0.5,1.0,,,,,,
C-four-year-growth-then-plateau,c10-eclip,0.5,shallow-lock,10,261,4096,6.638427734375,6.647216796875,0.0087890625,0.0017553730444327628,"[0.005348531332911785, 0.012229593667088215]",0.0013239674892427643,0.00439453125,0.0010898018319812498,"[0.0022585196593167506, 0.006530542840683249]",0.5,0.014892578125,0.014892578125,0.0074462890625,0.014892578125,0.0074462890625,0.0,1.6944444444444444,0.0,0.5,1.0,,,,,,
C-four-year-growth-then-plateau,c10-eclip,0.5,shallow-lock,25,652,4096,9.273681640625,9.283935546875,0.01025390625,0.002205243427162691,"[0.005931629132761126, 0.014576183367238874]",0.00110569961827037,0.005126953125,0.0011682562406730656,"[0.0028371708932807913, 0.007416735356719209]",0.5,0.015625,0.015625,0.0078125,0.015625,0.0078125,0.0,1.5238095238095237,0.0,0.5,1.0,,,,,,
C-four-year-growth-then-plateau,c10-eclip,0.5,shallow-lock,50,1304,4096,11.119384765625,11.132080078125,0.0126953125,0.002644940007099295,"[0.0075112300860853826, 0.017879394913914617]",0.0011417279613568998,0.00634765625,0.001333692809611983,"[0.0037336183431605136, 0.008961694156839487]",0.5,0.0166015625,0.0166015625,0.00830078125,0.0166015625,0.00830078125,0.0,1.3076923076923077,0.0,0.5,1.0,,,,,,
C-four-year-growth-then-plateau,c10-eclip,0.5,shallow-lock,100,2609,4096,12.979736328125,12.993408203125,0.013671875,0.002839465668576443,"[0.008106522289590173, 0.019237227710409827]",0.001053324555628703,0.007568359375,0.001633669552101332,"[0.00436636705288139, 0.01077035169711861]",0.5535714285714286,0.01708984375,0.01708984375,0.008544921875,0.01708984375,0.008544921875,0.0,1.25,0.0,0.5,1.0,,,,,,
C-four-year-growth-then-plateau,c10-eclip,0.5,public-lock,1,26,4096,0.703369140625,0.703369140625,0.0,0.0,"[0.0, 0.0]",0.0,-0.00146484375,0.0005976547536731011,"[-0.0026362470671992782, -0.00029344043280072176]",,0.003173828125,0.003173828125,0.0015869140625,0.003173828125,0.0015869140625,0.0,,0.0,0.5,1.0,,,,,,
C-four-year-growth-then-plateau,c10-eclip,0.5,public-lock,4,104,4096,3.50146484375,3.503662109375,0.002197265625,0.0007317060948387837,"[0.000763121679115984, 0.0036314095708840158]",0.000627527541486543,-0.007080078125,0.0014402884639120451,"[-0.009903043514267608, -0.004257112735732392]",-3.2222222222222223,0.0166015625,0.0166015625,0.00830078125,0.0166015625,0.00830078125,0.0,7.555555555555555,0.0,0.5,1.0,,,,,,
C-four-year-growth-then-plateau,c10-eclip,0.5,public-lock,10,261,4096,6.638427734375,6.65478515625,0.016357421875,0.0024648403854339624,"[0.011526334719549433, 0.021188509030450567]",0.0024640506049795887,-0.005126953125,0.0020558560882496554,"[-0.009156431057969323, -0.0010974751920306757]",-0.31343283582089554,0.029541015625,0.029541015625,0.0147705078125,0.029541015625,0.0147705078125,0.0,1.8059701492537314,0.0,0.5,1.0,,,,,,
C-four-year-growth-then-plateau,c10-eclip,0.5,public-lock,25,652,4096,9.273681640625,9.29345703125,0.019775390625,0.0030241490715556874,"[0.013848058444750852, 0.02570272280524915]",0.0021324206923785706,-0.005126953125,0.0023021055275527186,"[-0.009639079959003328, -0.0006148262909966718]",-0.25925925925925924,0.03173828125,0.03173828125,0.015869140625,0.03173828125,0.015869140625,0.0,1.6049382716049383,0.0,0.5,1.0,,,,,,
C-four-year-growth-then-plateau,c10-eclip,0.5,public-lock,50,1304,4096,11.119384765625,11.1435546875,0.024169921875,0.003626627014824322,"[0.017061732925944328, 0.03127811082405567]",0.002173674387967944,-0.00244140625,0.0024897673141311546,"[-0.007321350185697063, 0.0024385376856970627]",-0.10101010101010101,0.033203125,0.033203125,0.0166015625,0.033203125,0.0166015625,0.0,1.3737373737373737,0.0,0.5,1.0,,,,,,
C-four-year-growth-then-plateau,c10-eclip,0.5,public-lock,100,2609,4096,12.979736328125,13.00537109375,0.025634765625,0.003939463874767557,"[0.01791341643045559, 0.03335611481954441]",0.0019749835418038184,-0.001708984375,0.0028578168617816925,"[-0.007310305424092117, 0.003892336674092117]",-0.06666666666666667,0.033935546875,0.033935546875,0.0169677734375,0.033935546875,0.0169677734375,0.0,1.3238095238095238,0.0,0.5,1.0,,,,,,
C-four-year-growth-then-plateau,c10-eclip,0.5,threshold,1,26,4096,0.703369140625,0.703369140625,0.0,0.0,"[0.0, 0.0]",0.0,-0.00146484375,0.0005976547536731011,"[-0.0026362470671992782, -0.00029344043280072176]",,0.003173828125,0.003173828125,0.0015869140625,0.003173828125,0.0015869140625,0.0,,0.0,0.5,1.0,,,100.0,0.5,,
C-four-year-growth-then-plateau,c10-eclip,0.5,threshold,4,104,4096,3.50146484375,3.503662109375,0.002197265625,0.0007317060948387837,"[0.000763121679115984, 0.0036314095708840158]",0.000627527541486543,-0.007080078125,0.0014402884639120451,"[-0.009903043514267608, -0.004257112735732392]",-3.2222222222222223,0.0166015625,0.0166015625,0.00830078125,0.0166015625,0.00830078125,0.0,7.555555555555555,0.0,0.5,1.0,,,100.0,0.5,,
C-four-year-growth-then-plateau,c10-eclip,0.5,threshold,10,261,4096,6.638427734375,6.65478515625,0.016357421875,0.0024648403854339624,"[0.011526334719549433, 0.021188509030450567]",0.0024640506049795887,-0.0048828125,0.002041450912848548,"[-0.008884056289183154, -0.0008815687108168465]",-0.29850746268656714,0.029541015625,0.029296875,0.0146484375,0.029296875,0.0146484375,0.0,1.791044776119403,0.0,0.5,1.0,,,100.0,0.5,,
C-four-year-growth-then-plateau,c10-eclip,0.5,threshold,25,652,4096,9.273681640625,9.29345703125,0.019775390625,0.0030241490715556874,"[0.013848058444750852, 0.02570272280524915]",0.0021324206923785706,-0.004638671875,0.002276316299859303,"[-0.009100251822724234, -0.0001770919272757656]",-0.2345679012345679,0.03173828125,0.03125,0.015625,0.03125,0.015625,0.0,1.5802469135802468,0.0,0.5,1.0,,,100.0,0.5,,
C-four-year-growth-then-plateau,c10-eclip,0.5,threshold,50,1304,4096,11.119384765625,11.1435546875,0.024169921875,0.003626627014824322,"[0.017061732925944328, 0.03127811082405567]",0.002173674387967944,-0.001953125,0.002465811605720236,"[-0.006786115747211663, 0.002879865747211663]",-0.08080808080808081,0.033203125,0.03271484375,0.016357421875,0.03271484375,0.016357421875,0.0,1.3535353535353536,0.0,0.5,1.0,,,100.0,0.5,,
C-four-year-growth-then-plateau,c10-eclip,0.5,threshold,100,2609,4096,12.979736328125,13.00537109375,0.025634765625,0.003939463874767557,"[0.01791341643045559, 0.03335611481954441]",0.0019749835418038184,-0.001220703125,0.002836939926443067,"[-0.006781105380828411, 0.004339699130828411]",-0.047619047619047616,0.033935546875,0.033447265625,0.0167236328125,0.033447265625,0.0167236328125,0.0,1.3047619047619048,0.0,0.5,1.0,,,100.0,0.5,,
C-four-year-growth-then-plateau,c10-eclip,0.5,all-discoveries-public-lock,1,26,4096,0.703369140625,0.703369140625,0.0,0.0,"[0.0, 0.0]",0.0,,,,,0.005859375,0.0,0.0,0.005859375,,0.005859375,,0.0,0.5,1.0,,,,,"Impossible ownership stress: controls every discovery after a public lock at zero cost, but lacks foresight; it is not the omniscient hard ceiling.",
C-four-year-growth-then-plateau,c10-eclip,0.5,all-discoveries-public-lock,4,104,4096,3.50146484375,3.506103515625,0.004638671875,0.0012186982735134786,"[0.002250023258913582, 0.007027320491086418]",0.0013247803653604797,,,,,0.031982421875,0.0,0.0,0.031982421875,,0.031982421875,0.0,0.0,0.5,1.0,,,,,"Impossible ownership stress: controls every discovery after a public lock at zero cost, but lacks foresight; it is not the omniscient hard ceiling.",
C-four-year-growth-then-plateau,c10-eclip,0.5,all-discoveries-public-lock,10,261,4096,6.638427734375,6.666748046875,0.0283203125,0.0032823885292010465,"[0.021886830982765948, 0.03475379401723405]",0.004266117465337796,,,,,0.0556640625,0.0,0.0,0.0556640625,,0.0556640625,0.0,0.0,0.5,1.0,,,,,"Impossible ownership stress: controls every discovery after a public lock at zero cost, but lacks foresight; it is not the omniscient hard ceiling.",
C-four-year-growth-then-plateau,c10-eclip,0.5,all-discoveries-public-lock,25,652,4096,9.273681640625,9.3125,0.038818359375,0.004220886076110689,"[0.030545422665823052, 0.04709129608417695]",0.0041858628405949715,,,,,0.062255859375,0.0,0.0,0.062255859375,,0.062255859375,0.0,0.0,0.5,1.0,,,,,"Impossible ownership stress: controls every discovery after a public lock at zero cost, but lacks foresight; it is not the omniscient hard ceiling.",
C-four-year-growth-then-plateau,c10-eclip,0.5,all-discoveries-public-lock,50,1304,4096,11.119384765625,11.16796875,0.048583984375,0.0051295075972070244,"[0.03853014948447423, 0.05863781926552577]",0.004369305082885059,,,,,0.064697265625,0.0,0.0,0.064697265625,,0.064697265625,0.0,0.0,0.5,1.0,,,,,"Impossible ownership stress: controls every discovery after a public lock at zero cost, but lacks foresight; it is not the omniscient hard ceiling.",
C-four-year-growth-then-plateau,c10-eclip,0.5,all-discoveries-public-lock,100,2609,4096,12.979736328125,13.03173828125,0.052001953125,0.005631417110122204,"[0.04096437558916048, 0.06303953066083952]",0.004006395184802032,,,,,0.06640625,0.0,0.0,0.06640625,,0.06640625,0.0,0.0,0.5,1.0,,,,,"Impossible ownership stress: controls every discovery after a public lock at zero cost, but lacks foresight; it is not the omniscient hard ceiling.",
C-four-year-growth-then-plateau,c10-eclip,0.5,omniscient-hard-ceiling,1,26,4096,0.703369140625,26.0,25.296630859375,0.012321764003843362,"[25.27248020192747, 25.32078151682253]",35.96494272821937,,,,,,0.0,0.0,,,,,,,,,,,,"Hard count ceiling only: grants arbitrary foresight, control, delay, and zero cost; it is not an executable strategy.",
C-four-year-growth-then-plateau,c10-eclip,0.5,omniscient-hard-ceiling,4,104,4096,3.50146484375,104.0,100.49853515625,0.019466358487279012,"[100.46038109361493, 100.53668921888507]",28.701854692511503,,,,,,0.0,0.0,,,,,,,,,,,,"Hard count ceiling only: grants arbitrary foresight, control, delay, and zero cost; it is not an executable strategy.",
C-four-year-growth-then-plateau,c10-eclip,0.5,omniscient-hard-ceiling,10,261,4096,6.638427734375,261.0,254.361572265625,0.025545305642718934,"[254.31150346656528, 254.41164106468472]",38.31653856055313,,,,,,0.0,0.0,,,,,,,,,,,,"Hard count ceiling only: grants arbitrary foresight, control, delay, and zero cost; it is not an executable strategy.",
C-four-year-growth-then-plateau,c10-eclip,0.5,omniscient-hard-ceiling,25,652,4096,9.273681640625,652.0,642.726318359375,0.03145556139774536,"[642.6646654590354, 642.7879712597146]",69.30648940371199,,,,,,0.0,0.0,,,,,,,,,,,,"Hard count ceiling only: grants arbitrary foresight, control, delay, and zero cost; it is not an executable strategy.",
C-four-year-growth-then-plateau,c10-eclip,0.5,omniscient-hard-ceiling,50,1304,4096,11.119384765625,1304.0,1292.880615234375,0.03526772986813424,"[1292.8114904838335, 1292.9497399849165]",116.27267537600176,,,,,,0.0,0.0,,,,,,,,,,,,"Hard count ceiling only: grants arbitrary foresight, control, delay, and zero cost; it is not an executable strategy.",
C-four-year-growth-then-plateau,c10-eclip,0.5,omniscient-hard-ceiling,100,2609,4096,12.979736328125,2609.0,2596.020263671875,0.038955185400553385,"[2595.9439115084897, 2596.0966158352603]",200.00562400075236,,,,,,0.0,0.0,,,,,,,,,,,,"Hard count ceiling only: grants arbitrary foresight, control, delay, and zero cost; it is not an executable strategy.",
C-four-year-growth-then-plateau,c10-eclip,0.5,public-lock-budget-1R,1,26,4096,0.703369140625,0.703369140625,0.0,0.0,"[0.0, 0.0]",0.0,-0.00146484375,0.0005976547536731011,"[-0.0026362470671992782, -0.00029344043280072176]",,0.003173828125,0.003173828125,0.0015869140625,0.003173828125,0.0015869140625,0.0,,0.0,0.5,1.0,1,0.003173828125,,,,True
C-four-year-growth-then-plateau,c10-eclip,0.5,public-lock-budget-1R,4,104,4096,3.50146484375,3.503662109375,0.002197265625,0.0007317060948387837,"[0.000763121679115984, 0.0036314095708840158]",0.000627527541486543,-0.0068359375,0.0014197328342882216,"[-0.009618613855204914, -0.004053261144795086]",-3.111111111111111,0.0166015625,0.016357421875,0.0081787109375,0.016357421875,0.0081787109375,0.0,7.444444444444445,0.0,0.5,1.0,1,0.016357421875,,,,True
C-four-year-growth-then-plateau,c10-eclip,0.5,public-lock-budget-1R,10,261,4096,6.638427734375,6.654296875,0.015869140625,0.002416775531251337,"[0.011132260583747378, 0.02060602066625262]",0.002390496855577213,-0.005126953125,0.002026648922508478,"[-0.009099185013116616, -0.0011547212368833836]",-0.3230769230769231,0.029541015625,0.029052734375,0.0145263671875,0.029052734375,0.0145263671875,0.0,1.8307692307692307,0.0,0.5,1.0,1,0.029052734375,,,,True
C-four-year-growth-then-plateau,c10-eclip,0.5,public-lock-budget-1R,25,652,4096,9.273681640625,9.293212890625,0.01953125,0.0030146644651146957,"[0.013622507648375196, 0.025439992351624804]",0.0021060945109911806,-0.005126953125,0.002276060513145549,"[-0.009588031730765275, -0.0006658745192347241]",-0.2625,0.03173828125,0.03125,0.015625,0.03125,0.015625,0.0,1.6,0.0,0.5,1.0,1,0.03125,,,,True
C-four-year-growth-then-plateau,c10-eclip,0.5,public-lock-budget-1R,50,1304,4096,11.119384765625,11.142578125,0.023193359375,0.0036933280588655323,"[0.015954436379623557, 0.030432282370376443]",0.0020858491601712594,-0.00244140625,0.0024657053510157016,"[-0.007274188737990775, 0.0023913762379907753]",-0.10526315789473684,0.033203125,0.03271484375,0.016357421875,0.03271484375,0.016357421875,0.0,1.4105263157894736,0.0,0.5,1.0,1,0.03271484375,,,,True
C-four-year-growth-then-plateau,c10-eclip,0.5,public-lock-budget-1R,100,2609,4096,12.979736328125,13.004150390625,0.0244140625,0.0038880535714440807,"[0.0167934774999696, 0.0320346475000304]",0.001880936706479827,-0.001708984375,0.0028368783574547855,"[-0.0072692659556113795, 0.0038512972056113795]",-0.07,0.033935546875,0.033203125,0.0166015625,0.033203125,0.0166015625,0.0,1.36,0.0,0.5,1.0,1,0.033203125,,,,True
C-four-year-growth-then-plateau,c10-eclip,1.0,shallow-lock,1,26,4096,0.68994140625,0.68994140625,0.0,0.0,"[0.0, 0.0]",0.0,0.0,0.0,"[0.0, 0.0]",,0.005126953125,0.005126953125,0.0,0.005126953125,0.005126953125,0.0,,0.0,1.0,1.0,,,,,,
C-four-year-growth-then-plateau,c10-eclip,1.0,shallow-lock,4,104,4096,3.534423828125,3.543212890625,0.0087890625,0.001822034940965169,"[0.005217874015708269, 0.012360250984291731]",0.0024867030462112317,0.0087890625,0.001822034940965169,"[0.005217874015708269, 0.012360250984291731]",1.0,0.033935546875,0.033935546875,0.0,0.033935546875,0.033935546875,0.0,3.861111111111111,0.0,1.0,1.0,,,,,,
C-four-year-growth-then-plateau,c10-eclip,1.0,shallow-lock,10,261,4096,6.636474609375,6.66455078125,0.028076171875,0.0034163906061205345,"[0.021380046287003754, 0.034772297462996246]",0.004230585292278262,0.028076171875,0.0034163906061205345,"[0.021380046287003754, 0.034772297462996246]",1.0,0.053955078125,0.053955078125,0.0,0.053955078125,0.053955078125,0.0,1.9217391304347826,0.0,1.0,1.0,,,,,,
C-four-year-growth-then-plateau,c10-eclip,1.0,shallow-lock,25,652,4096,9.249755859375,9.291259765625,0.04150390625,0.004690007062171793,"[0.03231149240814329, 0.05069632009185671]",0.00448702721250033,0.04150390625,0.004690007062171793,"[0.03231149240814329, 0.05069632009185671]",1.0,0.062744140625,0.062744140625,0.0,0.062744140625,0.062744140625,0.0,1.511764705882353,0.0,1.0,1.0,,,,,,
C-four-year-growth-then-plateau,c10-eclip,1.0,shallow-lock,50,1304,4096,11.091552734375,11.133056640625,0.04150390625,0.005162021296185141,"[0.031386344509477124, 0.051621467990522876]",0.003741938324051859,0.04150390625,0.005162021296185141,"[0.031386344509477124, 0.051621467990522876]",1.0,0.064208984375,0.064208984375,0.0,0.064208984375,0.064208984375,0.0,1.5470588235294118,0.0,1.0,1.0,,,,,,
C-four-year-growth-then-plateau,c10-eclip,1.0,shallow-lock,100,2609,4096,12.905517578125,12.947509765625,0.0419921875,0.0055613928416526695,"[0.03109185753036077, 0.05289251746963923]",0.0032538166133822665,0.0419921875,0.0055613928416526695,"[0.03109185753036077, 0.05289251746963923]",1.0,0.06494140625,0.06494140625,0.0,0.06494140625,0.06494140625,0.0,1.5465116279069768,0.0,1.0,1.0,,,,,,
C-four-year-growth-then-plateau,c10-eclip,1.0,public-lock,1,26,4096,0.68994140625,0.68994140625,0.0,0.0,"[0.0, 0.0]",0.0,0.0,0.0,"[0.0, 0.0]",,0.005126953125,0.005126953125,0.0,0.005126953125,0.005126953125,0.0,,0.0,1.0,1.0,,,,,,
C-four-year-growth-then-plateau,c10-eclip,1.0,public-lock,4,104,4096,3.534423828125,3.543212890625,0.0087890625,0.001822034940965169,"[0.005217874015708269, 0.012360250984291731]",0.0024867030462112317,0.0087890625,0.001822034940965169,"[0.005217874015708269, 0.012360250984291731]",1.0,0.033935546875,0.033935546875,0.0,0.033935546875,0.033935546875,0.0,3.861111111111111,0.0,1.0,1.0,,,,,,
C-four-year-growth-then-plateau,c10-eclip,1.0,public-lock,10,261,4096,6.636474609375,6.66455078125,0.028076171875,0.0034163906061205345,"[0.021380046287003754, 0.034772297462996246]",0.004230585292278262,0.028076171875,0.0034163906061205345,"[0.021380046287003754, 0.034772297462996246]",1.0,0.053955078125,0.053955078125,0.0,0.053955078125,0.053955078125,0.0,1.9217391304347826,0.0,1.0,1.0,,,,,,
C-four-year-growth-then-plateau,c10-eclip,1.0,public-lock,25,652,4096,9.249755859375,9.291259765625,0.04150390625,0.004690007062171793,"[0.03231149240814329, 0.05069632009185671]",0.00448702721250033,0.04150390625,0.004690007062171793,"[0.03231149240814329, 0.05069632009185671]",1.0,0.062744140625,0.062744140625,0.0,0.062744140625,0.062744140625,0.0,1.511764705882353,0.0,1.0,1.0,,,,,,
C-four-year-growth-then-plateau,c10-eclip,1.0,public-lock,50,1304,4096,11.091552734375,11.133056640625,0.04150390625,0.005162021296185141,"[0.031386344509477124, 0.051621467990522876]",0.003741938324051859,0.04150390625,0.005162021296185141,"[0.031386344509477124, 0.051621467990522876]",1.0,0.064208984375,0.064208984375,0.0,0.064208984375,0.064208984375,0.0,1.5470588235294118,0.0,1.0,1.0,,,,,,
C-four-year-growth-then-plateau,c10-eclip,1.0,public-lock,100,2609,4096,12.905517578125,12.947509765625,0.0419921875,0.0055613928416526695,"[0.03109185753036077, 0.05289251746963923]",0.0032538166133822665,0.0419921875,0.0055613928416526695,"[0.03109185753036077, 0.05289251746963923]",1.0,0.06494140625,0.06494140625,0.0,0.06494140625,0.06494140625,0.0,1.5465116279069768,0.0,1.0,1.0,,,,,,
C-four-year-growth-then-plateau,c10-eclip,1.0,threshold,1,26,4096,0.68994140625,0.68994140625,0.0,0.0,"[0.0, 0.0]",0.0,0.0,0.0,"[0.0, 0.0]",,0.005126953125,0.005126953125,0.0,0.005126953125,0.005126953125,0.0,,0.0,1.0,1.0,,,100.0,1.0,,
C-four-year-growth-then-plateau,c10-eclip,1.0,threshold,4,104,4096,3.534423828125,3.543212890625,0.0087890625,0.001822034940965169,"[0.005217874015708269, 0.012360250984291731]",0.0024867030462112317,0.0087890625,0.001822034940965169,"[0.005217874015708269, 0.012360250984291731]",1.0,0.033935546875,0.03369140625,0.0,0.03369140625,0.03369140625,0.0,3.8333333333333335,0.0,1.0,1.0,,,100.0,1.0,,
C-four-year-growth-then-plateau,c10-eclip,1.0,threshold,10,261,4096,6.636474609375,6.66455078125,0.028076171875,0.0034163906061205345,"[0.021380046287003754, 0.034772297462996246]",0.004230585292278262,0.028076171875,0.0034163906061205345,"[0.021380046287003754, 0.034772297462996246]",1.0,0.053955078125,0.0537109375,0.0,0.0537109375,0.0537109375,0.0,1.9130434782608696,0.0,1.0,1.0,,,100.0,1.0,,
C-four-year-growth-then-plateau,c10-eclip,1.0,threshold,25,652,4096,9.249755859375,9.291259765625,0.04150390625,0.004690007062171793,"[0.03231149240814329, 0.05069632009185671]",0.00448702721250033,0.04150390625,0.004690007062171793,"[0.03231149240814329, 0.05069632009185671]",1.0,0.062744140625,0.0625,0.0,0.0625,0.0625,0.0,1.5058823529411764,0.0,1.0,1.0,,,100.0,1.0,,
C-four-year-growth-then-plateau,c10-eclip,1.0,threshold,50,1304,4096,11.091552734375,11.133056640625,0.04150390625,0.005162021296185141,"[0.031386344509477124, 0.051621467990522876]",0.003741938324051859,0.04150390625,0.005162021296185141,"[0.031386344509477124, 0.051621467990522876]",1.0,0.064208984375,0.06396484375,0.0,0.06396484375,0.06396484375,0.0,1.5411764705882354,0.0,1.0,1.0,,,100.0,1.0,,
C-four-year-growth-then-plateau,c10-eclip,1.0,threshold,100,2609,4096,12.905517578125,12.947509765625,0.0419921875,0.0055613928416526695,"[0.03109185753036077, 0.05289251746963923]",0.0032538166133822665,0.0419921875,0.0055613928416526695,"[0.03109185753036077, 0.05289251746963923]",1.0,0.06494140625,0.064697265625,0.0,0.064697265625,0.064697265625,0.0,1.5406976744186047,0.0,1.0,1.0,,,100.0,1.0,,
C-four-year-growth-then-plateau,c10-eclip,1.0,all-discoveries-public-lock,1,26,4096,0.68994140625,0.68994140625,0.0,0.0,"[0.0, 0.0]",0.0,,,,,0.005126953125,0.0,0.0,0.005126953125,,0.005126953125,,0.0,1.0,1.0,,,,,"Impossible ownership stress: controls every discovery after a public lock at zero cost, but lacks foresight; it is not the omniscient hard ceiling.",
C-four-year-growth-then-plateau,c10-eclip,1.0,all-discoveries-public-lock,4,104,4096,3.534423828125,3.543212890625,0.0087890625,0.001822034940965169,"[0.005217874015708269, 0.012360250984291731]",0.0024867030462112317,,,,,0.033935546875,0.0,0.0,0.033935546875,,0.033935546875,0.0,0.0,1.0,1.0,,,,,"Impossible ownership stress: controls every discovery after a public lock at zero cost, but lacks foresight; it is not the omniscient hard ceiling.",
C-four-year-growth-then-plateau,c10-eclip,1.0,all-discoveries-public-lock,10,261,4096,6.636474609375,6.66455078125,0.028076171875,0.0034163906061205345,"[0.021380046287003754, 0.034772297462996246]",0.004230585292278262,,,,,0.053955078125,0.0,0.0,0.053955078125,,0.053955078125,0.0,0.0,1.0,1.0,,,,,"Impossible ownership stress: controls every discovery after a public lock at zero cost, but lacks foresight; it is not the omniscient hard ceiling.",
C-four-year-growth-then-plateau,c10-eclip,1.0,all-discoveries-public-lock,25,652,4096,9.249755859375,9.291259765625,0.04150390625,0.004690007062171793,"[0.03231149240814329, 0.05069632009185671]",0.00448702721250033,,,,,0.062744140625,0.0,0.0,0.062744140625,,0.062744140625,0.0,0.0,1.0,1.0,,,,,"Impossible ownership stress: controls every discovery after a public lock at zero cost, but lacks foresight; it is not the omniscient hard ceiling.",
C-four-year-growth-then-plateau,c10-eclip,1.0,all-discoveries-public-lock,50,1304,4096,11.091552734375,11.133056640625,0.04150390625,0.005162021296185141,"[0.031386344509477124, 0.051621467990522876]",0.003741938324051859,,,,,0.064208984375,0.0,0.0,0.064208984375,,0.064208984375,0.0,0.0,1.0,1.0,,,,,"Impossible ownership stress: controls every discovery after a public lock at zero cost, but lacks foresight; it is not the omniscient hard ceiling.",
C-four-year-growth-then-plateau,c10-eclip,1.0,all-discoveries-public-lock,100,2609,4096,12.905517578125,12.947509765625,0.0419921875,0.0055613928416526695,"[0.03109185753036077, 0.05289251746963923]",0.0032538166133822665,,,,,0.06494140625,0.0,0.0,0.06494140625,,0.06494140625,0.0,0.0,1.0,1.0,,,,,"Impossible ownership stress: controls every discovery after a public lock at zero cost, but lacks foresight; it is not the omniscient hard ceiling.",
C-four-year-growth-then-plateau,c10-eclip,1.0,omniscient-hard-ceiling,1,26,4096,0.68994140625,26.0,25.31005859375,0.012101165441928966,"[25.28634030948382, 25.33377687801618]",36.68435951875443,,,,,,0.0,0.0,,,,,,,,,,,,"Hard count ceiling only: grants arbitrary foresight, control, delay, and zero cost; it is not an executable strategy.",
C-four-year-growth-then-plateau,c10-eclip,1.0,omniscient-hard-ceiling,4,104,4096,3.534423828125,104.0,100.465576171875,0.01971462110003026,"[100.42693551451895, 100.50421682923105]",28.424880845479034,,,,,,0.0,0.0,,,,,,,,,,,,"Hard count ceiling only: grants arbitrary foresight, control, delay, and zero cost; it is not an executable strategy.",
C-four-year-growth-then-plateau,c10-eclip,1.0,omniscient-hard-ceiling,10,261,4096,6.636474609375,261.0,254.363525390625,0.02556420201857245,"[254.3134195546686, 254.4136312265814]",38.32810948018982,,,,,,0.0,0.0,,,,,,,,,,,,"Hard count ceiling only: grants arbitrary foresight, control, delay, and zero cost; it is not an executable strategy.",
C-four-year-growth-then-plateau,c10-eclip,1.0,omniscient-hard-ceiling,25,652,4096,9.249755859375,652.0,642.750244140625,0.03119605745331826,"[642.6890998680165, 642.8113884132335]",69.48834692638636,,,,,,0.0,0.0,,,,,,,,,,,,"Hard count ceiling only: grants arbitrary foresight, control, delay, and zero cost; it is not an executable strategy.",
C-four-year-growth-then-plateau,c10-eclip,1.0,omniscient-hard-ceiling,50,1304,4096,11.091552734375,1304.0,1292.908447265625,0.034622874654151474,"[1292.8405864313029, 1292.9763080999471]",116.56694767889766,,,,,,0.0,0.0,,,,,,,,,,,,"Hard count ceiling only: grants arbitrary foresight, control, delay, and zero cost; it is not an executable strategy.",
C-four-year-growth-then-plateau,c10-eclip,1.0,omniscient-hard-ceiling,100,2609,4096,12.905517578125,2609.0,2596.094482421875,0.0376991836492799,"[2596.0205920219223, 2596.1683728218277]",201.161593613439,,,,,,0.0,0.0,,,,,,,,,,,,"Hard count ceiling only: grants arbitrary foresight, control, delay, and zero cost; it is not an executable strategy.",
C-four-year-growth-then-plateau,c10-eclip,1.0,public-lock-budget-1R,1,26,4096,0.68994140625,0.68994140625,0.0,0.0,"[0.0, 0.0]",0.0,0.0,0.0,"[0.0, 0.0]",,0.005126953125,0.005126953125,0.0,0.005126953125,0.005126953125,0.0,,0.0,1.0,1.0,1,0.005126953125,,,,True
C-four-year-growth-then-plateau,c10-eclip,1.0,public-lock-budget-1R,4,104,4096,3.534423828125,3.542724609375,0.00830078125,0.001789583943614519,"[0.004793196720515543, 0.011808365779484457]",0.0023485528769772745,0.00830078125,0.001789583943614519,"[0.004793196720515543, 0.011808365779484457]",1.0,0.033935546875,0.03271484375,0.0,0.03271484375,0.03271484375,0.0,3.9411764705882355,0.0,1.0,1.0,1,0.03271484375,,,,True
C-four-year-growth-then-plateau,c10-eclip,1.0,public-lock-budget-1R,10,261,4096,6.636474609375,6.66259765625,0.026123046875,0.0033139319370295035,"[0.019627740278422172, 0.03261835347157783]",0.00393628370672847,0.026123046875,0.0033139319370295035,"[0.019627740278422172, 0.03261835347157783]",1.0,0.053955078125,0.05078125,0.0,0.05078125,0.05078125,0.0,1.9439252336448598,0.0,1.0,1.0,1,0.05078125,,,,True
C-four-year-growth-then-plateau,c10-eclip,1.0,public-lock-budget-1R,25,652,4096,9.249755859375,9.2880859375,0.038330078125,0.004548274390965697,"[0.02941546031870723, 0.04724469593129277]",0.004143901602132657,0.038330078125,0.004548274390965697,"[0.02941546031870723, 0.04724469593129277]",1.0,0.062744140625,0.05908203125,0.0,0.05908203125,0.05908203125,0.0,1.5414012738853504,0.0,1.0,1.0,1,0.05908203125,,,,True
C-four-year-growth-then-plateau,c10-eclip,1.0,public-lock-budget-1R,50,1304,4096,11.091552734375,11.1298828125,0.038330078125,0.004985994780643919,"[0.028557528354937918, 0.04810262789506208]",0.0034557900992714225,0.038330078125,0.004985994780643919,"[0.028557528354937918, 0.04810262789506208]",1.0,0.064208984375,0.060546875,0.0,0.060546875,0.060546875,0.0,1.5796178343949046,0.0,1.0,1.0,1,0.060546875,,,,True
C-four-year-growth-then-plateau,c10-eclip,1.0,public-lock-budget-1R,100,2609,4096,12.905517578125,12.944580078125,0.0390625,0.005348112874384297,"[0.02858019876620678, 0.04954480123379322]",0.003026806151983504,0.0390625,0.005348112874384297,"[0.02858019876620678, 0.04954480123379322]",1.0,0.06494140625,0.061279296875,0.0,0.061279296875,0.061279296875,0.0,1.56875,0.0,1.0,1.0,1,0.061279296875,,,,True
C-four-year-growth-then-plateau,c10-unclipped,0.01,public-lock,1,26,4096,0.386474609375,0.386474609375,0.0,0.0,"[0.0, 0.0]",0.0,0.0,0.0,"[0.0, 0.0]",,0.0,0.0,0.0,0.0,0.0,0.0,,0.0,0.01,1.0,,,,,,
C-four-year-growth-then-plateau,c10-unclipped,0.01,public-lock,4,104,4096,1.92236328125,1.92236328125,0.0,0.0,"[0.0, 0.0]",0.0,0.0,0.0,"[0.0, 0.0]",,0.0,0.0,0.0,0.0,0.0,0.0,,0.0,0.01,1.0,,,,,,
C-four-year-growth-then-plateau,c10-unclipped,0.01,public-lock,10,261,4096,4.123046875,4.123046875,0.0,0.0,"[0.0, 0.0]",0.0,0.0,0.0,"[0.0, 0.0]",,0.0,0.0,0.0,0.0,0.0,0.0,,0.0,0.01,1.0,,,,,,
C-four-year-growth-then-plateau,c10-unclipped,0.01,public-lock,25,652,4096,6.213623046875,6.213623046875,0.0,0.0,"[0.0, 0.0]",0.0,0.0,0.0,"[0.0, 0.0]",,0.0,0.0,0.0,0.0,0.0,0.0,,0.0,0.01,1.0,,,,,,
C-four-year-growth-then-plateau,c10-unclipped,0.01,public-lock,50,1304,4096,7.669189453125,7.669189453125,0.0,0.0,"[0.0, 0.0]",0.0,0.0,0.0,"[0.0, 0.0]",,0.0,0.0,0.0,0.0,0.0,0.0,,0.0,0.01,1.0,,,,,,
C-four-year-growth-then-plateau,c10-unclipped,0.01,public-lock,100,2609,4096,9.1005859375,9.1005859375,0.0,0.0,"[0.0, 0.0]",0.0,0.0,0.0,"[0.0, 0.0]",,0.0,0.0,0.0,0.0,0.0,0.0,,0.0,0.01,1.0,,,,,,
C-four-year-growth-then-plateau,c10-unclipped,0.01,public-lock-budget-1R,1,26,4096,0.386474609375,0.386474609375,0.0,0.0,"[0.0, 0.0]",0.0,0.0,0.0,"[0.0, 0.0]",,0.0,0.0,0.0,0.0,0.0,0.0,,0.0,0.01,1.0,1,0.0,,,,True
C-four-year-growth-then-plateau,c10-unclipped,0.01,public-lock-budget-1R,4,104,4096,1.92236328125,1.92236328125,0.0,0.0,"[0.0, 0.0]",0.0,0.0,0.0,"[0.0, 0.0]",,0.0,0.0,0.0,0.0,0.0,0.0,,0.0,0.01,1.0,1,0.0,,,,True
C-four-year-growth-then-plateau,c10-unclipped,0.01,public-lock-budget-1R,10,261,4096,4.123046875,4.123046875,0.0,0.0,"[0.0, 0.0]",0.0,0.0,0.0,"[0.0, 0.0]",,0.0,0.0,0.0,0.0,0.0,0.0,,0.0,0.01,1.0,1,0.0,,,,True
C-four-year-growth-then-plateau,c10-unclipped,0.01,public-lock-budget-1R,25,652,4096,6.213623046875,6.213623046875,0.0,0.0,"[0.0, 0.0]",0.0,0.0,0.0,"[0.0, 0.0]",,0.0,0.0,0.0,0.0,0.0,0.0,,0.0,0.01,1.0,1,0.0,,,,True
C-four-year-growth-then-plateau,c10-unclipped,0.01,public-lock-budget-1R,50,1304,4096,7.669189453125,7.669189453125,0.0,0.0,"[0.0, 0.0]",0.0,0.0,0.0,"[0.0, 0.0]",,0.0,0.0,0.0,0.0,0.0,0.0,,0.0,0.01,1.0,1,0.0,,,,True
C-four-year-growth-then-plateau,c10-unclipped,0.01,public-lock-budget-1R,100,2609,4096,9.1005859375,9.1005859375,0.0,0.0,"[0.0, 0.0]",0.0,0.0,0.0,"[0.0, 0.0]",,0.0,0.0,0.0,0.0,0.0,0.0,,0.0,0.01,1.0,1,0.0,,,,True
C-four-year-growth-then-plateau,c10-unclipped,0.1,public-lock,1,26,4096,0.38818359375,0.38818359375,0.0,0.0,"[0.0, 0.0]",0.0,-0.000244140625,0.000244140625,"[-0.00072265625, 0.000234375]",,0.00048828125,0.00048828125,0.000439453125,0.00048828125,4.8828125e-05,0.0,,0.0,0.1,1.0,,,,,,
C-four-year-growth-then-plateau,c10-unclipped,0.1,public-lock,4,104,4096,1.922119140625,1.92236328125,0.000244140625,0.000244140625,"[-0.000234375, 0.00072265625]",0.00012701638511367967,-0.001220703125,0.0005456483432585137,"[-0.0022901738777866866, -0.00015123237221331318]",-5.0,0.001708984375,0.001708984375,0.0015380859375,0.001708984375,0.00017089843750000002,0.0,7.0,0.0,0.1,1.0,,,,,,
C-four-year-growth-then-plateau,c10-unclipped,0.1,public-lock,10,261,4096,4.149658203125,4.151611328125,0.001953125,0.0007715312387960625,"[0.0004409237719597177, 0.0034653262280402823]",0.0004706712949344002,-0.00244140625,0.000771191581619665,"[-0.003952941749974543, -0.0009298707500254566]",-1.25,0.003173828125,0.003173828125,0.0028564453125000003,0.003173828125,0.0003173828125,0.0,1.625,0.0,0.1,1.0,,,,,,
C-four-year-growth-then-plateau,c10-unclipped,0.1,public-lock,25,652,4096,6.210693359375,6.213134765625,0.00244140625,0.0009128051580363914,"[0.0006523081402486728, 0.004230504359751327]",0.00039309721294076026,-0.002197265625,0.0007317060948387837,"[-0.0036314095708840158, -0.000763121679115984]",-0.9,0.00341796875,0.00341796875,0.003076171875,0.00341796875,0.00034179687500000003,0.0,1.4,0.0,0.1,1.0,,,,,,
C-four-year-growth-then-plateau,c10-unclipped,0.1,public-lock,50,1304,4096,7.6904296875,7.692138671875,0.001708984375,0.00087996385448661,"[-1.5744779793755654e-05, 0.0034337135297937554]",0.00022222222222222223,-0.00244140625,0.000771191581619665,"[-0.003952941749974543, -0.0009298707500254566]",-1.4285714285714286,0.003662109375,0.003662109375,0.0032958984375,0.003662109375,0.0003662109375,0.0,2.142857142857143,0.0,0.1,1.0,,,,,,
C-four-year-growth-then-plateau,c10-unclipped,0.1,public-lock,100,2609,4096,9.12646484375,9.128662109375,0.002197265625,0.0014022320118600305,"[-0.0005511091182456599, 0.00494564036824566]",0.00024075758386389172,-0.002685546875,0.0008793681774141246,"[-0.0044091085027316845, -0.0009619852472683159]",-1.2222222222222223,0.003662109375,0.003662109375,0.0032958984375,0.003662109375,0.0003662109375,0.0,1.6666666666666667,0.0,0.1,1.0,,,,,,
C-four-year-growth-then-plateau,c10-unclipped,0.1,public-lock-budget-1R,1,26,4096,0.38818359375,0.38818359375,0.0,0.0,"[0.0, 0.0]",0.0,-0.000244140625,0.000244140625,"[-0.00072265625, 0.000234375]",,0.00048828125,0.00048828125,0.000439453125,0.00048828125,4.8828125e-05,0.0,,0.0,0.1,1.0,1,0.00048828125,,,,True
C-four-year-growth-then-plateau,c10-unclipped,0.1,public-lock-budget-1R,4,104,4096,1.922119140625,1.92236328125,0.000244140625,0.000244140625,"[-0.000234375, 0.00072265625]",0.00012701638511367967,-0.001220703125,0.0005456483432585137,"[-0.0022901738777866866, -0.00015123237221331318]",-5.0,0.001708984375,0.001708984375,0.0015380859375,0.001708984375,0.00017089843750000002,0.0,7.0,0.0,0.1,1.0,1,0.001708984375,,,,True
C-four-year-growth-then-plateau,c10-unclipped,0.1,public-lock-budget-1R,10,261,4096,4.149658203125,4.151611328125,0.001953125,0.0007715312387960625,"[0.0004409237719597177, 0.0034653262280402823]",0.0004706712949344002,-0.00244140625,0.000771191581619665,"[-0.003952941749974543, -0.0009298707500254566]",-1.25,0.003173828125,0.003173828125,0.0028564453125000003,0.003173828125,0.0003173828125,0.0,1.625,0.0,0.1,1.0,1,0.003173828125,,,,True
C-four-year-growth-then-plateau,c10-unclipped,0.1,public-lock-budget-1R,25,652,4096,6.210693359375,6.213134765625,0.00244140625,0.0009128051580363914,"[0.0006523081402486728, 0.004230504359751327]",0.00039309721294076026,-0.002197265625,0.0007317060948387837,"[-0.0036314095708840158, -0.000763121679115984]",-0.9,0.00341796875,0.00341796875,0.003076171875,0.00341796875,0.00034179687500000003,0.0,1.4,0.0,0.1,1.0,1,0.00341796875,,,,True
C-four-year-growth-then-plateau,c10-unclipped,0.1,public-lock-budget-1R,50,1304,4096,7.6904296875,7.692138671875,0.001708984375,0.00087996385448661,"[-1.5744779793755654e-05, 0.0034337135297937554]",0.00022222222222222223,-0.00244140625,0.000771191581619665,"[-0.003952941749974543, -0.0009298707500254566]",-1.4285714285714286,0.003662109375,0.003662109375,0.0032958984375,0.003662109375,0.0003662109375,0.0,2.142857142857143,0.0,0.1,1.0,1,0.003662109375,,,,True
C-four-year-growth-then-plateau,c10-unclipped,0.1,public-lock-budget-1R,100,2609,4096,9.12646484375,9.128662109375,0.002197265625,0.0014022320118600305,"[-0.0005511091182456599, 0.00494564036824566]",0.00024075758386389172,-0.002685546875,0.0008793681774141246,"[-0.0044091085027316845, -0.0009619852472683159]",-1.2222222222222223,0.003662109375,0.003662109375,0.0032958984375,0.003662109375,0.0003662109375,0.0,1.6666666666666667,0.0,0.1,1.0,1,0.003662109375,,,,True
C-four-year-growth-then-plateau,c10-unclipped,0.2,public-lock,1,26,4096,0.4013671875,0.4013671875,0.0,0.0,"[0.0, 0.0]",0.0,-0.000244140625,0.000244140625,"[-0.00072265625, 0.000234375]",,0.000244140625,0.000244140625,0.0001953125,0.000244140625,4.8828125e-05,0.0,,0.0,0.2,1.0,,,,,,
C-four-year-growth-then-plateau,c10-unclipped,0.2,public-lock,4,104,4096,1.941162109375,1.941162109375,0.0,0.0,"[0.0, 0.0]",0.0,-0.001220703125,0.0005456483432585137,"[-0.0022901738777866866, -0.00015123237221331318]",,0.00146484375,0.00146484375,0.0011718750000000002,0.00146484375,0.00029296875000000004,0.0,,0.0,0.2,1.0,,,,,,
C-four-year-growth-then-plateau,c10-unclipped,0.2,public-lock,10,261,4096,4.102783203125,4.10400390625,0.001220703125,0.0005456483432585137,"[0.00015123237221331318, 0.0022901738777866866]",0.0002975304968759298,-0.00244140625,0.000771191581619665,"[-0.003952941749974543, -0.0009298707500254566]",-2.0,0.00341796875,0.00341796875,0.0027343750000000003,0.00341796875,0.0006835937500000001,0.0,2.8,0.0,0.2,1.0,,,,,,
C-four-year-growth-then-plateau,c10-unclipped,0.2,public-lock,25,652,4096,6.16064453125,6.163818359375,0.003173828125,0.001219844306408068,"[0.0007829332844401867, 0.005564722965559814]",0.0005151779345327732,-0.002197265625,0.0007317060948387837,"[-0.0036314095708840158, -0.000763121679115984]",-0.6923076923076923,0.00390625,0.00390625,0.003125,0.00390625,0.00078125,0.0,1.2307692307692308,0.0,0.2,1.0,,,,,,
C-four-year-growth-then-plateau,c10-unclipped,0.2,public-lock,50,1304,4096,7.60595703125,7.610107421875,0.004150390625,0.0015234639080194284,"[0.0011644013652819204, 0.00713637988471808]",0.0005456763176478141,-0.00244140625,0.0009128051580363914,"[-0.004230504359751327, -0.0006523081402486728]",-0.5882352941176471,0.0048828125,0.0048828125,0.00390625,0.0048828125,0.0009765625,0.0,1.1764705882352942,0.0,0.2,1.0,,,,,,
C-four-year-growth-then-plateau,c10-unclipped,0.2,public-lock,100,2609,4096,9.048583984375,9.052001953125,0.00341796875,0.001422743805615095,"[0.0006293908909944137, 0.006206546609005586]",0.00037773520761945876,-0.00244140625,0.0009128051580363914,"[-0.004230504359751327, -0.0006523081402486728]",-0.7142857142857143,0.0048828125,0.0048828125,0.00390625,0.0048828125,0.0009765625,0.0,1.4285714285714286,0.0,0.2,1.0,,,,,,
C-four-year-growth-then-plateau,c10-unclipped,0.2,public-lock-budget-1R,1,26,4096,0.4013671875,0.4013671875,0.0,0.0,"[0.0, 0.0]",0.0,-0.000244140625,0.000244140625,"[-0.00072265625, 0.000234375]",,0.000244140625,0.000244140625,0.0001953125,0.000244140625,4.8828125e-05,0.0,,0.0,0.2,1.0,1,0.000244140625,,,,True
C-four-year-growth-then-plateau,c10-unclipped,0.2,public-lock-budget-1R,4,104,4096,1.941162109375,1.941162109375,0.0,0.0,"[0.0, 0.0]",0.0,-0.001220703125,0.0005456483432585137,"[-0.0022901738777866866, -0.00015123237221331318]",,0.00146484375,0.00146484375,0.0011718750000000002,0.00146484375,0.00029296875000000004,0.0,,0.0,0.2,1.0,1,0.00146484375,,,,True
C-four-year-growth-then-plateau,c10-unclipped,0.2,public-lock-budget-1R,10,261,4096,4.102783203125,4.10400390625,0.001220703125,0.0005456483432585137,"[0.00015123237221331318, 0.0022901738777866866]",0.0002975304968759298,-0.00244140625,0.000771191581619665,"[-0.003952941749974543, -0.0009298707500254566]",-2.0,0.00341796875,0.00341796875,0.0027343750000000003,0.00341796875,0.0006835937500000001,0.0,2.8,0.0,0.2,1.0,1,0.00341796875,,,,True
C-four-year-growth-then-plateau,c10-unclipped,0.2,public-lock-budget-1R,25,652,4096,6.16064453125,6.163818359375,0.003173828125,0.001219844306408068,"[0.0007829332844401867, 0.005564722965559814]",0.0005151779345327732,-0.002197265625,0.0007317060948387837,"[-0.0036314095708840158, -0.000763121679115984]",-0.6923076923076923,0.00390625,0.00390625,0.003125,0.00390625,0.00078125,0.0,1.2307692307692308,0.0,0.2,1.0,1,0.00390625,,,,True
C-four-year-growth-then-plateau,c10-unclipped,0.2,public-lock-budget-1R,50,1304,4096,7.60595703125,7.610107421875,0.004150390625,0.0015234639080194284,"[0.0011644013652819204, 0.00713637988471808]",0.0005456763176478141,-0.00244140625,0.0009128051580363914,"[-0.004230504359751327, -0.0006523081402486728]",-0.5882352941176471,0.0048828125,0.0048828125,0.00390625,0.0048828125,0.0009765625,0.0,1.1764705882352942,0.0,0.2,1.0,1,0.0048828125,,,,True
C-four-year-growth-then-plateau,c10-unclipped,0.2,public-lock-budget-1R,100,2609,4096,9.048583984375,9.052001953125,0.00341796875,0.001422743805615095,"[0.0006293908909944137, 0.006206546609005586]",0.00037773520761945876,-0.00244140625,0.0009128051580363914,"[-0.004230504359751327, -0.0006523081402486728]",-0.7142857142857143,0.0048828125,0.0048828125,0.00390625,0.0048828125,0.0009765625,0.0,1.4285714285714286,0.0,0.2,1.0,1,0.0048828125,,,,True
C-four-year-growth-then-plateau,c10-unclipped,0.3,public-lock,1,26,4096,0.374755859375,0.374755859375,0.0,0.0,"[0.0, 0.0]",0.0,0.0,0.0,"[0.0, 0.0]",,0.000244140625,0.000244140625,0.0001708984375,0.000244140625,7.32421875e-05,0.0,,0.0,0.3,1.0,,,,,,
C-four-year-growth-then-plateau,c10-unclipped,0.3,public-lock,4,104,4096,1.92626953125,1.927001953125,0.000732421875,0.00042276069059612694,"[-9.618907856840883e-05, 0.0015610328285684087]",0.00038022813688212925,-0.000732421875,0.0006459128443452066,"[-0.001998411049916605, 0.000533567299916605]",-1.0,0.002197265625,0.002197265625,0.0015380859375,0.002197265625,0.0006591796874999999,0.0,3.0,0.0,0.3,1.0,,,,,,
C-four-year-growth-then-plateau,c10-unclipped,0.3,public-lock,10,261,4096,4.13818359375,4.140380859375,0.002197265625,0.000809093449307695,"[0.000611442464356918, 0.0037830887856430823]",0.0005309734513274337,-0.002197265625,0.0008796991589179929,"[-0.003921475976479266, -0.00047305527352073406]",-1.0,0.00439453125,0.00439453125,0.003076171875,0.00439453125,0.0013183593749999999,0.0,2.0,0.0,0.3,1.0,,,,,,
C-four-year-growth-then-plateau,c10-unclipped,0.3,public-lock,25,652,4096,6.26611328125,6.269287109375,0.003173828125,0.0012677770041945788,"[0.0006889851967786255, 0.005658671053221374]",0.0005065066625107146,-0.001953125,0.001144854076015188,"[-0.004197038988989769, 0.0002907889889897683]",-0.6153846153846154,0.005126953125,0.005126953125,0.0035888671875,0.005126953125,0.0015380859375,0.0,1.6153846153846154,0.0,0.3,1.0,,,,,,
C-four-year-growth-then-plateau,c10-unclipped,0.3,public-lock,50,1304,4096,7.71435546875,7.717529296875,0.003173828125,0.0014436800664683928,"[0.0003442151947219501, 0.0060034410552780495]",0.00041141844420532946,-0.002685546875,0.0012680525205477266,"[-0.005170929815273544, -0.0002001639347264557]",-0.8461538461538461,0.005859375,0.005859375,0.004101562499999999,0.005859375,0.0017578124999999998,0.0,1.8461538461538463,0.0,0.3,1.0,,,,,,
C-four-year-growth-then-plateau,c10-unclipped,0.3,public-lock,100,2609,4096,9.13525390625,9.138671875,0.00341796875,0.0015433454369911243,"[0.00039301169349739663, 0.006442925806502603]",0.0003741514778983377,-0.002685546875,0.0014439220189542941,"[-0.005515634032150416, 0.0001445402821504166]",-0.7857142857142857,0.005859375,0.005859375,0.004101562499999999,0.005859375,0.0017578124999999998,0.0,1.7142857142857142,0.0,0.3,1.0,,,,,,
C-four-year-growth-then-plateau,c10-unclipped,0.3,public-lock-budget-1R,1,26,4096,0.374755859375,0.374755859375,0.0,0.0,"[0.0, 0.0]",0.0,0.0,0.0,"[0.0, 0.0]",,0.000244140625,0.000244140625,0.0001708984375,0.000244140625,7.32421875e-05,0.0,,0.0,0.3,1.0,1,0.000244140625,,,,True
C-four-year-growth-then-plateau,c10-unclipped,0.3,public-lock-budget-1R,4,104,4096,1.92626953125,1.927001953125,0.000732421875,0.00042276069059612694,"[-9.618907856840883e-05, 0.0015610328285684087]",0.00038022813688212925,-0.000732421875,0.0006459128443452066,"[-0.001998411049916605, 0.000533567299916605]",-1.0,0.002197265625,0.002197265625,0.0015380859375,0.002197265625,0.0006591796874999999,0.0,3.0,0.0,0.3,1.0,1,0.002197265625,,,,True
C-four-year-growth-then-plateau,c10-unclipped,0.3,public-lock-budget-1R,10,261,4096,4.13818359375,4.140380859375,0.002197265625,0.000809093449307695,"[0.000611442464356918, 0.0037830887856430823]",0.0005309734513274337,-0.002197265625,0.0008796991589179929,"[-0.003921475976479266, -0.00047305527352073406]",-1.0,0.00439453125,0.00439453125,0.003076171875,0.00439453125,0.0013183593749999999,0.0,2.0,0.0,0.3,1.0,1,0.00439453125,,,,True
C-four-year-growth-then-plateau,c10-unclipped,0.3,public-lock-budget-1R,25,652,4096,6.26611328125,6.269287109375,0.003173828125,0.0012677770041945788,"[0.0006889851967786255, 0.005658671053221374]",0.0005065066625107146,-0.001953125,0.001144854076015188,"[-0.004197038988989769, 0.0002907889889897683]",-0.6153846153846154,0.005126953125,0.005126953125,0.0035888671875,0.005126953125,0.0015380859375,0.0,1.6153846153846154,0.0,0.3,1.0,1,0.005126953125,,,,True
C-four-year-growth-then-plateau,c10-unclipped,0.3,public-lock-budget-1R,50,1304,4096,7.71435546875,7.717529296875,0.003173828125,0.0014436800664683928,"[0.0003442151947219501, 0.0060034410552780495]",0.00041141844420532946,-0.002685546875,0.0012680525205477266,"[-0.005170929815273544, -0.0002001639347264557]",-0.8461538461538461,0.005859375,0.005859375,0.004101562499999999,0.005859375,0.0017578124999999998,0.0,1.8461538461538463,0.0,0.3,1.0,1,0.005859375,,,,True
C-four-year-growth-then-plateau,c10-unclipped,0.3,public-lock-budget-1R,100,2609,4096,9.13525390625,9.138671875,0.00341796875,0.0015433454369911243,"[0.00039301169349739663, 0.006442925806502603]",0.0003741514778983377,-0.002685546875,0.0014439220189542941,"[-0.005515634032150416, 0.0001445402821504166]",-0.7857142857142857,0.005859375,0.005859375,0.004101562499999999,0.005859375,0.0017578124999999998,0.0,1.7142857142857142,0.0,0.3,1.0,1,0.005859375,,,,True
C-four-year-growth-then-plateau,c10-unclipped,0.5,public-lock,1,26,4096,0.383056640625,0.383056640625,0.0,0.0,"[0.0, 0.0]",0.0,-0.000244140625,0.000244140625,"[-0.00072265625, 0.000234375]",,0.00146484375,0.00146484375,0.000732421875,0.00146484375,0.000732421875,0.0,,0.0,0.5,1.0,,,,,,
C-four-year-growth-then-plateau,c10-unclipped,0.5,public-lock,4,104,4096,1.909912109375,1.91064453125,0.000732421875,0.0005458617059308288,"[-0.00033746706862442443, 0.0018023108186244244]",0.0003834845967020325,-0.002197265625,0.0008796991589179929,"[-0.003921475976479266, -0.00047305527352073406]",-3.0,0.00439453125,0.00439453125,0.002197265625,0.00439453125,0.002197265625,0.0,6.0,0.0,0.5,1.0,,,,,,
C-four-year-growth-then-plateau,c10-unclipped,0.5,public-lock,10,261,4096,4.081298828125,4.084716796875,0.00341796875,0.0012438835694961652,"[0.0009799569537875161, 0.0058559805462124834]",0.0008374708380690315,-0.0029296875,0.0012441877747513118,"[-0.005368295538512572, -0.0004910794614874287]",-0.8571428571428571,0.008544921875,0.008544921875,0.0042724609375,0.008544921875,0.0042724609375,0.0,2.5,0.0,0.5,1.0,,,,,,
C-four-year-growth-then-plateau,c10-unclipped,0.5,public-lock,25,652,4096,6.16796875,6.17626953125,0.00830078125,0.0019182190420273947,"[0.004541071927626306, 0.012060490572373694]",0.0013457884737175427,-0.0009765625,0.0014649431119638247,"[-0.0038478509994490963, 0.0018947259994490963]",-0.11764705882352941,0.010986328125,0.010986328125,0.0054931640625,0.010986328125,0.0054931640625,0.0,1.3235294117647058,0.0,0.5,1.0,,,,,,
C-four-year-growth-then-plateau,c10-unclipped,0.5,public-lock,50,1304,4096,7.633544921875,7.645263671875,0.01171875,0.002841597338307078,"[0.006149219216918127, 0.017288280783081873]",0.0015351648703105512,0.0,0.0017942789117600456,"[-0.0035167866670496894, 0.0035167866670496894]",0.0,0.011962890625,0.011962890625,0.0059814453125,0.011962890625,0.0059814453125,0.0,1.0208333333333333,0.0,0.5,1.0,,,,,,
C-four-year-growth-then-plateau,c10-unclipped,0.5,public-lock,100,2609,4096,9.04931640625,9.062255859375,0.012939453125,0.0032051888135272814,"[0.006657283050486528, 0.019221623199513472]",0.0014298818324070576,0.0,0.0018595466152166269,"[-0.0036447113658245886, 0.0036447113658245886]",0.0,0.011962890625,0.011962890625,0.0059814453125,0.011962890625,0.0059814453125,0.0,0.9245283018867925,0.0,0.5,1.0,,,,,,
C-four-year-growth-then-plateau,c10-unclipped,0.5,public-lock-budget-1R,1,26,4096,0.383056640625,0.383056640625,0.0,0.0,"[0.0, 0.0]",0.0,-0.000244140625,0.000244140625,"[-0.00072265625, 0.000234375]",,0.00146484375,0.00146484375,0.000732421875,0.00146484375,0.000732421875,0.0,,0.0,0.5,1.0,1,0.00146484375,,,,True
C-four-year-growth-then-plateau,c10-unclipped,0.5,public-lock-budget-1R,4,104,4096,1.909912109375,1.91064453125,0.000732421875,0.0005458617059308288,"[-0.00033746706862442443, 0.0018023108186244244]",0.0003834845967020325,-0.002197265625,0.0008796991589179929,"[-0.003921475976479266, -0.00047305527352073406]",-3.0,0.00439453125,0.00439453125,0.002197265625,0.00439453125,0.002197265625,0.0,6.0,0.0,0.5,1.0,1,0.00439453125,,,,True
C-four-year-growth-then-plateau,c10-unclipped,0.5,public-lock-budget-1R,10,261,4096,4.081298828125,4.084716796875,0.00341796875,0.0012438835694961652,"[0.0009799569537875161, 0.0058559805462124834]",0.0008374708380690315,-0.0029296875,0.0012441877747513118,"[-0.005368295538512572, -0.0004910794614874287]",-0.8571428571428571,0.008544921875,0.008544921875,0.0042724609375,0.008544921875,0.0042724609375,0.0,2.5,0.0,0.5,1.0,1,0.008544921875,,,,True
C-four-year-growth-then-plateau,c10-unclipped,0.5,public-lock-budget-1R,25,652,4096,6.16796875,6.17626953125,0.00830078125,0.0019182190420273947,"[0.004541071927626306, 0.012060490572373694]",0.0013457884737175427,-0.0009765625,0.0014649431119638247,"[-0.0038478509994490963, 0.0018947259994490963]",-0.11764705882352941,0.010986328125,0.010986328125,0.0054931640625,0.010986328125,0.0054931640625,0.0,1.3235294117647058,0.0,0.5,1.0,1,0.010986328125,,,,True
C-four-year-growth-then-plateau,c10-unclipped,0.5,public-lock-budget-1R,50,1304,4096,7.633544921875,7.645263671875,0.01171875,0.002841597338307078,"[0.006149219216918127, 0.017288280783081873]",0.0015351648703105512,0.0,0.0017942789117600456,"[-0.0035167866670496894, 0.0035167866670496894]",0.0,0.011962890625,0.011962890625,0.0059814453125,0.011962890625,0.0059814453125,0.0,1.0208333333333333,0.0,0.5,1.0,1,0.011962890625,,,,True
C-four-year-growth-then-plateau,c10-unclipped,0.5,public-lock-budget-1R,100,2609,4096,9.04931640625,9.062255859375,0.012939453125,0.0032051888135272814,"[0.006657283050486528, 0.019221623199513472]",0.0014298818324070576,0.0,0.0018595466152166269,"[-0.0036447113658245886, 0.0036447113658245886]",0.0,0.011962890625,0.011962890625,0.0059814453125,0.011962890625,0.0059814453125,0.0,0.9245283018867925,0.0,0.5,1.0,1,0.011962890625,,,,True
C-four-year-growth-then-plateau,c10-unclipped,1.0,public-lock,1,26,4096,0.389892578125,0.389892578125,0.0,0.0,"[0.0, 0.0]",0.0,0.0,0.0,"[0.0, 0.0]",,0.0009765625,0.0009765625,0.0,0.0009765625,0.0009765625,0.0,,0.0,1.0,1.0,,,,,,
C-four-year-growth-then-plateau,c10-unclipped,1.0,public-lock,4,104,4096,1.929443359375,1.93212890625,0.002685546875,0.0008793681774141246,"[0.0009619852472683159, 0.0044091085027316845]",0.0013918765025939517,0.002685546875,0.0008793681774141246,"[0.0009619852472683159, 0.0044091085027316845]",1.0,0.009765625,0.009765625,0.0,0.009765625,0.009765625,0.0,3.6363636363636362,0.0,1.0,1.0,,,,,,
C-four-year-growth-then-plateau,c10-unclipped,1.0,public-lock,10,261,4096,4.133056640625,4.14501953125,0.011962890625,0.0022166294096345298,"[0.0076182969821163215, 0.016307484267883678]",0.002894441490932719,0.011962890625,0.0022166294096345298,"[0.0076182969821163215, 0.016307484267883678]",1.0,0.019287109375,0.019287109375,0.0,0.019287109375,0.019287109375,0.0,1.6122448979591837,0.0,1.0,1.0,,,,,,
C-four-year-growth-then-plateau,c10-unclipped,1.0,public-lock,25,652,4096,6.213623046875,6.231689453125,0.01806640625,0.003152192870657531,"[0.011888108223511239, 0.02424470427648876]",0.0029075478370201562,0.01806640625,0.003152192870657531,"[0.011888108223511239, 0.02424470427648876]",1.0,0.023193359375,0.023193359375,0.0,0.023193359375,0.023193359375,0.0,1.2837837837837838,0.0,1.0,1.0,,,,,,
C-four-year-growth-then-plateau,c10-unclipped,1.0,public-lock,50,1304,4096,7.657958984375,7.6826171875,0.024658203125,0.0041902770952767015,"[0.016445260018257666, 0.03287114623174234]",0.003219944527688335,0.024658203125,0.0041902770952767015,"[0.016445260018257666, 0.03287114623174234]",1.0,0.024169921875,0.024169921875,0.0,0.024169921875,0.024169921875,0.0,0.9801980198019802,0.0,1.0,1.0,,,,,,
C-four-year-growth-then-plateau,c10-unclipped,1.0,public-lock,100,2609,4096,9.07275390625,9.100341796875,0.027587890625,0.004894886854429944,"[0.01799391239031731, 0.03718186885968269]",0.0030407405414132715,0.027587890625,0.004894886854429944,"[0.01799391239031731, 0.03718186885968269]",1.0,0.02490234375,0.02490234375,0.0,0.02490234375,0.02490234375,0.0,0.9026548672566371,0.0,1.0,1.0,,,,,,
C-four-year-growth-then-plateau,c10-unclipped,1.0,public-lock-budget-1R,1,26,4096,0.389892578125,0.389892578125,0.0,0.0,"[0.0, 0.0]",0.0,0.0,0.0,"[0.0, 0.0]",,0.0009765625,0.0009765625,0.0,0.0009765625,0.0009765625,0.0,,0.0,1.0,1.0,1,0.0009765625,,,,True
C-four-year-growth-then-plateau,c10-unclipped,1.0,public-lock-budget-1R,4,104,4096,1.929443359375,1.93212890625,0.002685546875,0.0008793681774141246,"[0.0009619852472683159, 0.0044091085027316845]",0.0013918765025939517,0.002685546875,0.0008793681774141246,"[0.0009619852472683159, 0.0044091085027316845]",1.0,0.009765625,0.009765625,0.0,0.009765625,0.009765625,0.0,3.6363636363636362,0.0,1.0,1.0,1,0.009765625,,,,True
C-four-year-growth-then-plateau,c10-unclipped,1.0,public-lock-budget-1R,10,261,4096,4.133056640625,4.144775390625,0.01171875,0.002203460600938228,"[0.007399967222161073, 0.016037532777838925]",0.002835371256423888,0.01171875,0.002203460600938228,"[0.007399967222161073, 0.016037532777838925]",1.0,0.019287109375,0.0185546875,0.0,0.0185546875,0.0185546875,0.0,1.5833333333333333,0.0,1.0,1.0,1,0.0185546875,,,,True
C-four-year-growth-then-plateau,c10-unclipped,1.0,public-lock-budget-1R,25,652,4096,6.213623046875,6.230712890625,0.01708984375,0.0030769709523986253,"[0.011058980683298695, 0.023120706816701305]",0.0027503830890731207,0.01708984375,0.0030769709523986253,"[0.011058980683298695, 0.023120706816701305]",1.0,0.023193359375,0.0224609375,0.0,0.0224609375,0.0224609375,0.0,1.3142857142857143,0.0,1.0,1.0,1,0.0224609375,,,,True
C-four-year-growth-then-plateau,c10-unclipped,1.0,public-lock-budget-1R,50,1304,4096,7.657958984375,7.681640625,0.023681640625,0.004090877810822386,"[0.015663520115788122, 0.03169976113421188]",0.0030924219721363217,0.023681640625,0.004090877810822386,"[0.015663520115788122, 0.03169976113421188]",1.0,0.024169921875,0.0234375,0.0,0.0234375,0.0234375,0.0,0.9896907216494846,0.0,1.0,1.0,1,0.0234375,,,,True
C-four-year-growth-then-plateau,c10-unclipped,1.0,public-lock-budget-1R,100,2609,4096,9.07275390625,9.09912109375,0.0263671875,0.00476696946765736,"[0.017023927343391573, 0.03571044765660843]",0.002906194499757817,0.0263671875,0.00476696946765736,"[0.017023927343391573, 0.03571044765660843]",1.0,0.02490234375,0.024169921875,0.0,0.024169921875,0.024169921875,0.0,0.9166666666666666,0.0,1.0,1.0,1,0.024169921875,,,,True
C-four-year-growth-then-plateau,raw-record,0.01,raw-net-creation,1,26,4096,0.14794921875,0.1474609375,-0.00048828125,0.000345224823286452,"[-0.001164921903641446, 0.00018835940364144593]",-0.0033003300330033004,-0.000732421875,0.00042276069059612694,"[-0.0015610328285684087, 9.618907856840883e-05]",,0.000732421875,0.000732421875,0.0007250976562499999,0.000732421875,7.32421875e-06,0.0,,0.0,0.01,1.0,,,,,,
C-four-year-growth-then-plateau,raw-record,0.01,raw-net-creation,4,104,4096,0.90185546875,0.900146484375,-0.001708984375,0.0006454619924811455,"[-0.0029740898802630453, -0.00044387886973695475]",-0.0018949648077964266,-0.002685546875,0.0008087335722969825,"[-0.004270664676702085, -0.0011004290732979142]",,0.002685546875,0.002685546875,0.00265869140625,0.002685546875,2.685546875e-05,0.0,,0.0,0.01,1.0,,,,,,
C-four-year-growth-then-plateau,raw-record,0.01,raw-net-creation,10,261,4096,2.083740234375,2.082275390625,-0.00146484375,0.0011450320556627483,"[-0.003709106579098987, 0.0007794190790989869]",-0.00070298769771529,-0.006591796875,0.0012645582113256764,"[-0.009070330969198325, -0.0041132627808016745]",,0.006591796875,0.006591796875,0.00652587890625,0.006591796875,6.591796875e-05,0.0,,0.0,0.01,1.0,,,,,,
C-four-year-growth-then-plateau,raw-record,0.01,raw-net-creation,25,652,4096,3.10791015625,3.109130859375,0.001220703125,0.0017774852253176036,"[-0.002263167916622503, 0.0047045741666225036]",0.00039277297721916735,-0.0107421875,0.0016109206756167072,"[-0.013899592024208745, -0.007584782975791254]",-8.8,0.0107421875,0.0107421875,0.010634765625,0.0107421875,0.000107421875,0.0,8.8,0.0,0.01,1.0,,,,,,
C-four-year-growth-then-plateau,raw-record,0.01,raw-net-creation,50,1304,4096,3.831787109375,3.8359375,0.004150390625,0.0023538009882368227,"[-0.0004630593119441728, 0.008763840561944174]",0.001083147499203568,-0.01318359375,0.001815552661485302,"[-0.016742076966511192, -0.009625110533488808]",-3.176470588235294,0.013427734375,0.013427734375,0.01329345703125,0.013427734375,0.00013427734375,0.0,3.235294117647059,0.0,0.01,1.0,,,,,,
C-four-year-growth-then-plateau,raw-record,0.01,raw-net-creation,100,2609,4096,4.532958984375,4.540771484375,0.0078125,0.00308612495518425,"[0.0017636950878388707, 0.01386130491216113]",0.0017234879086551408,-0.01611328125,0.001997674146218776,"[-0.0200287225765888, -0.0121978399234112]",-2.0625,0.0166015625,0.0166015625,0.016435546875,0.0166015625,0.000166015625,0.0,2.125,0.0,0.01,1.0,,,,,,
C-four-year-growth-then-plateau,raw-record,0.01,raw-net-creation-budget-1R,1,26,4096,0.14794921875,0.1474609375,-0.00048828125,0.000345224823286452,"[-0.001164921903641446, 0.00018835940364144593]",-0.0033003300330033004,-0.000732421875,0.00042276069059612694,"[-0.0015610328285684087, 9.618907856840883e-05]",,0.000732421875,0.000732421875,0.0007250976562499999,0.000732421875,7.32421875e-06,0.0,,0.0,0.01,1.0,1,0.000732421875,,,,True
C-four-year-growth-then-plateau,raw-record,0.01,raw-net-creation-budget-1R,4,104,4096,0.90185546875,0.900146484375,-0.001708984375,0.0006454619924811455,"[-0.0029740898802630453, -0.00044387886973695475]",-0.0018949648077964266,-0.002685546875,0.0008087335722969825,"[-0.004270664676702085, -0.0011004290732979142]",,0.002685546875,0.002685546875,0.00265869140625,0.002685546875,2.685546875e-05,0.0,,0.0,0.01,1.0,1,0.002685546875,,,,True
C-four-year-growth-then-plateau,raw-record,0.01,raw-net-creation-budget-1R,10,261,4096,2.083740234375,2.082275390625,-0.00146484375,0.0011450320556627483,"[-0.003709106579098987, 0.0007794190790989869]",-0.00070298769771529,-0.006591796875,0.0012645582113256764,"[-0.009070330969198325, -0.0041132627808016745]",,0.006591796875,0.006591796875,0.00652587890625,0.006591796875,6.591796875e-05,0.0,,0.0,0.01,1.0,1,0.006591796875,,,,True
C-four-year-growth-then-plateau,raw-record,0.01,raw-net-creation-budget-1R,25,652,4096,3.10791015625,3.109130859375,0.001220703125,0.0017774852253176036,"[-0.002263167916622503, 0.0047045741666225036]",0.00039277297721916735,-0.0107421875,0.0016109206756167072,"[-0.013899592024208745, -0.007584782975791254]",-8.8,0.0107421875,0.0107421875,0.010634765625,0.0107421875,0.000107421875,0.0,8.8,0.0,0.01,1.0,1,0.0107421875,,,,True
C-four-year-growth-then-plateau,raw-record,0.01,raw-net-creation-budget-1R,50,1304,4096,3.831787109375,3.836181640625,0.00439453125,0.002340993475123779,"[-0.0001938159612426063, 0.008982878461242606]",0.0011468620579802484,-0.012939453125,0.0017660496315382512,"[-0.016400910402814974, -0.009477995847185028]",-2.9444444444444446,0.013427734375,0.01318359375,0.0130517578125,0.01318359375,0.0001318359375,0.0,3.0,0.0,0.01,1.0,1,0.01318359375,,,,True
C-four-year-growth-then-plateau,raw-record,0.01,raw-net-creation-budget-1R,100,2609,4096,4.532958984375,4.540771484375,0.0078125,0.00308612495518425,"[0.0017636950878388707, 0.01386130491216113]",0.0017234879086551408,-0.015625,0.001938042727956382,"[-0.01942356374679451, -0.01182643625320549]",-2.0,0.0166015625,0.01611328125,0.0159521484375,0.01611328125,0.0001611328125,0.0,2.0625,0.0,0.01,1.0,1,0.01611328125,,,,True
C-four-year-growth-then-plateau,raw-record,0.1,raw-net-creation,1,26,4096,0.147705078125,0.142333984375,-0.00537109375,0.0011421810532785727,"[-0.0076097686144260025, -0.0031324188855739975]",-0.03636363636363636,-0.00537109375,0.0011421810532785727,"[-0.0076097686144260025, -0.0031324188855739975]",,0.00537109375,0.00537109375,0.004833984375,0.00537109375,0.000537109375,0.0,,0.0,0.1,1.0,,,,,,
C-four-year-growth-then-plateau,raw-record,0.1,raw-net-creation,4,104,4096,0.886474609375,0.865234375,-0.021240234375,0.0023817833823140625,"[-0.025908529804335563, -0.016571938945664437]",-0.023960341503717984,-0.030517578125,0.002710020153220845,"[-0.035829217625312854, -0.025205938624687143]",,0.03271484375,0.03271484375,0.029443359375000002,0.03271484375,0.003271484375,0.0,,0.0,0.1,1.0,,,,,,
C-four-year-growth-then-plateau,raw-record,0.1,raw-net-creation,10,261,4096,2.072265625,2.0673828125,-0.0048828125,0.00368610301919979,"[-0.012107574417631588, 0.0023419494176315876]",-0.00235626767200754,-0.067138671875,0.004001243949243537,"[-0.07498111001551733, -0.059296233734482666]",,0.07275390625,0.07275390625,0.065478515625,0.07275390625,0.007275390625,0.0,,0.0,0.1,1.0,,,,,,
C-four-year-growth-then-plateau,raw-record,0.1,raw-net-creation,25,652,4096,3.0791015625,3.115234375,0.0361328125,0.006237837026716702,"[0.023906651927635265, 0.04835897307236474]",0.011734855692990803,-0.09912109375,0.004906287766909164,"[-0.10873741777314196, -0.08950476972685804]",-2.7432432432432434,0.11328125,0.11328125,0.101953125,0.11328125,0.011328125000000001,0.0,3.135135135135135,0.0,0.1,1.0,,,,,,
C-four-year-growth-then-plateau,raw-record,0.1,raw-net-creation,50,1304,4096,3.81494140625,3.8779296875,0.06298828125,0.007993548626226426,"[0.04732092594259621, 0.07865563655740379]",0.016510943299628825,-0.116943359375,0.005410367937065805,"[-0.12754768053164897, -0.10633903821835103]",-1.8565891472868217,0.13720703125,0.13720703125,0.123486328125,0.13720703125,0.013720703125,0.0,2.1782945736434107,0.0,0.1,1.0,,,,,,
C-four-year-growth-then-plateau,raw-record,0.1,raw-net-creation,100,2609,4096,4.54052734375,4.6279296875,0.08740234375,0.00957792552063746,"[0.06862960972955058, 0.10617507777044942]",0.019249381653941283,-0.141357421875,0.005906472436545862,"[-0.15293410785062989, -0.12978073589937011]",-1.6173184357541899,0.168212890625,0.168212890625,0.1513916015625,0.168212890625,0.0168212890625,0.0,1.9245810055865922,0.0,0.1,1.0,,,,,,
C-four-year-growth-then-plateau,raw-record,0.1,raw-net-creation-budget-1R,1,26,4096,0.147705078125,0.142333984375,-0.00537109375,0.0011421810532785727,"[-0.0076097686144260025, -0.0031324188855739975]",-0.03636363636363636,-0.00537109375,0.0011421810532785727,"[-0.0076097686144260025, -0.0031324188855739975]",,0.00537109375,0.00537109375,0.004833984375,0.00537109375,0.000537109375,0.0,,0.0,0.1,1.0,1,0.00537109375,,,,True
C-four-year-growth-then-plateau,raw-record,0.1,raw-net-creation-budget-1R,4,104,4096,0.886474609375,0.865478515625,-0.02099609375,0.0023444727713579612,"[-0.025591260381861602, -0.016400927118138398]",-0.023684935279537318,-0.030029296875,0.002667011800201848,"[-0.03525664000339562, -0.024801953746604377]",,0.03271484375,0.0322265625,0.02900390625,0.0322265625,0.0032226562500000003,0.0,,0.0,0.1,1.0,1,0.0322265625,,,,True
C-four-year-growth-then-plateau,raw-record,0.1,raw-net-creation-budget-1R,10,261,4096,2.072265625,2.068603515625,-0.003662109375,0.0036457930103030384,"[-0.010807863675193955, 0.0034836449251939555]",-0.001767200754005655,-0.06494140625,0.003912259464276041,"[-0.07260943479998104, -0.05727337770001896]",,0.07275390625,0.070556640625,0.0635009765625,0.070556640625,0.0070556640625000005,0.0,,0.0,0.1,1.0,1,0.070556640625,,,,True
C-four-year-growth-then-plateau,raw-record,0.1,raw-net-creation-budget-1R,25,652,4096,3.0791015625,3.115966796875,0.036865234375,0.006183990888873417,"[0.024744612232808105, 0.048985856517191895]",0.011972724389470345,-0.093505859375,0.004704241419737646,"[-0.10272617255768579, -0.08428554619231421]",-2.5364238410596025,0.113037109375,0.10693359375,0.096240234375,0.10693359375,0.010693359375000001,0.0,2.9006622516556293,0.0,0.1,1.0,1,0.10693359375,,,,True
C-four-year-growth-then-plateau,raw-record,0.1,raw-net-creation-budget-1R,50,1304,4096,3.81494140625,3.876220703125,0.061279296875,0.007918123361636066,"[0.04575977508619331, 0.0767988186638067]",0.01606297196979393,-0.107421875,0.005067547627322849,"[-0.11735426834955279, -0.09748948165044721]",-1.752988047808765,0.13623046875,0.125732421875,0.1131591796875,0.125732421875,0.0125732421875,0.0,2.051792828685259,0.0,0.1,1.0,1,0.125732421875,,,,True
C-four-year-growth-then-plateau,raw-record,0.1,raw-net-creation-budget-1R,100,2609,4096,4.54052734375,4.623291015625,0.082763671875,0.009326361655654123,"[0.06448400302991791, 0.10104334072008209]",0.018227766426497472,-0.127197265625,0.005507276017348622,"[-0.1379915266190033, -0.1164030046309967]",-1.536873156342183,0.167236328125,0.1513671875,0.13623046875,0.1513671875,0.01513671875,0.0,1.8289085545722714,0.0,0.1,1.0,1,0.1513671875,,,,True
C-four-year-growth-then-plateau,raw-record,0.2,raw-net-creation,1,26,4096,0.1513671875,0.13916015625,-0.01220703125,0.0017159753320447133,"[-0.015570342900807638, -0.008843719599192362]",-0.08064516129032258,-0.012939453125,0.0017660496315382512,"[-0.016400910402814974, -0.009477995847185028]",,0.013427734375,0.013427734375,0.0107421875,0.013427734375,0.002685546875,0.0,,0.0,0.2,1.0,,,,,,
C-four-year-growth-then-plateau,raw-record,0.2,raw-net-creation,4,104,4096,0.907958984375,0.863037109375,-0.044921875,0.003502244837277997,"[-0.051786274881064874, -0.038057475118935126]",-0.049475665501478895,-0.064453125,0.00385282355043701,"[-0.07200465915885654, -0.05690159084114346]",,0.0693359375,0.0693359375,0.055468750000000004,0.0693359375,0.013867187500000001,0.0,,0.0,0.2,1.0,,,,,,
C-four-year-growth-then-plateau,raw-record,0.2,raw-net-creation,10,261,4096,2.055419921875,2.045654296875,-0.009765625,0.005522838199235529,"[-0.020590387870501638, 0.001059137870501636]",-0.004751158094785604,-0.135498046875,0.00560953914926795,"[-0.14649274360756517, -0.12450335014243481]",,0.165283203125,0.165283203125,0.1322265625,0.165283203125,0.033056640625,0.0,,0.0,0.2,1.0,,,,,,
C-four-year-growth-then-plateau,raw-record,0.2,raw-net-creation,25,652,4096,3.10009765625,3.16748046875,0.0673828125,0.008413796889779545,"[0.050891770596032095, 0.08387385440396791]",0.02173570641045834,-0.190673828125,0.006660456253702646,"[-0.2037283223822572, -0.1776193338677428]",-2.829710144927536,0.253173828125,0.253173828125,0.2025390625,0.253173828125,0.050634765625,0.0,3.7572463768115942,0.0,0.2,1.0,,,,,,
C-four-year-growth-then-plateau,raw-record,0.2,raw-net-creation,50,1304,4096,3.8291015625,3.954833984375,0.125732421875,0.011023552235941092,"[0.10412625949255547, 0.14733858425744453]",0.03283601122162714,-0.2236328125,0.007305358774974465,"[-0.23795131569894995, -0.20931430930105005]",-1.778640776699029,0.309814453125,0.309814453125,0.2478515625,0.309814453125,0.061962890625,0.0,2.4640776699029128,0.0,0.2,1.0,,,,,,
C-four-year-growth-then-plateau,raw-record,0.2,raw-net-creation,100,2609,4096,4.543212890625,4.73828125,0.195068359375,0.013627992447724988,"[0.16835749417745902, 0.22177922457254098]",0.04293621366005696,-0.257080078125,0.008040197853011223,"[-0.272838865916902, -0.24132129033309802]",-1.3178973717146434,0.36474609375,0.36474609375,0.291796875,0.36474609375,0.07294921875,0.0,1.869837296620776,0.0,0.2,1.0,,,,,,
C-four-year-growth-then-plateau,raw-record,0.2,raw-net-creation-budget-1R,1,26,4096,0.1513671875,0.139404296875,-0.011962890625,0.0016989388250769704,"[-0.015292810722150862, -0.008632970527849138]",-0.07903225806451612,-0.0126953125,0.0017495257714698583,"[-0.016124383012080922, -0.009266241987919078]",,0.013427734375,0.01318359375,0.010546875,0.01318359375,0.00263671875,0.0,,0.0,0.2,1.0,1,0.01318359375,,,,True
C-four-year-growth-then-plateau,raw-record,0.2,raw-net-creation-budget-1R,4,104,4096,0.907958984375,0.86474609375,-0.043212890625,0.0034647373015426856,"[-0.050003775736023666, -0.036422005513976334]",-0.047593439096531326,-0.0625,0.003782672079180015,"[-0.06991403727519283, -0.05508596272480717]",,0.0693359375,0.0673828125,0.05390625,0.0673828125,0.0134765625,0.0,,0.0,0.2,1.0,1,0.0673828125,,,,True
C-four-year-growth-then-plateau,raw-record,0.2,raw-net-creation-budget-1R,10,261,4096,2.055419921875,2.050537109375,-0.0048828125,0.005337804373448307,"[-0.01534490907195868, 0.005579284071958681]",-0.002375579047392802,-0.122802734375,0.0052891521741785215,"[-0.1331694726363899, -0.1124359961136101]",,0.1650390625,0.150634765625,0.1205078125,0.150634765625,0.030126953125,0.0,,0.0,0.2,1.0,1,0.150634765625,,,,True
C-four-year-growth-then-plateau,raw-record,0.2,raw-net-creation-budget-1R,25,652,4096,3.10009765625,3.16650390625,0.06640625,0.008229440155769785,"[0.05027654729469122, 0.08253595270530878]",0.02142069617262561,-0.161376953125,0.006100987247220137,"[-0.17333488812955147, -0.14941901812044853]",-2.4301470588235294,0.2509765625,0.216796875,0.17343750000000002,0.216796875,0.043359375000000006,0.0,3.264705882352941,0.0,0.2,1.0,1,0.216796875,,,,True
C-four-year-growth-then-plateau,raw-record,0.2,raw-net-creation-budget-1R,50,1304,4096,3.8291015625,3.9423828125,0.11328125,0.010624746089313283,"[0.09245674766494597, 0.13410575233505403]",0.02958428972200969,-0.18408203125,0.006727780088076776,"[-0.1972684802226305, -0.1708955822773695]",-1.625,0.30517578125,0.258056640625,0.2064453125,0.258056640625,0.051611328125,0.0,2.2780172413793105,0.0,0.2,1.0,1,0.258056640625,,,,True
C-four-year-growth-then-plateau,raw-record,0.2,raw-net-creation-budget-1R,100,2609,4096,4.543212890625,4.716552734375,0.17333984375,0.012908579104055073,"[0.14803902870605207, 0.19864065879394793]",0.03815358160030093,-0.204833984375,0.007280801556089858,"[-0.21910435542493611, -0.19056361332506389]",-1.1816901408450704,0.357421875,0.2939453125,0.23515625,0.2939453125,0.0587890625,0.0,1.695774647887324,0.0,0.2,1.0,1,0.2939453125,,,,True
C-four-year-growth-then-plateau,raw-record,0.3,raw-net-creation,1,26,4096,0.15576171875,0.1396484375,-0.01611328125,0.001967603515442711,"[-0.019969784140267715, -0.012256778359732287]",-0.10344827586206896,-0.016845703125,0.0020110758886345437,"[-0.020787411866723705, -0.012903994383276295]",,0.01708984375,0.01708984375,0.011962890625,0.01708984375,0.005126953125,0.0,,0.0,0.3,1.0,,,,,,
C-four-year-growth-then-plateau,raw-record,0.3,raw-net-creation,4,104,4096,0.91796875,0.855224609375,-0.062744140625,0.004048186397839869,"[-0.07067858596476614, -0.054809695285233856]",-0.06835106382978723,-0.089111328125,0.004518633395111134,"[-0.09796784957941782, -0.08025480667058218]",,0.1005859375,0.1005859375,0.07041015625,0.1005859375,0.03017578125,0.0,,0.0,0.3,1.0,,,,,,
C-four-year-growth-then-plateau,raw-record,0.3,raw-net-creation,10,261,4096,2.090087890625,2.073486328125,-0.0166015625,0.006752851464328362,"[-0.029837151370083588, -0.0033659736299164102]",-0.007942997313397968,-0.179443359375,0.006492863841727121,"[-0.19216937250478516, -0.16671734624521484]",,0.2568359375,0.2568359375,0.17978515625,0.2568359375,0.07705078124999999,0.0,,0.0,0.3,1.0,,,,,,
C-four-year-growth-then-plateau,raw-record,0.3,raw-net-creation,25,652,4096,3.10009765625,3.221923828125,0.121826171875,0.011152492843989363,"[0.09996728590078086, 0.14368505784921914]",0.039297527169633015,-0.235107421875,0.008004141987945789,"[-0.25079554017137373, -0.21941930357862627]",-1.9298597194388778,0.399658203125,0.399658203125,0.27976074218749997,0.399658203125,0.11989746093749999,0.0,3.280561122244489,0.0,0.3,1.0,,,,,,
C-four-year-growth-then-plateau,raw-record,0.3,raw-net-creation,50,1304,4096,3.83203125,4.055419921875,0.223388671875,0.014504215667779699,"[0.1949604091661518, 0.2518169345838482]",0.058295107033639146,-0.279296875,0.00904579575190381,"[-0.29702663467373147, -0.26156711532626853]",-1.2502732240437158,0.511962890625,0.511962890625,0.35837402343749997,0.511962890625,0.1535888671875,0.0,2.2918032786885245,0.0,0.3,1.0,,,,,,
C-four-year-growth-then-plateau,raw-record,0.3,raw-net-creation,100,2609,4096,4.570068359375,4.911376953125,0.34130859375,0.01763250468103136,"[0.3067488845751785, 0.3758683029248215]",0.07468347668144666,-0.306640625,0.010087695022492278,"[-0.3264125072440849, -0.2868687427559151]",-0.8984263233190272,0.60595703125,0.60595703125,0.42416992187499997,0.60595703125,0.181787109375,0.0,1.7753934191702432,0.0,0.3,1.0,,,,,,
C-four-year-growth-then-plateau,raw-record,0.3,raw-net-creation-budget-1R,1,26,4096,0.15576171875,0.139892578125,-0.015869140625,0.001952882781979598,"[-0.01969679087768001, -0.012041490372319988]",-0.10188087774294671,-0.0166015625,0.001996697555672851,"[-0.020515089709118788, -0.012688035290881212]",,0.01708984375,0.016845703125,0.0117919921875,0.016845703125,0.0050537109375,0.0,,0.0,0.3,1.0,1,0.016845703125,,,,True
C-four-year-growth-then-plateau,raw-record,0.3,raw-net-creation-budget-1R,4,104,4096,0.91796875,0.859619140625,-0.058349609375,0.003899505344504045,"[-0.06599263985022792, -0.05070657889977207]",-0.06356382978723404,-0.08349609375,0.004336650669601667,"[-0.09199592906241927, -0.07499625843758073]",,0.100341796875,0.0947265625,0.06630859374999999,0.0947265625,0.028417968749999998,0.0,,0.0,0.3,1.0,1,0.0947265625,,,,True
C-four-year-growth-then-plateau,raw-record,0.3,raw-net-creation-budget-1R,10,261,4096,2.090087890625,2.085693359375,-0.00439453125,0.0066507691742611445,"[-0.017430038831551843, 0.008640976331551843]",-0.0021025581123700504,-0.1494140625,0.006013529600876822,"[-0.16120058051771857, -0.13762754448228143]",,0.253662109375,0.218505859375,0.1529541015625,0.218505859375,0.0655517578125,0.0,,0.0,0.3,1.0,1,0.218505859375,,,,True
C-four-year-growth-then-plateau,raw-record,0.3,raw-net-creation-budget-1R,25,652,4096,3.10009765625,3.2138671875,0.11376953125,0.010768396106342412,"[0.09266347488156887, 0.13487558761843113]",0.036698692707513,-0.176513671875,0.007207705278975592,"[-0.19064077422179215, -0.16238656952820785]",-1.5515021459227467,0.38916015625,0.310791015625,0.21755371093749998,0.310791015625,0.0932373046875,0.0,2.7317596566523603,0.0,0.3,1.0,1,0.310791015625,,,,True
C-four-year-growth-then-plateau,raw-record,0.3,raw-net-creation-budget-1R,50,1304,4096,3.83203125,4.013427734375,0.181396484375,0.013289293854656338,"[0.15534946841987357, 0.20744350033012643]",0.04733690112130479,-0.200439453125,0.008194962157530563,"[-0.2165015789537599, -0.1843773272962401]",-1.1049798115746972,0.4912109375,0.37744140625,0.26420898437499996,0.37744140625,0.11323242187499999,0.0,2.0807537012113055,0.0,0.3,1.0,1,0.37744140625,,,,True
C-four-year-growth-then-plateau,raw-record,0.3,raw-net-creation-budget-1R,100,2609,4096,4.570068359375,4.83544921875,0.265380859375,0.015673632736247393,"[0.23466053921195512, 0.2961011795380449]",0.058069341310967464,-0.205078125,0.009010300460169787,"[-0.22273831390193277, -0.18741793609806723]",-0.7727690892364305,0.578369140625,0.42626953125,0.29838867187499996,0.42626953125,0.127880859375,0.0,1.6062557497700092,0.0,0.3,1.0,1,0.42626953125,,,,True
C-four-year-growth-then-plateau,raw-record,0.5,raw-net-creation,1,26,4096,0.1513671875,0.125244140625,-0.026123046875,0.0025163162091073723,"[-0.03105502664485045, -0.02119106710514955]",-0.17258064516129032,-0.02685546875,0.0025497508220910597,"[-0.03185298036129848, -0.021857957138701523]",,0.0283203125,0.0283203125,0.01416015625,0.0283203125,0.01416015625,0.0,,0.0,0.5,1.0,,,,,,
C-four-year-growth-then-plateau,raw-record,0.5,raw-net-creation,4,104,4096,0.875244140625,0.766357421875,-0.10888671875,0.005210831151490394,"[-0.11909994780692117, -0.09867348969307883]",-0.12440725244072524,-0.143798828125,0.005633422472686532,"[-0.15484033617146561, -0.13275732007853439]",,0.174560546875,0.174560546875,0.0872802734375,0.174560546875,0.0872802734375,0.0,,0.0,0.5,1.0,,,,,,
C-four-year-growth-then-plateau,raw-record,0.5,raw-net-creation,10,261,4096,2.064208984375,2.030029296875,-0.0341796875,0.008881948588886865,"[-0.051588306734218256, -0.016771068265781744]",-0.01655824955647546,-0.2490234375,0.00809820272536563,"[-0.26489591484171665, -0.23315096015828338]",,0.461669921875,0.461669921875,0.2308349609375,0.461669921875,0.2308349609375,0.0,,0.0,0.5,1.0,,,,,,
C-four-year-growth-then-plateau,raw-record,0.5,raw-net-creation,25,652,4096,3.1142578125,3.3193359375,0.205078125,0.013987650941148065,"[0.1776623291553498, 0.2324939208446502]",0.0658513640639699,-0.282470703125,0.010621221284548798,"[-0.30328829684271563, -0.26165310940728437]",-1.3773809523809524,0.755615234375,0.755615234375,0.3778076171875,0.755615234375,0.3778076171875,0.0,3.6845238095238093,0.0,0.5,1.0,,,,,,
C-four-year-growth-then-plateau,raw-record,0.5,raw-net-creation,50,1304,4096,3.835205078125,4.281982421875,0.44677734375,0.01868246489446107,"[0.4101597125568563, 0.4833949749431437]",0.11649372970908396,-0.26123046875,0.012599013091441095,"[-0.28592453440922455, -0.23653640309077545]",-0.5846994535519126,0.964111328125,0.964111328125,0.4820556640625,0.964111328125,0.4820556640625,0.0,2.1579234972677597,0.0,0.5,1.0,,,,,,
C-four-year-growth-then-plateau,raw-record,0.5,raw-net-creation,100,2609,4096,4.552978515625,5.19775390625,0.644775390625,0.02272772725296831,"[0.6002290452091821, 0.6893217360408179]",0.14161617244892488,-0.272216796875,0.014579813545926159,"[-0.3007932314250153, -0.24364036232498473]",-0.42218856493752366,1.1650390625,1.1650390625,0.58251953125,1.1650390625,0.58251953125,0.0,1.8068913290420294,0.0,0.5,1.0,,,,,,
C-four-year-growth-then-plateau,raw-record,0.5,raw-net-creation-budget-1R,1,26,4096,0.1513671875,0.126220703125,-0.025146484375,0.0024467036307144713,"[-0.029942023491200363, -0.020350945258799637]",-0.16612903225806452,-0.02587890625,0.0024811469078513558,"[-0.030741954189388656, -0.021015858310611344]",,0.0283203125,0.02734375,0.013671875,0.02734375,0.013671875,0.0,,0.0,0.5,1.0,1,0.02734375,,,,True
C-four-year-growth-then-plateau,raw-record,0.5,raw-net-creation-budget-1R,4,104,4096,0.875244140625,0.7783203125,-0.096923828125,0.004923055070284491,"[-0.1065730160627576, -0.0872746401872424]",-0.11073919107391911,-0.12890625,0.005247889510346541,"[-0.1391921134402792, -0.11862038655972078]",,0.17333984375,0.156982421875,0.0784912109375,0.156982421875,0.0784912109375,0.0,,0.0,0.5,1.0,1,0.156982421875,,,,True
C-four-year-growth-then-plateau,raw-record,0.5,raw-net-creation-budget-1R,10,261,4096,2.064208984375,2.060302734375,-0.00390625,0.008611768628090854,"[-0.020785316511058072, 0.012972816511058072]",-0.0018923713778829095,-0.1826171875,0.0073145341636802735,"[-0.19695367446081333, -0.16828070053918667]",,0.447509765625,0.354736328125,0.1773681640625,0.354736328125,0.1773681640625,0.0,,0.0,0.5,1.0,1,0.354736328125,,,,True
C-four-year-growth-then-plateau,raw-record,0.5,raw-net-creation-budget-1R,25,652,4096,3.1142578125,3.29345703125,0.17919921875,0.01303620377925299,"[0.15364825934266413, 0.20475017815733587]",0.057541549074945124,-0.169677734375,0.009751770849263671,"[-0.18879120523955678, -0.15056426351044322]",-0.946866485013624,0.700927734375,0.498779296875,0.2493896484375,0.498779296875,0.2493896484375,0.0,2.7833787465940056,0.0,0.5,1.0,1,0.498779296875,,,,True
C-four-year-growth-then-plateau,raw-record,0.5,raw-net-creation-budget-1R,50,1304,4096,3.835205078125,4.159423828125,0.32421875,0.016476416543409873,"[0.29192497357491665, 0.35651252642508335]",0.08453752625883251,-0.126708984375,0.01157490969860272,"[-0.14939580738426134, -0.10402216136573866]",-0.39081325301204817,0.8701171875,0.572998046875,0.2864990234375,0.572998046875,0.2864990234375,0.0,1.7673192771084338,0.0,0.5,1.0,1,0.572998046875,,,,True
C-four-year-growth-then-plateau,raw-record,0.5,raw-net-creation-budget-1R,100,2609,4096,4.552978515625,4.971435546875,0.41845703125,0.019199257372043265,"[0.3808264868007952, 0.4560875756992048]",0.09190841331974905,-0.11572265625,0.013192317348213753,"[-0.14157959825249897, -0.08986571424750105]",-0.2765460910151692,1.02685546875,0.63720703125,0.318603515625,0.63720703125,0.318603515625,0.0,1.5227537922987164,0.0,0.5,1.0,1,0.63720703125,,,,True
C-four-year-growth-then-plateau,raw-record,1.0,raw-net-creation,1,26,4096,0.149658203125,0.1015625,-0.048095703125,0.003361448744152339,"[-0.05468414266353858, -0.04150726358646142]",-0.32137030995106036,-0.048095703125,0.003361448744152339,"[-0.05468414266353858, -0.04150726358646142]",,0.051025390625,0.051025390625,0.0,0.051025390625,0.051025390625,0.0,,0.0,1.0,1.0,,,,,,
C-four-year-growth-then-plateau,raw-record,1.0,raw-net-creation,4,104,4096,0.919677734375,0.6826171875,-0.237060546875,0.007271255318364326,"[-0.25131220729899406, -0.2228088864510059]",-0.25776479957525883,-0.237060546875,0.007271255318364326,"[-0.25131220729899406, -0.2228088864510059]",,0.38134765625,0.38134765625,0.0,0.38134765625,0.38134765625,0.0,,0.0,1.0,1.0,,,,,,
C-four-year-growth-then-plateau,raw-record,1.0,raw-net-creation,10,261,4096,2.08349609375,1.986328125,-0.09716796875,0.012362180817076334,"[-0.12139784315146962, -0.07293809434853038]",-0.04663698148582142,-0.09716796875,0.012362180817076334,"[-0.12139784315146962, -0.07293809434853038]",,1.143310546875,1.143310546875,0.0,1.143310546875,1.143310546875,0.0,,0.0,1.0,1.0,,,,,,
C-four-year-growth-then-plateau,raw-record,1.0,raw-net-creation,25,652,4096,3.126220703125,3.756103515625,0.6298828125,0.019909852843156918,"[0.5908595009274125, 0.6689061240725875]",0.20148379539242484,0.6298828125,0.019909852843156918,"[0.5908595009274125, 0.6689061240725875]",1.0,2.15625,2.15625,0.0,2.15625,2.15625,0.0,3.4232558139534883,0.0,1.0,1.0,,,,,,
C-four-year-growth-then-plateau,raw-record,1.0,raw-net-creation,50,1304,4096,3.8857421875,5.2724609375,1.38671875,0.025566215513393338,"[1.3366089675937491, 1.4368285324062509]",0.3568735863282232,1.38671875,0.025566215513393338,"[1.3366089675937491, 1.4368285324062509]",1.0,3.046142578125,3.046142578125,0.0,3.046142578125,3.046142578125,0.0,2.196654929577465,0.0,1.0,1.0,,,,,,
C-four-year-growth-then-plateau,raw-record,1.0,raw-net-creation,100,2609,4096,4.605712890625,6.848876953125,2.2431640625,0.030514279574100592,"[2.1833560745347627, 2.3029720504652373]",0.48703949112112377,2.2431640625,0.030514279574100592,"[2.1833560745347627, 2.3029720504652373]",1.0,3.995849609375,3.995849609375,0.0,3.995849609375,3.995849609375,0.0,1.7813452329124946,0.0,1.0,1.0,,,,,,
C-four-year-growth-then-plateau,raw-record,1.0,raw-net-creation-budget-1R,1,26,4096,0.149658203125,0.102783203125,-0.046875,0.0033210769405686833,"[-0.05338431080351462, -0.04036568919648538]",-0.3132137030995106,-0.046875,0.0033210769405686833,"[-0.05338431080351462, -0.04036568919648538]",,0.051025390625,0.0498046875,0.0,0.0498046875,0.0498046875,0.0,,0.0,1.0,1.0,1,0.0498046875,,,,True
C-four-year-growth-then-plateau,raw-record,1.0,raw-net-creation-budget-1R,4,104,4096,0.919677734375,0.725830078125,-0.19384765625,0.0068196804539231845,"[-0.20721422993968944, -0.18048108256031056]",-0.21077780727369258,-0.19384765625,0.0068196804539231845,"[-0.20721422993968944, -0.18048108256031056]",,0.37646484375,0.322021484375,0.0,0.322021484375,0.322021484375,0.0,,0.0,1.0,1.0,1,0.322021484375,,,,True
C-four-year-growth-then-plateau,raw-record,1.0,raw-net-creation-budget-1R,10,261,4096,2.08349609375,2.115234375,0.03173828125,0.011295024475435313,"[0.009600033278146788, 0.05387652922185321]",0.015233184907429108,0.03173828125,0.011295024475435313,"[0.009600033278146788, 0.05387652922185321]",1.0,1.017333984375,0.6611328125,0.0,0.6611328125,0.6611328125,0.0,20.83076923076923,0.0,1.0,1.0,1,0.6611328125,,,,True
C-four-year-growth-then-plateau,raw-record,1.0,raw-net-creation-budget-1R,25,652,4096,3.126220703125,3.562255859375,0.43603515625,0.016978610484485828,"[0.40275707970040775, 0.46931323279959225]",0.1394767668879344,0.43603515625,0.016978610484485828,"[0.40275707970040775, 0.46931323279959225]",1.0,1.613037109375,0.853759765625,0.0,0.853759765625,0.853759765625,0.0,1.958006718924972,0.0,1.0,1.0,1,0.853759765625,,,,True
C-four-year-growth-then-plateau,raw-record,1.0,raw-net-creation-budget-1R,50,1304,4096,3.8857421875,4.54296875,0.6572265625,0.020771350810183605,"[0.6165147149120401, 0.6979384100879599]",0.16913797436541844,0.6572265625,0.020771350810183605,"[0.6165147149120401, 0.6979384100879599]",1.0,2.015380859375,0.93212890625,0.0,0.93212890625,0.93212890625,0.0,1.4182763744427935,0.0,1.0,1.0,1,0.93212890625,,,,True
C-four-year-growth-then-plateau,raw-record,1.0,raw-net-creation-budget-1R,100,2609,4096,4.605712890625,5.416259765625,0.810546875,0.023890032908887446,"[0.7637224104985806, 0.8573713395014194]",0.17598727802809436,0.810546875,0.023890032908887446,"[0.7637224104985806, 0.8573713395014194]",1.0,2.355712890625,0.96533203125,0.0,0.96533203125,0.96533203125,0.0,1.1909638554216868,0.0,1.0,1.0,1,0.96533203125,,,,True
D-difficulty-decline,c10-eclip,0.01,shallow-lock,1,26,4096,0.521240234375,0.521240234375,0.0,0.0,"[0.0, 0.0]",0.0,0.0,0.0,"[0.0, 0.0]",,0.0,0.0,0.0,0.0,0.0,0.0,,0.0,0.01,1.0,,,,,,
D-difficulty-decline,c10-eclip,0.01,shallow-lock,4,104,4096,1.195556640625,1.195556640625,0.0,0.0,"[0.0, 0.0]",0.0,0.0,0.0,"[0.0, 0.0]",,0.0,0.0,0.0,0.0,0.0,0.0,,0.0,0.01,1.0,,,,,,
D-difficulty-decline,c10-eclip,0.01,shallow-lock,10,261,4096,1.475341796875,1.475341796875,0.0,0.0,"[0.0, 0.0]",0.0,0.0,0.0,"[0.0, 0.0]",,0.0,0.0,0.0,0.0,0.0,0.0,,0.0,0.01,1.0,,,,,,
D-difficulty-decline,c10-eclip,0.01,shallow-lock,25,652,4096,1.513427734375,1.513427734375,0.0,0.0,"[0.0, 0.0]",0.0,0.0,0.0,"[0.0, 0.0]",,0.0,0.0,0.0,0.0,0.0,0.0,,0.0,0.01,1.0,,,,,,
D-difficulty-decline,c10-eclip,0.01,shallow-lock,50,1304,4096,1.513671875,1.513671875,0.0,0.0,"[0.0, 0.0]",0.0,0.0,0.0,"[0.0, 0.0]",,0.0,0.0,0.0,0.0,0.0,0.0,,0.0,0.01,1.0,,,,,,
D-difficulty-decline,c10-eclip,0.01,shallow-lock,100,2609,4096,1.513671875,1.513671875,0.0,0.0,"[0.0, 0.0]",0.0,0.0,0.0,"[0.0, 0.0]",,0.0,0.0,0.0,0.0,0.0,0.0,,0.0,0.01,1.0,,,,,,
D-difficulty-decline,c10-eclip,0.01,public-lock,1,26,4096,0.521240234375,0.521240234375,0.0,0.0,"[0.0, 0.0]",0.0,0.0,0.0,"[0.0, 0.0]",,0.0,0.0,0.0,0.0,0.0,0.0,,0.0,0.01,1.0,,,,,,
D-difficulty-decline,c10-eclip,0.01,public-lock,4,104,4096,1.195556640625,1.195556640625,0.0,0.0,"[0.0, 0.0]",0.0,0.0,0.0,"[0.0, 0.0]",,0.0,0.0,0.0,0.0,0.0,0.0,,0.0,0.01,1.0,,,,,,
D-difficulty-decline,c10-eclip,0.01,public-lock,10,261,4096,1.475341796875,1.475341796875,0.0,0.0,"[0.0, 0.0]",0.0,0.0,0.0,"[0.0, 0.0]",,0.0,0.0,0.0,0.0,0.0,0.0,,0.0,0.01,1.0,,,,,,
D-difficulty-decline,c10-eclip,0.01,public-lock,25,652,4096,1.513427734375,1.513427734375,0.0,0.0,"[0.0, 0.0]",0.0,0.0,0.0,"[0.0, 0.0]",,0.0,0.0,0.0,0.0,0.0,0.0,,0.0,0.01,1.0,,,,,,
D-difficulty-decline,c10-eclip,0.01,public-lock,50,1304,4096,1.513671875,1.513671875,0.0,0.0,"[0.0, 0.0]",0.0,0.0,0.0,"[0.0, 0.0]",,0.0,0.0,0.0,0.0,0.0,0.0,,0.0,0.01,1.0,,,,,,
D-difficulty-decline,c10-eclip,0.01,public-lock,100,2609,4096,1.513671875,1.513671875,0.0,0.0,"[0.0, 0.0]",0.0,0.0,0.0,"[0.0, 0.0]",,0.0,0.0,0.0,0.0,0.0,0.0,,0.0,0.01,1.0,,,,,,
D-difficulty-decline,c10-eclip,0.01,threshold,1,26,4096,0.521240234375,0.521240234375,0.0,0.0,"[0.0, 0.0]",0.0,0.0,0.0,"[0.0, 0.0]",,0.0,0.0,0.0,0.0,0.0,0.0,,0.0,0.01,1.0,,,100.0,0.01,,
D-difficulty-decline,c10-eclip,0.01,threshold,4,104,4096,1.195556640625,1.195556640625,0.0,0.0,"[0.0, 0.0]",0.0,0.0,0.0,"[0.0, 0.0]",,0.0,0.0,0.0,0.0,0.0,0.0,,0.0,0.01,1.0,,,100.0,0.01,,
D-difficulty-decline,c10-eclip,0.01,threshold,10,261,4096,1.475341796875,1.475341796875,0.0,0.0,"[0.0, 0.0]",0.0,0.0,0.0,"[0.0, 0.0]",,0.0,0.0,0.0,0.0,0.0,0.0,,0.0,0.01,1.0,,,100.0,0.01,,
D-difficulty-decline,c10-eclip,0.01,threshold,25,652,4096,1.513427734375,1.513427734375,0.0,0.0,"[0.0, 0.0]",0.0,0.0,0.0,"[0.0, 0.0]",,0.0,0.0,0.0,0.0,0.0,0.0,,0.0,0.01,1.0,,,100.0,0.01,,
D-difficulty-decline,c10-eclip,0.01,threshold,50,1304,4096,1.513671875,1.513671875,0.0,0.0,"[0.0, 0.0]",0.0,0.0,0.0,"[0.0, 0.0]",,0.0,0.0,0.0,0.0,0.0,0.0,,0.0,0.01,1.0,,,100.0,0.01,,
D-difficulty-decline,c10-eclip,0.01,threshold,100,2609,4096,1.513671875,1.513671875,0.0,0.0,"[0.0, 0.0]",0.0,0.0,0.0,"[0.0, 0.0]",,0.0,0.0,0.0,0.0,0.0,0.0,,0.0,0.01,1.0,,,100.0,0.01,,
D-difficulty-decline,c10-eclip,0.01,all-discoveries-public-lock,1,26,4096,0.521240234375,0.521240234375,0.0,0.0,"[0.0, 0.0]",0.0,,,,,0.002685546875,0.0,0.0,0.002685546875,,0.002685546875,,0.0,0.01,1.0,,,,,"Impossible ownership stress: controls every discovery after a public lock at zero cost, but lacks foresight; it is not the omniscient hard ceiling.",
D-difficulty-decline,c10-eclip,0.01,all-discoveries-public-lock,4,104,4096,1.195556640625,1.195556640625,0.0,0.0,"[0.0, 0.0]",0.0,,,,,0.00439453125,0.0,0.0,0.00439453125,,0.00439453125,,0.0,0.01,1.0,,,,,"Impossible ownership stress: controls every discovery after a public lock at zero cost, but lacks foresight; it is not the omniscient hard ceiling.",
D-difficulty-decline,c10-eclip,0.01,all-discoveries-public-lock,10,261,4096,1.475341796875,1.475341796875,0.0,0.0,"[0.0, 0.0]",0.0,,,,,0.00439453125,0.0,0.0,0.00439453125,,0.00439453125,,0.0,0.01,1.0,,,,,"Impossible ownership stress: controls every discovery after a public lock at zero cost, but lacks foresight; it is not the omniscient hard ceiling.",
D-difficulty-decline,c10-eclip,0.01,all-discoveries-public-lock,25,652,4096,1.513427734375,1.513427734375,0.0,0.0,"[0.0, 0.0]",0.0,,,,,0.00439453125,0.0,0.0,0.00439453125,,0.00439453125,,0.0,0.01,1.0,,,,,"Impossible ownership stress: controls every discovery after a public lock at zero cost, but lacks foresight; it is not the omniscient hard ceiling.",
D-difficulty-decline,c10-eclip,0.01,all-discoveries-public-lock,50,1304,4096,1.513671875,1.513671875,0.0,0.0,"[0.0, 0.0]",0.0,,,,,0.00439453125,0.0,0.0,0.00439453125,,0.00439453125,,0.0,0.01,1.0,,,,,"Impossible ownership stress: controls every discovery after a public lock at zero cost, but lacks foresight; it is not the omniscient hard ceiling.",
D-difficulty-decline,c10-eclip,0.01,all-discoveries-public-lock,100,2609,4096,1.513671875,1.513671875,0.0,0.0,"[0.0, 0.0]",0.0,,,,,0.00439453125,0.0,0.0,0.00439453125,,0.00439453125,,0.0,0.01,1.0,,,,,"Impossible ownership stress: controls every discovery after a public lock at zero cost, but lacks foresight; it is not the omniscient hard ceiling.",
D-difficulty-decline,c10-eclip,0.01,omniscient-hard-ceiling,1,26,4096,0.521240234375,26.0,25.478759765625,0.010682706460652548,"[25.45782166096212, 25.49969787028788]",48.88103044496487,,,,,,0.0,0.0,,,,,,,,,,,,"Hard count ceiling only: grants arbitrary foresight, control, delay, and zero cost; it is not an executable strategy.",
D-difficulty-decline,c10-eclip,0.01,omniscient-hard-ceiling,4,104,4096,1.195556640625,104.0,102.804443359375,0.015060307062724739,"[102.77492515753205, 102.83396156121795]",85.98876863385746,,,,,,0.0,0.0,,,,,,,,,,,,"Hard count ceiling only: grants arbitrary foresight, control, delay, and zero cost; it is not an executable strategy.",
D-difficulty-decline,c10-eclip,0.01,omniscient-hard-ceiling,10,261,4096,1.475341796875,261.0,259.524658203125,0.01621024961990395,"[259.49288611387, 259.55643029238]",175.90815819956975,,,,,,0.0,0.0,,,,,,,,,,,,"Hard count ceiling only: grants arbitrary foresight, control, delay, and zero cost; it is not an executable strategy.",
D-difficulty-decline,c10-eclip,0.01,omniscient-hard-ceiling,25,652,4096,1.513427734375,652.0,650.486572265625,0.016319759691795024,"[650.4545855366291, 650.5185589946209]",429.8101306662365,,,,,,0.0,0.0,,,,,,,,,,,,"Hard count ceiling only: grants arbitrary foresight, control, delay, and zero cost; it is not an executable strategy.",
D-difficulty-decline,c10-eclip,0.01,omniscient-hard-ceiling,50,1304,4096,1.513671875,1304.0,1302.486328125,0.016323362985040432,"[1302.4543343335492, 1302.5183219164508]",860.4812903225807,,,,,,0.0,0.0,,,,,,,,,,,,"Hard count ceiling only: grants arbitrary foresight, control, delay, and zero cost; it is not an executable strategy.",
D-difficulty-decline,c10-eclip,0.01,omniscient-hard-ceiling,100,2609,4096,1.513671875,2609.0,2607.486328125,0.016323362985040432,"[2607.4543343335495, 2607.5183219164505]",1722.6232258064515,,,,,,0.0,0.0,,,,,,,,,,,,"Hard count ceiling only: grants arbitrary foresight, control, delay, and zero cost; it is not an executable strategy.",
D-difficulty-decline,c10-eclip,0.01,public-lock-budget-1R,1,26,4096,0.521240234375,0.521240234375,0.0,0.0,"[0.0, 0.0]",0.0,0.0,0.0,"[0.0, 0.0]",,0.0,0.0,0.0,0.0,0.0,0.0,,0.0,0.01,1.0,1,0.0,,,,True
D-difficulty-decline,c10-eclip,0.01,public-lock-budget-1R,4,104,4096,1.195556640625,1.195556640625,0.0,0.0,"[0.0, 0.0]",0.0,0.0,0.0,"[0.0, 0.0]",,0.0,0.0,0.0,0.0,0.0,0.0,,0.0,0.01,1.0,1,0.0,,,,True
D-difficulty-decline,c10-eclip,0.01,public-lock-budget-1R,10,261,4096,1.475341796875,1.475341796875,0.0,0.0,"[0.0, 0.0]",0.0,0.0,0.0,"[0.0, 0.0]",,0.0,0.0,0.0,0.0,0.0,0.0,,0.0,0.01,1.0,1,0.0,,,,True
D-difficulty-decline,c10-eclip,0.01,public-lock-budget-1R,25,652,4096,1.513427734375,1.513427734375,0.0,0.0,"[0.0, 0.0]",0.0,0.0,0.0,"[0.0, 0.0]",,0.0,0.0,0.0,0.0,0.0,0.0,,0.0,0.01,1.0,1,0.0,,,,True
D-difficulty-decline,c10-eclip,0.01,public-lock-budget-1R,50,1304,4096,1.513671875,1.513671875,0.0,0.0,"[0.0, 0.0]",0.0,0.0,0.0,"[0.0, 0.0]",,0.0,0.0,0.0,0.0,0.0,0.0,,0.0,0.01,1.0,1,0.0,,,,True
D-difficulty-decline,c10-eclip,0.01,public-lock-budget-1R,100,2609,4096,1.513671875,1.513671875,0.0,0.0,"[0.0, 0.0]",0.0,0.0,0.0,"[0.0, 0.0]",,0.0,0.0,0.0,0.0,0.0,0.0,,0.0,0.01,1.0,1,0.0,,,,True
D-difficulty-decline,c10-eclip,0.1,shallow-lock,1,26,4096,0.518310546875,0.518310546875,0.0,0.0,"[0.0, 0.0]",0.0,0.0,0.0,"[0.0, 0.0]",,0.0,0.0,0.0,0.0,0.0,0.0,,0.0,0.1,1.0,,,,,,
D-difficulty-decline,c10-eclip,0.1,shallow-lock,4,104,4096,1.232666015625,1.232666015625,0.0,0.0,"[0.0, 0.0]",0.0,0.0,0.0,"[0.0, 0.0]",,0.0,0.0,0.0,0.0,0.0,0.0,,0.0,0.1,1.0,,,,,,
D-difficulty-decline,c10-eclip,0.1,shallow-lock,10,261,4096,1.51025390625,1.51025390625,0.0,0.0,"[0.0, 0.0]",0.0,0.0,0.0,"[0.0, 0.0]",,0.0,0.0,0.0,0.0,0.0,0.0,,0.0,0.1,1.0,,,,,,
D-difficulty-decline,c10-eclip,0.1,shallow-lock,25,652,4096,1.546142578125,1.546142578125,0.0,0.0,"[0.0, 0.0]",0.0,0.0,0.0,"[0.0, 0.0]",,0.0,0.0,0.0,0.0,0.0,0.0,,0.0,0.1,1.0,,,,,,
D-difficulty-decline,c10-eclip,0.1,shallow-lock,50,1304,4096,1.54638671875,1.54638671875,0.0,0.0,"[0.0, 0.0]",0.0,0.0,0.0,"[0.0, 0.0]",,0.0,0.0,0.0,0.0,0.0,0.0,,0.0,0.1,1.0,,,,,,
D-difficulty-decline,c10-eclip,0.1,shallow-lock,100,2609,4096,1.54638671875,1.54638671875,0.0,0.0,"[0.0, 0.0]",0.0,0.0,0.0,"[0.0, 0.0]",,0.0,0.0,0.0,0.0,0.0,0.0,,0.0,0.1,1.0,,,,,,
D-difficulty-decline,c10-eclip,0.1,public-lock,1,26,4096,0.518310546875,0.518310546875,0.0,0.0,"[0.0, 0.0]",0.0,0.0,0.0,"[0.0, 0.0]",,0.0,0.0,0.0,0.0,0.0,0.0,,0.0,0.1,1.0,,,,,,
D-difficulty-decline,c10-eclip,0.1,public-lock,4,104,4096,1.232666015625,1.232666015625,0.0,0.0,"[0.0, 0.0]",0.0,-0.000244140625,0.000244140625,"[-0.00072265625, 0.000234375]",,0.000244140625,0.000244140625,0.0002197265625,0.000244140625,2.44140625e-05,0.0,,0.0,0.1,1.0,,,,,,
D-difficulty-decline,c10-eclip,0.1,public-lock,10,261,4096,1.51025390625,1.510498046875,0.000244140625,0.000244140625,"[-0.000234375, 0.00072265625]",0.00016165535079211123,-0.000244140625,0.000244140625,"[-0.00072265625, 0.000234375]",-1.0,0.000244140625,0.000244140625,0.0002197265625,0.000244140625,2.44140625e-05,0.0,1.0,0.0,0.1,1.0,,,,,,
D-difficulty-decline,c10-eclip,0.1,public-lock,25,652,4096,1.546142578125,1.54638671875,0.000244140625,0.000244140625,"[-0.000234375, 0.00072265625]",0.00015790304752881732,-0.000244140625,0.000244140625,"[-0.00072265625, 0.000234375]",-1.0,0.000244140625,0.000244140625,0.0002197265625,0.000244140625,2.44140625e-05,0.0,1.0,0.0,0.1,1.0,,,,,,
D-difficulty-decline,c10-eclip,0.1,public-lock,50,1304,4096,1.54638671875,1.546630859375,0.000244140625,0.000244140625,"[-0.000234375, 0.00072265625]",0.00015787811809283233,-0.000244140625,0.000244140625,"[-0.00072265625, 0.000234375]",-1.0,0.000244140625,0.000244140625,0.0002197265625,0.000244140625,2.44140625e-05,0.0,1.0,0.0,0.1,1.0,,,,,,
D-difficulty-decline,c10-eclip,0.1,public-lock,100,2609,4096,1.54638671875,1.546630859375,0.000244140625,0.000244140625,"[-0.000234375, 0.00072265625]",0.00015787811809283233,-0.000244140625,0.000244140625,"[-0.00072265625, 0.000234375]",-1.0,0.000244140625,0.000244140625,0.0002197265625,0.000244140625,2.44140625e-05,0.0,1.0,0.0,0.1,1.0,,,,,,
D-difficulty-decline,c10-eclip,0.1,threshold,1,26,4096,0.518310546875,0.518310546875,0.0,0.0,"[0.0, 0.0]",0.0,0.0,0.0,"[0.0, 0.0]",,0.0,0.0,0.0,0.0,0.0,0.0,,0.0,0.1,1.0,,,100.0,0.1,,
D-difficulty-decline,c10-eclip,0.1,threshold,4,104,4096,1.232666015625,1.232666015625,0.0,0.0,"[0.0, 0.0]",0.0,-0.000244140625,0.000244140625,"[-0.00072265625, 0.000234375]",,0.000244140625,0.000244140625,0.0002197265625,0.000244140625,2.44140625e-05,0.0,,0.0,0.1,1.0,,,100.0,0.1,,
D-difficulty-decline,c10-eclip,0.1,threshold,10,261,4096,1.51025390625,1.510498046875,0.000244140625,0.000244140625,"[-0.000234375, 0.00072265625]",0.00016165535079211123,-0.000244140625,0.000244140625,"[-0.00072265625, 0.000234375]",-1.0,0.000244140625,0.000244140625,0.0002197265625,0.000244140625,2.44140625e-05,0.0,1.0,0.0,0.1,1.0,,,100.0,0.1,,
D-difficulty-decline,c10-eclip,0.1,threshold,25,652,4096,1.546142578125,1.54638671875,0.000244140625,0.000244140625,"[-0.000234375, 0.00072265625]",0.00015790304752881732,-0.000244140625,0.000244140625,"[-0.00072265625, 0.000234375]",-1.0,0.000244140625,0.000244140625,0.0002197265625,0.000244140625,2.44140625e-05,0.0,1.0,0.0,0.1,1.0,,,100.0,0.1,,
D-difficulty-decline,c10-eclip,0.1,threshold,50,1304,4096,1.54638671875,1.546630859375,0.000244140625,0.000244140625,"[-0.000234375, 0.00072265625]",0.00015787811809283233,-0.000244140625,0.000244140625,"[-0.00072265625, 0.000234375]",-1.0,0.000244140625,0.000244140625,0.0002197265625,0.000244140625,2.44140625e-05,0.0,1.0,0.0,0.1,1.0,,,100.0,0.1,,
D-difficulty-decline,c10-eclip,0.1,threshold,100,2609,4096,1.54638671875,1.546630859375,0.000244140625,0.000244140625,"[-0.000234375, 0.00072265625]",0.00015787811809283233,-0.000244140625,0.000244140625,"[-0.00072265625, 0.000234375]",-1.0,0.000244140625,0.000244140625,0.0002197265625,0.000244140625,2.44140625e-05,0.0,1.0,0.0,0.1,1.0,,,100.0,0.1,,
D-difficulty-decline,c10-eclip,0.1,all-discoveries-public-lock,1,26,4096,0.518310546875,0.5185546875,0.000244140625,0.000244140625,"[-0.000234375, 0.00072265625]",0.0004710315591144607,,,,,0.00390625,0.0,0.0,0.00390625,,0.00390625,0.0,0.0,0.1,1.0,,,,,"Impossible ownership stress: controls every discovery after a public lock at zero cost, but lacks foresight; it is not the omniscient hard ceiling.",
D-difficulty-decline,c10-eclip,0.1,all-discoveries-public-lock,4,104,4096,1.232666015625,1.233154296875,0.00048828125,0.000345224823286452,"[-0.00018835940364144593, 0.001164921903641446]",0.0003961180431768667,,,,,0.00634765625,0.0,0.0,0.00634765625,,0.00634765625,0.0,0.0,0.1,1.0,,,,,"Impossible ownership stress: controls every discovery after a public lock at zero cost, but lacks foresight; it is not the omniscient hard ceiling.",
D-difficulty-decline,c10-eclip,0.1,all-discoveries-public-lock,10,261,4096,1.51025390625,1.510986328125,0.000732421875,0.00042276069059612694,"[-9.618907856840883e-05, 0.0015610328285684087]",0.00048496605237633366,,,,,0.0068359375,0.0,0.0,0.0068359375,,0.0068359375,0.0,0.0,0.1,1.0,,,,,"Impossible ownership stress: controls every discovery after a public lock at zero cost, but lacks foresight; it is not the omniscient hard ceiling.",
D-difficulty-decline,c10-eclip,0.1,all-discoveries-public-lock,25,652,4096,1.546142578125,1.547119140625,0.0009765625,0.0005978982471660605,"[-0.00019531806444547857, 0.0021484430644454783]",0.0006316121901152693,,,,,0.0068359375,0.0,0.0,0.0068359375,,0.0068359375,0.0,0.0,0.1,1.0,,,,,"Impossible ownership stress: controls every discovery after a public lock at zero cost, but lacks foresight; it is not the omniscient hard ceiling.",
D-difficulty-decline,c10-eclip,0.1,all-discoveries-public-lock,50,1304,4096,1.54638671875,1.54736328125,0.0009765625,0.0005978982471660605,"[-0.00019531806444547857, 0.0021484430644454783]",0.0006315124723713293,,,,,0.0068359375,0.0,0.0,0.0068359375,,0.0068359375,0.0,0.0,0.1,1.0,,,,,"Impossible ownership stress: controls every discovery after a public lock at zero cost, but lacks foresight; it is not the omniscient hard ceiling.",
D-difficulty-decline,c10-eclip,0.1,all-discoveries-public-lock,100,2609,4096,1.54638671875,1.54736328125,0.0009765625,0.0005978982471660605,"[-0.00019531806444547857, 0.0021484430644454783]",0.0006315124723713293,,,,,0.0068359375,0.0,0.0,0.0068359375,,0.0068359375,0.0,0.0,0.1,1.0,,,,,"Impossible ownership stress: controls every discovery after a public lock at zero cost, but lacks foresight; it is not the omniscient hard ceiling.",
D-difficulty-decline,c10-eclip,0.1,omniscient-hard-ceiling,1,26,4096,0.518310546875,26.0,25.481689453125,0.01086112986624607,"[25.460401638587157, 25.502977267662843]",49.162976919453605,,,,,,0.0,0.0,,,,,,,,,,,,"Hard count ceiling only: grants arbitrary foresight, control, delay, and zero cost; it is not an executable strategy.",
D-difficulty-decline,c10-eclip,0.1,omniscient-hard-ceiling,4,104,4096,1.232666015625,104.0,102.767333984375,0.01563314288564759,"[102.73669302431914, 102.79797494443086]",83.3699742523272,,,,,,0.0,0.0,,,,,,,,,,,,"Hard count ceiling only: grants arbitrary foresight, control, delay, and zero cost; it is not an executable strategy.",
D-difficulty-decline,c10-eclip,0.1,omniscient-hard-ceiling,10,261,4096,1.51025390625,261.0,259.48974609375,0.01666732723897245,"[259.45707813236163, 259.52241405513837]",171.81862269641124,,,,,,0.0,0.0,,,,,,,,,,,,"Hard count ceiling only: grants arbitrary foresight, control, delay, and zero cost; it is not an executable strategy.",
D-difficulty-decline,c10-eclip,0.1,omniscient-hard-ceiling,25,652,4096,1.546142578125,652.0,650.453857421875,0.01678443797255945,"[650.4209599234488, 650.4867549203012]",420.6946155060793,,,,,,0.0,0.0,,,,,,,,,,,,"Hard count ceiling only: grants arbitrary foresight, control, delay, and zero cost; it is not an executable strategy.",
D-difficulty-decline,c10-eclip,0.1,omniscient-hard-ceiling,50,1304,4096,1.54638671875,1304.0,1302.45361328125,0.016794926517656513,"[1302.4206952252755, 1302.4865313372245]",842.2560783075465,,,,,,0.0,0.0,,,,,,,,,,,,"Hard count ceiling only: grants arbitrary foresight, control, delay, and zero cost; it is not an executable strategy.",
D-difficulty-decline,c10-eclip,0.1,omniscient-hard-ceiling,100,2609,4096,1.54638671875,2609.0,2607.45361328125,0.016794926517656513,"[2607.4206952252753, 2607.4865313372247]",1686.1588253868015,,,,,,0.0,0.0,,,,,,,,,,,,"Hard count ceiling only: grants arbitrary foresight, control, delay, and zero cost; it is not an executable strategy.",
D-difficulty-decline,c10-eclip,0.1,public-lock-budget-1R,1,26,4096,0.518310546875,0.518310546875,0.0,0.0,"[0.0, 0.0]",0.0,0.0,0.0,"[0.0, 0.0]",,0.0,0.0,0.0,0.0,0.0,0.0,,0.0,0.1,1.0,1,0.0,,,,True
D-difficulty-decline,c10-eclip,0.1,public-lock-budget-1R,4,104,4096,1.232666015625,1.232666015625,0.0,0.0,"[0.0, 0.0]",0.0,-0.000244140625,0.000244140625,"[-0.00072265625, 0.000234375]",,0.000244140625,0.000244140625,0.0002197265625,0.000244140625,2.44140625e-05,0.0,,0.0,0.1,1.0,1,0.000244140625,,,,True
D-difficulty-decline,c10-eclip,0.1,public-lock-budget-1R,10,261,4096,1.51025390625,1.510498046875,0.000244140625,0.000244140625,"[-0.000234375, 0.00072265625]",0.00016165535079211123,-0.000244140625,0.000244140625,"[-0.00072265625, 0.000234375]",-1.0,0.000244140625,0.000244140625,0.0002197265625,0.000244140625,2.44140625e-05,0.0,1.0,0.0,0.1,1.0,1,0.000244140625,,,,True
D-difficulty-decline,c10-eclip,0.1,public-lock-budget-1R,25,652,4096,1.546142578125,1.54638671875,0.000244140625,0.000244140625,"[-0.000234375, 0.00072265625]",0.00015790304752881732,-0.000244140625,0.000244140625,"[-0.00072265625, 0.000234375]",-1.0,0.000244140625,0.000244140625,0.0002197265625,0.000244140625,2.44140625e-05,0.0,1.0,0.0,0.1,1.0,1,0.000244140625,,,,True
D-difficulty-decline,c10-eclip,0.1,public-lock-budget-1R,50,1304,4096,1.54638671875,1.546630859375,0.000244140625,0.000244140625,"[-0.000234375, 0.00072265625]",0.00015787811809283233,-0.000244140625,0.000244140625,"[-0.00072265625, 0.000234375]",-1.0,0.000244140625,0.000244140625,0.0002197265625,0.000244140625,2.44140625e-05,0.0,1.0,0.0,0.1,1.0,1,0.000244140625,,,,True
D-difficulty-decline,c10-eclip,0.1,public-lock-budget-1R,100,2609,4096,1.54638671875,1.546630859375,0.000244140625,0.000244140625,"[-0.000234375, 0.00072265625]",0.00015787811809283233,-0.000244140625,0.000244140625,"[-0.00072265625, 0.000234375]",-1.0,0.000244140625,0.000244140625,0.0002197265625,0.000244140625,2.44140625e-05,0.0,1.0,0.0,0.1,1.0,1,0.000244140625,,,,True
D-difficulty-decline,c10-eclip,0.2,shallow-lock,1,26,4096,0.500244140625,0.500244140625,0.0,0.0,"[0.0, 0.0]",0.0,0.0,0.0,"[0.0, 0.0]",,0.0,0.0,0.0,0.0,0.0,0.0,,0.0,0.2,1.0,,,,,,
D-difficulty-decline,c10-eclip,0.2,shallow-lock,4,104,4096,1.1943359375,1.1943359375,0.0,0.0,"[0.0, 0.0]",0.0,0.0,0.0,"[0.0, 0.0]",,0.000244140625,0.000244140625,0.0001953125,0.000244140625,4.8828125e-05,0.0,,0.0,0.2,1.0,,,,,,
D-difficulty-decline,c10-eclip,0.2,shallow-lock,10,261,4096,1.4765625,1.4765625,0.0,0.0,"[0.0, 0.0]",0.0,0.0,0.0,"[0.0, 0.0]",,0.000244140625,0.000244140625,0.0001953125,0.000244140625,4.8828125e-05,0.0,,0.0,0.2,1.0,,,,,,
D-difficulty-decline,c10-eclip,0.2,shallow-lock,25,652,4096,1.515625,1.515625,0.0,0.0,"[0.0, 0.0]",0.0,0.0,0.0,"[0.0, 0.0]",,0.000244140625,0.000244140625,0.0001953125,0.000244140625,4.8828125e-05,0.0,,0.0,0.2,1.0,,,,,,
D-difficulty-decline,c10-eclip,0.2,shallow-lock,50,1304,4096,1.515869140625,1.515869140625,0.0,0.0,"[0.0, 0.0]",0.0,0.0,0.0,"[0.0, 0.0]",,0.000244140625,0.000244140625,0.0001953125,0.000244140625,4.8828125e-05,0.0,,0.0,0.2,1.0,,,,,,
D-difficulty-decline,c10-eclip,0.2,shallow-lock,100,2609,4096,1.515869140625,1.515869140625,0.0,0.0,"[0.0, 0.0]",0.0,0.0,0.0,"[0.0, 0.0]",,0.000244140625,0.000244140625,0.0001953125,0.000244140625,4.8828125e-05,0.0,,0.0,0.2,1.0,,,,,,
D-difficulty-decline,c10-eclip,0.2,public-lock,1,26,4096,0.500244140625,0.500244140625,0.0,0.0,"[0.0, 0.0]",0.0,-0.000244140625,0.000244140625,"[-0.00072265625, 0.000234375]",,0.000244140625,0.000244140625,0.0001953125,0.000244140625,4.8828125e-05,0.0,,0.0,0.2,1.0,,,,,,
D-difficulty-decline,c10-eclip,0.2,public-lock,4,104,4096,1.1943359375,1.194580078125,0.000244140625,0.000244140625,"[-0.000234375, 0.00072265625]",0.0002044153720359771,-0.000244140625,0.000244140625,"[-0.00072265625, 0.000234375]",-1.0,0.00048828125,0.00048828125,0.000390625,0.00048828125,9.765625e-05,0.0,2.0,0.0,0.2,1.0,,,,,,
D-difficulty-decline,c10-eclip,0.2,public-lock,10,261,4096,1.4765625,1.476806640625,0.000244140625,0.000244140625,"[-0.000234375, 0.00072265625]",0.00016534391534391533,-0.000244140625,0.000244140625,"[-0.00072265625, 0.000234375]",-1.0,0.00048828125,0.00048828125,0.000390625,0.00048828125,9.765625e-05,0.0,2.0,0.0,0.2,1.0,,,,,,
D-difficulty-decline,c10-eclip,0.2,public-lock,25,652,4096,1.515625,1.515869140625,0.000244140625,0.000244140625,"[-0.000234375, 0.00072265625]",0.00016108247422680412,-0.000244140625,0.000244140625,"[-0.00072265625, 0.000234375]",-1.0,0.00048828125,0.00048828125,0.000390625,0.00048828125,9.765625e-05,0.0,2.0,0.0,0.2,1.0,,,,,,
D-difficulty-decline,c10-eclip,0.2,public-lock,50,1304,4096,1.515869140625,1.51611328125,0.000244140625,0.000244140625,"[-0.000234375, 0.00072265625]",0.00016105653084232566,-0.000244140625,0.000244140625,"[-0.00072265625, 0.000234375]",-1.0,0.00048828125,0.00048828125,0.000390625,0.00048828125,9.765625e-05,0.0,2.0,0.0,0.2,1.0,,,,,,
D-difficulty-decline,c10-eclip,0.2,public-lock,100,2609,4096,1.515869140625,1.51611328125,0.000244140625,0.000244140625,"[-0.000234375, 0.00072265625]",0.00016105653084232566,-0.000244140625,0.000244140625,"[-0.00072265625, 0.000234375]",-1.0,0.00048828125,0.00048828125,0.000390625,0.00048828125,9.765625e-05,0.0,2.0,0.0,0.2,1.0,,,,,,
D-difficulty-decline,c10-eclip,0.2,threshold,1,26,4096,0.500244140625,0.500244140625,0.0,0.0,"[0.0, 0.0]",0.0,-0.000244140625,0.000244140625,"[-0.00072265625, 0.000234375]",,0.000244140625,0.000244140625,0.0001953125,0.000244140625,4.8828125e-05,0.0,,0.0,0.2,1.0,,,100.0,0.2,,
D-difficulty-decline,c10-eclip,0.2,threshold,4,104,4096,1.1943359375,1.194580078125,0.000244140625,0.000244140625,"[-0.000234375, 0.00072265625]",0.0002044153720359771,-0.000244140625,0.000244140625,"[-0.00072265625, 0.000234375]",-1.0,0.00048828125,0.00048828125,0.000390625,0.00048828125,9.765625e-05,0.0,2.0,0.0,0.2,1.0,,,100.0,0.2,,
D-difficulty-decline,c10-eclip,0.2,threshold,10,261,4096,1.4765625,1.476806640625,0.000244140625,0.000244140625,"[-0.000234375, 0.00072265625]",0.00016534391534391533,-0.000244140625,0.000244140625,"[-0.00072265625, 0.000234375]",-1.0,0.00048828125,0.00048828125,0.000390625,0.00048828125,9.765625e-05,0.0,2.0,0.0,0.2,1.0,,,100.0,0.2,,
D-difficulty-decline,c10-eclip,0.2,threshold,25,652,4096,1.515625,1.515869140625,0.000244140625,0.000244140625,"[-0.000234375, 0.00072265625]",0.00016108247422680412,-0.000244140625,0.000244140625,"[-0.00072265625, 0.000234375]",-1.0,0.00048828125,0.00048828125,0.000390625,0.00048828125,9.765625e-05,0.0,2.0,0.0,0.2,1.0,,,100.0,0.2,,
D-difficulty-decline,c10-eclip,0.2,threshold,50,1304,4096,1.515869140625,1.51611328125,0.000244140625,0.000244140625,"[-0.000234375, 0.00072265625]",0.00016105653084232566,-0.000244140625,0.000244140625,"[-0.00072265625, 0.000234375]",-1.0,0.00048828125,0.00048828125,0.000390625,0.00048828125,9.765625e-05,0.0,2.0,0.0,0.2,1.0,,,100.0,0.2,,
D-difficulty-decline,c10-eclip,0.2,threshold,100,2609,4096,1.515869140625,1.51611328125,0.000244140625,0.000244140625,"[-0.000234375, 0.00072265625]",0.00016105653084232566,-0.000244140625,0.000244140625,"[-0.00072265625, 0.000234375]",-1.0,0.00048828125,0.00048828125,0.000390625,0.00048828125,9.765625e-05,0.0,2.0,0.0,0.2,1.0,,,100.0,0.2,,
D-difficulty-decline,c10-eclip,0.2,all-discoveries-public-lock,1,26,4096,0.500244140625,0.500244140625,0.0,0.0,"[0.0, 0.0]",0.0,,,,,0.001708984375,0.0,0.0,0.001708984375,,0.001708984375,,0.0,0.2,1.0,,,,,"Impossible ownership stress: controls every discovery after a public lock at zero cost, but lacks foresight; it is not the omniscient hard ceiling.",
D-difficulty-decline,c10-eclip,0.2,all-discoveries-public-lock,4,104,4096,1.1943359375,1.194580078125,0.000244140625,0.000244140625,"[-0.000234375, 0.00072265625]",0.0002044153720359771,,,,,0.003173828125,0.0,0.0,0.003173828125,,0.003173828125,0.0,0.0,0.2,1.0,,,,,"Impossible ownership stress: controls every discovery after a public lock at zero cost, but lacks foresight; it is not the omniscient hard ceiling.",
D-difficulty-decline,c10-eclip,0.2,all-discoveries-public-lock,10,261,4096,1.4765625,1.476806640625,0.000244140625,0.000244140625,"[-0.000234375, 0.00072265625]",0.00016534391534391533,,,,,0.003662109375,0.0,0.0,0.003662109375,,0.003662109375,0.0,0.0,0.2,1.0,,,,,"Impossible ownership stress: controls every discovery after a public lock at zero cost, but lacks foresight; it is not the omniscient hard ceiling.",
D-difficulty-decline,c10-eclip,0.2,all-discoveries-public-lock,25,652,4096,1.515625,1.515869140625,0.000244140625,0.000244140625,"[-0.000234375, 0.00072265625]",0.00016108247422680412,,,,,0.003662109375,0.0,0.0,0.003662109375,,0.003662109375,0.0,0.0,0.2,1.0,,,,,"Impossible ownership stress: controls every discovery after a public lock at zero cost, but lacks foresight; it is not the omniscient hard ceiling.",
D-difficulty-decline,c10-eclip,0.2,all-discoveries-public-lock,50,1304,4096,1.515869140625,1.51611328125,0.000244140625,0.000244140625,"[-0.000234375, 0.00072265625]",0.00016105653084232566,,,,,0.003662109375,0.0,0.0,0.003662109375,,0.003662109375,0.0,0.0,0.2,1.0,,,,,"Impossible ownership stress: controls every discovery after a public lock at zero cost, but lacks foresight; it is not the omniscient hard ceiling.",
D-difficulty-decline,c10-eclip,0.2,all-discoveries-public-lock,100,2609,4096,1.515869140625,1.51611328125,0.000244140625,0.000244140625,"[-0.000234375, 0.00072265625]",0.00016105653084232566,,,,,0.003662109375,0.0,0.0,0.003662109375,,0.003662109375,0.0,0.0,0.2,1.0,,,,,"Impossible ownership stress: controls every discovery after a public lock at zero cost, but lacks foresight; it is not the omniscient hard ceiling.",
D-difficulty-decline,c10-eclip,0.2,omniscient-hard-ceiling,1,26,4096,0.500244140625,26.0,25.499755859375,0.010603857652057238,"[25.478972298376966, 25.520539420373034]",50.97462176671547,,,,,,0.0,0.0,,,,,,,,,,,,"Hard count ceiling only: grants arbitrary foresight, control, delay, and zero cost; it is not an executable strategy.",
D-difficulty-decline,c10-eclip,0.2,omniscient-hard-ceiling,4,104,4096,1.1943359375,104.0,102.8056640625,0.015109610049488971,"[102.776049226803, 102.835278898197]",86.07767784137367,,,,,,0.0,0.0,,,,,,,,,,,,"Hard count ceiling only: grants arbitrary foresight, control, delay, and zero cost; it is not an executable strategy.",
D-difficulty-decline,c10-eclip,0.2,omniscient-hard-ceiling,10,261,4096,1.4765625,261.0,259.5234375,0.016251096956259477,"[259.4915853499657, 259.5552896500343]",175.76190476190476,,,,,,0.0,0.0,,,,,,,,,,,,"Hard count ceiling only: grants arbitrary foresight, control, delay, and zero cost; it is not an executable strategy.",
D-difficulty-decline,c10-eclip,0.2,omniscient-hard-ceiling,25,652,4096,1.515625,652.0,650.484375,0.016406726946669288,"[650.4522178151846, 650.5165321848154]",429.1855670103093,,,,,,0.0,0.0,,,,,,,,,,,,"Hard count ceiling only: grants arbitrary foresight, control, delay, and zero cost; it is not an executable strategy.",
D-difficulty-decline,c10-eclip,0.2,omniscient-hard-ceiling,50,1304,4096,1.515869140625,1304.0,1302.484130859375,0.016403035482696466,"[1302.451980909829, 1302.516280808921]",859.2325656305363,,,,,,0.0,0.0,,,,,,,,,,,,"Hard count ceiling only: grants arbitrary foresight, control, delay, and zero cost; it is not an executable strategy.",
D-difficulty-decline,c10-eclip,0.2,omniscient-hard-ceiling,100,2609,4096,1.515869140625,2609.0,2607.484130859375,0.016403035482696466,"[2607.4519809098288, 2607.5162808089212]",1720.1248188114027,,,,,,0.0,0.0,,,,,,,,,,,,"Hard count ceiling only: grants arbitrary foresight, control, delay, and zero cost; it is not an executable strategy.",
D-difficulty-decline,c10-eclip,0.2,public-lock-budget-1R,1,26,4096,0.500244140625,0.500244140625,0.0,0.0,"[0.0, 0.0]",0.0,-0.000244140625,0.000244140625,"[-0.00072265625, 0.000234375]",,0.000244140625,0.000244140625,0.0001953125,0.000244140625,4.8828125e-05,0.0,,0.0,0.2,1.0,1,0.000244140625,,,,True
D-difficulty-decline,c10-eclip,0.2,public-lock-budget-1R,4,104,4096,1.1943359375,1.194580078125,0.000244140625,0.000244140625,"[-0.000234375, 0.00072265625]",0.0002044153720359771,-0.000244140625,0.000244140625,"[-0.00072265625, 0.000234375]",-1.0,0.00048828125,0.00048828125,0.000390625,0.00048828125,9.765625e-05,0.0,2.0,0.0,0.2,1.0,1,0.00048828125,,,,True
D-difficulty-decline,c10-eclip,0.2,public-lock-budget-1R,10,261,4096,1.4765625,1.476806640625,0.000244140625,0.000244140625,"[-0.000234375, 0.00072265625]",0.00016534391534391533,-0.000244140625,0.000244140625,"[-0.00072265625, 0.000234375]",-1.0,0.00048828125,0.00048828125,0.000390625,0.00048828125,9.765625e-05,0.0,2.0,0.0,0.2,1.0,1,0.00048828125,,,,True
D-difficulty-decline,c10-eclip,0.2,public-lock-budget-1R,25,652,4096,1.515625,1.515869140625,0.000244140625,0.000244140625,"[-0.000234375, 0.00072265625]",0.00016108247422680412,-0.000244140625,0.000244140625,"[-0.00072265625, 0.000234375]",-1.0,0.00048828125,0.00048828125,0.000390625,0.00048828125,9.765625e-05,0.0,2.0,0.0,0.2,1.0,1,0.00048828125,,,,True
D-difficulty-decline,c10-eclip,0.2,public-lock-budget-1R,50,1304,4096,1.515869140625,1.51611328125,0.000244140625,0.000244140625,"[-0.000234375, 0.00072265625]",0.00016105653084232566,-0.000244140625,0.000244140625,"[-0.00072265625, 0.000234375]",-1.0,0.00048828125,0.00048828125,0.000390625,0.00048828125,9.765625e-05,0.0,2.0,0.0,0.2,1.0,1,0.00048828125,,,,True
D-difficulty-decline,c10-eclip,0.2,public-lock-budget-1R,100,2609,4096,1.515869140625,1.51611328125,0.000244140625,0.000244140625,"[-0.000234375, 0.00072265625]",0.00016105653084232566,-0.000244140625,0.000244140625,"[-0.00072265625, 0.000234375]",-1.0,0.00048828125,0.00048828125,0.000390625,0.00048828125,9.765625e-05,0.0,2.0,0.0,0.2,1.0,1,0.00048828125,,,,True
D-difficulty-decline,c10-eclip,0.3,shallow-lock,1,26,4096,0.515625,0.515625,0.0,0.0,"[0.0, 0.0]",0.0,0.0,0.0,"[0.0, 0.0]",,0.0,0.0,0.0,0.0,0.0,0.0,,0.0,0.3,1.0,,,,,,
D-difficulty-decline,c10-eclip,0.3,shallow-lock,4,104,4096,1.228271484375,1.228271484375,0.0,0.0,"[0.0, 0.0]",0.0,0.0,0.0,"[0.0, 0.0]",,0.0,0.0,0.0,0.0,0.0,0.0,,0.0,0.3,1.0,,,,,,
D-difficulty-decline,c10-eclip,0.3,shallow-lock,10,261,4096,1.518310546875,1.518310546875,0.0,0.0,"[0.0, 0.0]",0.0,0.0,0.0,"[0.0, 0.0]",,0.0,0.0,0.0,0.0,0.0,0.0,,0.0,0.3,1.0,,,,,,
D-difficulty-decline,c10-eclip,0.3,shallow-lock,25,652,4096,1.55712890625,1.55712890625,0.0,0.0,"[0.0, 0.0]",0.0,0.0,0.0,"[0.0, 0.0]",,0.0,0.0,0.0,0.0,0.0,0.0,,0.0,0.3,1.0,,,,,,
D-difficulty-decline,c10-eclip,0.3,shallow-lock,50,1304,4096,1.55712890625,1.55712890625,0.0,0.0,"[0.0, 0.0]",0.0,0.0,0.0,"[0.0, 0.0]",,0.0,0.0,0.0,0.0,0.0,0.0,,0.0,0.3,1.0,,,,,,
D-difficulty-decline,c10-eclip,0.3,shallow-lock,100,2609,4096,1.55712890625,1.55712890625,0.0,0.0,"[0.0, 0.0]",0.0,0.0,0.0,"[0.0, 0.0]",,0.0,0.0,0.0,0.0,0.0,0.0,,0.0,0.3,1.0,,,,,,
D-difficulty-decline,c10-eclip,0.3,public-lock,1,26,4096,0.515625,0.515625,0.0,0.0,"[0.0, 0.0]",0.0,-0.000244140625,0.000244140625,"[-0.00072265625, 0.000234375]",,0.000244140625,0.000244140625,0.0001708984375,0.000244140625,7.32421875e-05,0.0,,0.0,0.3,1.0,,,,,,
D-difficulty-decline,c10-eclip,0.3,public-lock,4,104,4096,1.228271484375,1.228271484375,0.0,0.0,"[0.0, 0.0]",0.0,-0.000732421875,0.00042276069059612694,"[-0.0015610328285684087, 9.618907856840883e-05]",,0.000732421875,0.000732421875,0.0005126953124999999,0.000732421875,0.00021972656249999998,0.0,,0.0,0.3,1.0,,,,,,
D-difficulty-decline,c10-eclip,0.3,public-lock,10,261,4096,1.518310546875,1.518310546875,0.0,0.0,"[0.0, 0.0]",0.0,-0.000732421875,0.00042276069059612694,"[-0.0015610328285684087, 9.618907856840883e-05]",,0.000732421875,0.000732421875,0.0005126953124999999,0.000732421875,0.00021972656249999998,0.0,,0.0,0.3,1.0,,,,,,
D-difficulty-decline,c10-eclip,0.3,public-lock,25,652,4096,1.55712890625,1.55712890625,0.0,0.0,"[0.0, 0.0]",0.0,-0.000732421875,0.00042276069059612694,"[-0.0015610328285684087, 9.618907856840883e-05]",,0.000732421875,0.000732421875,0.0005126953124999999,0.000732421875,0.00021972656249999998,0.0,,0.0,0.3,1.0,,,,,,
D-difficulty-decline,c10-eclip,0.3,public-lock,50,1304,4096,1.55712890625,1.55712890625,0.0,0.0,"[0.0, 0.0]",0.0,-0.000732421875,0.00042276069059612694,"[-0.0015610328285684087, 9.618907856840883e-05]",,0.000732421875,0.000732421875,0.0005126953124999999,0.000732421875,0.00021972656249999998,0.0,,0.0,0.3,1.0,,,,,,
D-difficulty-decline,c10-eclip,0.3,public-lock,100,2609,4096,1.55712890625,1.55712890625,0.0,0.0,"[0.0, 0.0]",0.0,-0.000732421875,0.00042276069059612694,"[-0.0015610328285684087, 9.618907856840883e-05]",,0.000732421875,0.000732421875,0.0005126953124999999,0.000732421875,0.00021972656249999998,0.0,,0.0,0.3,1.0,,,,,,
D-difficulty-decline,c10-eclip,0.3,threshold,1,26,4096,0.515625,0.515625,0.0,0.0,"[0.0, 0.0]",0.0,-0.000244140625,0.000244140625,"[-0.00072265625, 0.000234375]",,0.000244140625,0.000244140625,0.0001708984375,0.000244140625,7.32421875e-05,0.0,,0.0,0.3,1.0,,,100.0,0.3,,
D-difficulty-decline,c10-eclip,0.3,threshold,4,104,4096,1.228271484375,1.228271484375,0.0,0.0,"[0.0, 0.0]",0.0,-0.000732421875,0.00042276069059612694,"[-0.0015610328285684087, 9.618907856840883e-05]",,0.000732421875,0.000732421875,0.0005126953124999999,0.000732421875,0.00021972656249999998,0.0,,0.0,0.3,1.0,,,100.0,0.3,,
D-difficulty-decline,c10-eclip,0.3,threshold,10,261,4096,1.518310546875,1.518310546875,0.0,0.0,"[0.0, 0.0]",0.0,-0.000732421875,0.00042276069059612694,"[-0.0015610328285684087, 9.618907856840883e-05]",,0.000732421875,0.000732421875,0.0005126953124999999,0.000732421875,0.00021972656249999998,0.0,,0.0,0.3,1.0,,,100.0,0.3,,
D-difficulty-decline,c10-eclip,0.3,threshold,25,652,4096,1.55712890625,1.55712890625,0.0,0.0,"[0.0, 0.0]",0.0,-0.000732421875,0.00042276069059612694,"[-0.0015610328285684087, 9.618907856840883e-05]",,0.000732421875,0.000732421875,0.0005126953124999999,0.000732421875,0.00021972656249999998,0.0,,0.0,0.3,1.0,,,100.0,0.3,,
D-difficulty-decline,c10-eclip,0.3,threshold,50,1304,4096,1.55712890625,1.55712890625,0.0,0.0,"[0.0, 0.0]",0.0,-0.000732421875,0.00042276069059612694,"[-0.0015610328285684087, 9.618907856840883e-05]",,0.000732421875,0.000732421875,0.0005126953124999999,0.000732421875,0.00021972656249999998,0.0,,0.0,0.3,1.0,,,100.0,0.3,,
D-difficulty-decline,c10-eclip,0.3,threshold,100,2609,4096,1.55712890625,1.55712890625,0.0,0.0,"[0.0, 0.0]",0.0,-0.000732421875,0.00042276069059612694,"[-0.0015610328285684087, 9.618907856840883e-05]",,0.000732421875,0.000732421875,0.0005126953124999999,0.000732421875,0.00021972656249999998,0.0,,0.0,0.3,1.0,,,100.0,0.3,,
D-difficulty-decline,c10-eclip,0.3,all-discoveries-public-lock,1,26,4096,0.515625,0.515625,0.0,0.0,"[0.0, 0.0]",0.0,,,,,0.00146484375,0.0,0.0,0.00146484375,,0.00146484375,,0.0,0.3,1.0,,,,,"Impossible ownership stress: controls every discovery after a public lock at zero cost, but lacks foresight; it is not the omniscient hard ceiling.",
D-difficulty-decline,c10-eclip,0.3,all-discoveries-public-lock,4,104,4096,1.228271484375,1.228515625,0.000244140625,0.000244140625,"[-0.000234375, 0.00072265625]",0.00019876764062810574,,,,,0.005126953125,0.0,0.0,0.005126953125,,0.005126953125,0.0,0.0,0.3,1.0,,,,,"Impossible ownership stress: controls every discovery after a public lock at zero cost, but lacks foresight; it is not the omniscient hard ceiling.",
D-difficulty-decline,c10-eclip,0.3,all-discoveries-public-lock,10,261,4096,1.518310546875,1.5185546875,0.000244140625,0.000244140625,"[-0.000234375, 0.00072265625]",0.00016079755587715066,,,,,0.005126953125,0.0,0.0,0.005126953125,,0.005126953125,0.0,0.0,0.3,1.0,,,,,"Impossible ownership stress: controls every discovery after a public lock at zero cost, but lacks foresight; it is not the omniscient hard ceiling.",
D-difficulty-decline,c10-eclip,0.3,all-discoveries-public-lock,25,652,4096,1.55712890625,1.557373046875,0.000244140625,0.000244140625,"[-0.000234375, 0.00072265625]",0.00015678896205707118,,,,,0.005126953125,0.0,0.0,0.005126953125,,0.005126953125,0.0,0.0,0.3,1.0,,,,,"Impossible ownership stress: controls every discovery after a public lock at zero cost, but lacks foresight; it is not the omniscient hard ceiling.",
D-difficulty-decline,c10-eclip,0.3,all-discoveries-public-lock,50,1304,4096,1.55712890625,1.557373046875,0.000244140625,0.000244140625,"[-0.000234375, 0.00072265625]",0.00015678896205707118,,,,,0.005126953125,0.0,0.0,0.005126953125,,0.005126953125,0.0,0.0,0.3,1.0,,,,,"Impossible ownership stress: controls every discovery after a public lock at zero cost, but lacks foresight; it is not the omniscient hard ceiling.",
D-difficulty-decline,c10-eclip,0.3,all-discoveries-public-lock,100,2609,4096,1.55712890625,1.557373046875,0.000244140625,0.000244140625,"[-0.000234375, 0.00072265625]",0.00015678896205707118,,,,,0.005126953125,0.0,0.0,0.005126953125,,0.005126953125,0.0,0.0,0.3,1.0,,,,,"Impossible ownership stress: controls every discovery after a public lock at zero cost, but lacks foresight; it is not the omniscient hard ceiling.",
D-difficulty-decline,c10-eclip,0.3,omniscient-hard-ceiling,1,26,4096,0.515625,26.0,25.484375,0.010707367653611091,"[25.463388559398922, 25.505361440601078]",49.42424242424242,,,,,,0.0,0.0,,,,,,,,,,,,"Hard count ceiling only: grants arbitrary foresight, control, delay, and zero cost; it is not an executable strategy.",
D-difficulty-decline,c10-eclip,0.3,omniscient-hard-ceiling,4,104,4096,1.228271484375,104.0,102.771728515625,0.015511196830596841,"[102.74132656983703, 102.80213046141297]",83.671834625323,,,,,,0.0,0.0,,,,,,,,,,,,"Hard count ceiling only: grants arbitrary foresight, control, delay, and zero cost; it is not an executable strategy.",
D-difficulty-decline,c10-eclip,0.3,omniscient-hard-ceiling,10,261,4096,1.518310546875,261.0,259.481689453125,0.016687091688753,"[259.44898275341507, 259.51439615283493]",170.9015918958032,,,,,,0.0,0.0,,,,,,,,,,,,"Hard count ceiling only: grants arbitrary foresight, control, delay, and zero cost; it is not an executable strategy.",
D-difficulty-decline,c10-eclip,0.3,omniscient-hard-ceiling,25,652,4096,1.55712890625,652.0,650.44287109375,0.016772628187180925,"[650.4099967425032, 650.4757454449968]",417.71934775791783,,,,,,0.0,0.0,,,,,,,,,,,,"Hard count ceiling only: grants arbitrary foresight, control, delay, and zero cost; it is not an executable strategy.",
D-difficulty-decline,c10-eclip,0.3,omniscient-hard-ceiling,50,1304,4096,1.55712890625,1304.0,1302.44287109375,0.016772628187180925,"[1302.4099967425032, 1302.4757454449968]",836.4386955158357,,,,,,0.0,0.0,,,,,,,,,,,,"Hard count ceiling only: grants arbitrary foresight, control, delay, and zero cost; it is not an executable strategy.",
D-difficulty-decline,c10-eclip,0.3,omniscient-hard-ceiling,100,2609,4096,1.55712890625,2609.0,2607.44287109375,0.016772628187180925,"[2607.409996742503, 2607.475745444997]",1674.519598620257,,,,,,0.0,0.0,,,,,,,,,,,,"Hard count ceiling only: grants arbitrary foresight, control, delay, and zero cost; it is not an executable strategy.",
D-difficulty-decline,c10-eclip,0.3,public-lock-budget-1R,1,26,4096,0.515625,0.515625,0.0,0.0,"[0.0, 0.0]",0.0,-0.000244140625,0.000244140625,"[-0.00072265625, 0.000234375]",,0.000244140625,0.000244140625,0.0001708984375,0.000244140625,7.32421875e-05,0.0,,0.0,0.3,1.0,1,0.000244140625,,,,True
D-difficulty-decline,c10-eclip,0.3,public-lock-budget-1R,4,104,4096,1.228271484375,1.228271484375,0.0,0.0,"[0.0, 0.0]",0.0,-0.000732421875,0.00042276069059612694,"[-0.0015610328285684087, 9.618907856840883e-05]",,0.000732421875,0.000732421875,0.0005126953124999999,0.000732421875,0.00021972656249999998,0.0,,0.0,0.3,1.0,1,0.000732421875,,,,True
D-difficulty-decline,c10-eclip,0.3,public-lock-budget-1R,10,261,4096,1.518310546875,1.518310546875,0.0,0.0,"[0.0, 0.0]",0.0,-0.000732421875,0.00042276069059612694,"[-0.0015610328285684087, 9.618907856840883e-05]",,0.000732421875,0.000732421875,0.0005126953124999999,0.000732421875,0.00021972656249999998,0.0,,0.0,0.3,1.0,1,0.000732421875,,,,True
D-difficulty-decline,c10-eclip,0.3,public-lock-budget-1R,25,652,4096,1.55712890625,1.55712890625,0.0,0.0,"[0.0, 0.0]",0.0,-0.000732421875,0.00042276069059612694,"[-0.0015610328285684087, 9.618907856840883e-05]",,0.000732421875,0.000732421875,0.0005126953124999999,0.000732421875,0.00021972656249999998,0.0,,0.0,0.3,1.0,1,0.000732421875,,,,True
D-difficulty-decline,c10-eclip,0.3,public-lock-budget-1R,50,1304,4096,1.55712890625,1.55712890625,0.0,0.0,"[0.0, 0.0]",0.0,-0.000732421875,0.00042276069059612694,"[-0.0015610328285684087, 9.618907856840883e-05]",,0.000732421875,0.000732421875,0.0005126953124999999,0.000732421875,0.00021972656249999998,0.0,,0.0,0.3,1.0,1,0.000732421875,,,,True
D-difficulty-decline,c10-eclip,0.3,public-lock-budget-1R,100,2609,4096,1.55712890625,1.55712890625,0.0,0.0,"[0.0, 0.0]",0.0,-0.000732421875,0.00042276069059612694,"[-0.0015610328285684087, 9.618907856840883e-05]",,0.000732421875,0.000732421875,0.0005126953124999999,0.000732421875,0.00021972656249999998,0.0,,0.0,0.3,1.0,1,0.000732421875,,,,True
D-difficulty-decline,c10-eclip,0.5,shallow-lock,1,26,4096,0.504638671875,0.504638671875,0.0,0.0,"[0.0, 0.0]",0.0,0.0,0.0,"[0.0, 0.0]",,0.000732421875,0.000732421875,0.0003662109375,0.000732421875,0.0003662109375,0.0,,0.0,0.5,1.0,,,,,,
D-difficulty-decline,c10-eclip,0.5,shallow-lock,4,104,4096,1.192626953125,1.192626953125,0.0,0.0,"[0.0, 0.0]",0.0,0.0,0.0,"[0.0, 0.0]",,0.00146484375,0.00146484375,0.000732421875,0.00146484375,0.000732421875,0.0,,0.0,0.5,1.0,,,,,,
D-difficulty-decline,c10-eclip,0.5,shallow-lock,10,261,4096,1.4599609375,1.4599609375,0.0,0.0,"[0.0, 0.0]",0.0,0.0,0.0,"[0.0, 0.0]",,0.00146484375,0.00146484375,0.000732421875,0.00146484375,0.000732421875,0.0,,0.0,0.5,1.0,,,,,,
D-difficulty-decline,c10-eclip,0.5,shallow-lock,25,652,4096,1.493408203125,1.493408203125,0.0,0.0,"[0.0, 0.0]",0.0,0.0,0.0,"[0.0, 0.0]",,0.00146484375,0.00146484375,0.000732421875,0.00146484375,0.000732421875,0.0,,0.0,0.5,1.0,,,,,,
D-difficulty-decline,c10-eclip,0.5,shallow-lock,50,1304,4096,1.493896484375,1.493896484375,0.0,0.0,"[0.0, 0.0]",0.0,0.0,0.0,"[0.0, 0.0]",,0.00146484375,0.00146484375,0.000732421875,0.00146484375,0.000732421875,0.0,,0.0,0.5,1.0,,,,,,
D-difficulty-decline,c10-eclip,0.5,shallow-lock,100,2609,4096,1.493896484375,1.493896484375,0.0,0.0,"[0.0, 0.0]",0.0,0.0,0.0,"[0.0, 0.0]",,0.00146484375,0.00146484375,0.000732421875,0.00146484375,0.000732421875,0.0,,0.0,0.5,1.0,,,,,,
D-difficulty-decline,c10-eclip,0.5,public-lock,1,26,4096,0.504638671875,0.504638671875,0.0,0.0,"[0.0, 0.0]",0.0,0.0,0.0,"[0.0, 0.0]",,0.000732421875,0.000732421875,0.0003662109375,0.000732421875,0.0003662109375,0.0,,0.0,0.5,1.0,,,,,,
D-difficulty-decline,c10-eclip,0.5,public-lock,4,104,4096,1.192626953125,1.192626953125,0.0,0.0,"[0.0, 0.0]",0.0,0.0,0.0,"[0.0, 0.0]",,0.00146484375,0.00146484375,0.000732421875,0.00146484375,0.000732421875,0.0,,0.0,0.5,1.0,,,,,,
D-difficulty-decline,c10-eclip,0.5,public-lock,10,261,4096,1.4599609375,1.4599609375,0.0,0.0,"[0.0, 0.0]",0.0,0.0,0.0,"[0.0, 0.0]",,0.00146484375,0.00146484375,0.000732421875,0.00146484375,0.000732421875,0.0,,0.0,0.5,1.0,,,,,,
D-difficulty-decline,c10-eclip,0.5,public-lock,25,652,4096,1.493408203125,1.493408203125,0.0,0.0,"[0.0, 0.0]",0.0,0.0,0.0,"[0.0, 0.0]",,0.00146484375,0.00146484375,0.000732421875,0.00146484375,0.000732421875,0.0,,0.0,0.5,1.0,,,,,,
D-difficulty-decline,c10-eclip,0.5,public-lock,50,1304,4096,1.493896484375,1.493896484375,0.0,0.0,"[0.0, 0.0]",0.0,0.0,0.0,"[0.0, 0.0]",,0.00146484375,0.00146484375,0.000732421875,0.00146484375,0.000732421875,0.0,,0.0,0.5,1.0,,,,,,
D-difficulty-decline,c10-eclip,0.5,public-lock,100,2609,4096,1.493896484375,1.493896484375,0.0,0.0,"[0.0, 0.0]",0.0,0.0,0.0,"[0.0, 0.0]",,0.00146484375,0.00146484375,0.000732421875,0.00146484375,0.000732421875,0.0,,0.0,0.5,1.0,,,,,,
D-difficulty-decline,c10-eclip,0.5,threshold,1,26,4096,0.504638671875,0.504638671875,0.0,0.0,"[0.0, 0.0]",0.0,0.0,0.0,"[0.0, 0.0]",,0.000732421875,0.00048828125,0.000244140625,0.00048828125,0.000244140625,0.0,,0.0,0.5,1.0,,,100.0,0.5,,
D-difficulty-decline,c10-eclip,0.5,threshold,4,104,4096,1.192626953125,1.192626953125,0.0,0.0,"[0.0, 0.0]",0.0,0.0,0.0,"[0.0, 0.0]",,0.00146484375,0.001220703125,0.0006103515625,0.001220703125,0.0006103515625,0.0,,0.0,0.5,1.0,,,100.0,0.5,,
D-difficulty-decline,c10-eclip,0.5,threshold,10,261,4096,1.4599609375,1.4599609375,0.0,0.0,"[0.0, 0.0]",0.0,0.0,0.0,"[0.0, 0.0]",,0.00146484375,0.001220703125,0.0006103515625,0.001220703125,0.0006103515625,0.0,,0.0,0.5,1.0,,,100.0,0.5,,
D-difficulty-decline,c10-eclip,0.5,threshold,25,652,4096,1.493408203125,1.493408203125,0.0,0.0,"[0.0, 0.0]",0.0,0.0,0.0,"[0.0, 0.0]",,0.00146484375,0.001220703125,0.0006103515625,0.001220703125,0.0006103515625,0.0,,0.0,0.5,1.0,,,100.0,0.5,,
D-difficulty-decline,c10-eclip,0.5,threshold,50,1304,4096,1.493896484375,1.493896484375,0.0,0.0,"[0.0, 0.0]",0.0,0.0,0.0,"[0.0, 0.0]",,0.00146484375,0.001220703125,0.0006103515625,0.001220703125,0.0006103515625,0.0,,0.0,0.5,1.0,,,100.0,0.5,,
D-difficulty-decline,c10-eclip,0.5,threshold,100,2609,4096,1.493896484375,1.493896484375,0.0,0.0,"[0.0, 0.0]",0.0,0.0,0.0,"[0.0, 0.0]",,0.00146484375,0.001220703125,0.0006103515625,0.001220703125,0.0006103515625,0.0,,0.0,0.5,1.0,,,100.0,0.5,,
D-difficulty-decline,c10-eclip,0.5,all-discoveries-public-lock,1,26,4096,0.504638671875,0.504638671875,0.0,0.0,"[0.0, 0.0]",0.0,,,,,0.000732421875,0.0,0.0,0.000732421875,,0.000732421875,,0.0,0.5,1.0,,,,,"Impossible ownership stress: controls every discovery after a public lock at zero cost, but lacks foresight; it is not the omniscient hard ceiling.",
D-difficulty-decline,c10-eclip,0.5,all-discoveries-public-lock,4,104,4096,1.192626953125,1.19287109375,0.000244140625,0.000244140625,"[-0.000234375, 0.00072265625]",0.00020470829068577277,,,,,0.001953125,0.0,0.0,0.001953125,,0.001953125,0.0,0.0,0.5,1.0,,,,,"Impossible ownership stress: controls every discovery after a public lock at zero cost, but lacks foresight; it is not the omniscient hard ceiling.",
D-difficulty-decline,c10-eclip,0.5,all-discoveries-public-lock,10,261,4096,1.4599609375,1.46044921875,0.00048828125,0.000345224823286452,"[-0.00018835940364144593, 0.001164921903641446]",0.00033444816053511704,,,,,0.001953125,0.0,0.0,0.001953125,,0.001953125,0.0,0.0,0.5,1.0,,,,,"Impossible ownership stress: controls every discovery after a public lock at zero cost, but lacks foresight; it is not the omniscient hard ceiling.",
D-difficulty-decline,c10-eclip,0.5,all-discoveries-public-lock,25,652,4096,1.493408203125,1.493896484375,0.00048828125,0.000345224823286452,"[-0.00018835940364144593, 0.001164921903641446]",0.00032695765898316167,,,,,0.001953125,0.0,0.0,0.001953125,,0.001953125,0.0,0.0,0.5,1.0,,,,,"Impossible ownership stress: controls every discovery after a public lock at zero cost, but lacks foresight; it is not the omniscient hard ceiling.",
D-difficulty-decline,c10-eclip,0.5,all-discoveries-public-lock,50,1304,4096,1.493896484375,1.494384765625,0.00048828125,0.000345224823286452,"[-0.00018835940364144593, 0.001164921903641446]",0.0003268507926131721,,,,,0.001953125,0.0,0.0,0.001953125,,0.001953125,0.0,0.0,0.5,1.0,,,,,"Impossible ownership stress: controls every discovery after a public lock at zero cost, but lacks foresight; it is not the omniscient hard ceiling.",
D-difficulty-decline,c10-eclip,0.5,all-discoveries-public-lock,100,2609,4096,1.493896484375,1.494384765625,0.00048828125,0.000345224823286452,"[-0.00018835940364144593, 0.001164921903641446]",0.0003268507926131721,,,,,0.001953125,0.0,0.0,0.001953125,,0.001953125,0.0,0.0,0.5,1.0,,,,,"Impossible ownership stress: controls every discovery after a public lock at zero cost, but lacks foresight; it is not the omniscient hard ceiling.",
D-difficulty-decline,c10-eclip,0.5,omniscient-hard-ceiling,1,26,4096,0.504638671875,26.0,25.495361328125,0.010473493873826832,"[25.474833280132298, 25.515889376117702]",50.522012578616355,,,,,,0.0,0.0,,,,,,,,,,,,"Hard count ceiling only: grants arbitrary foresight, control, delay, and zero cost; it is not an executable strategy.",
D-difficulty-decline,c10-eclip,0.5,omniscient-hard-ceiling,4,104,4096,1.192626953125,104.0,102.807373046875,0.014994166784425356,"[102.77798447997753, 102.83676161377247]",86.20245649948824,,,,,,0.0,0.0,,,,,,,,,,,,"Hard count ceiling only: grants arbitrary foresight, control, delay, and zero cost; it is not an executable strategy.",
D-difficulty-decline,c10-eclip,0.5,omniscient-hard-ceiling,10,261,4096,1.4599609375,261.0,259.5400390625,0.0162761775978756,"[259.50813775440815, 259.57194037059185]",177.77190635451504,,,,,,0.0,0.0,,,,,,,,,,,,"Hard count ceiling only: grants arbitrary foresight, control, delay, and zero cost; it is not an executable strategy.",
D-difficulty-decline,c10-eclip,0.5,omniscient-hard-ceiling,25,652,4096,1.493408203125,652.0,650.506591796875,0.016346334285023762,"[650.4745529816763, 650.5386306120737]",435.5852542095799,,,,,,0.0,0.0,,,,,,,,,,,,"Hard count ceiling only: grants arbitrary foresight, control, delay, and zero cost; it is not an executable strategy.",
D-difficulty-decline,c10-eclip,0.5,omniscient-hard-ceiling,50,1304,4096,1.493896484375,1304.0,1302.506103515625,0.016346380587961958,"[1302.4740646096725, 1302.5381424215775]",871.8851119463965,,,,,,0.0,0.0,,,,,,,,,,,,"Hard count ceiling only: grants arbitrary foresight, control, delay, and zero cost; it is not an executable strategy.",
D-difficulty-decline,c10-eclip,0.5,omniscient-hard-ceiling,100,2609,4096,1.493896484375,2609.0,2607.506103515625,0.016346380587961958,"[2607.4740646096725, 2607.5381424215775]",1745.4396143160648,,,,,,0.0,0.0,,,,,,,,,,,,"Hard count ceiling only: grants arbitrary foresight, control, delay, and zero cost; it is not an executable strategy.",
D-difficulty-decline,c10-eclip,0.5,public-lock-budget-1R,1,26,4096,0.504638671875,0.504638671875,0.0,0.0,"[0.0, 0.0]",0.0,0.0,0.0,"[0.0, 0.0]",,0.000732421875,0.000732421875,0.0003662109375,0.000732421875,0.0003662109375,0.0,,0.0,0.5,1.0,1,0.000732421875,,,,True
D-difficulty-decline,c10-eclip,0.5,public-lock-budget-1R,4,104,4096,1.192626953125,1.192626953125,0.0,0.0,"[0.0, 0.0]",0.0,0.0,0.0,"[0.0, 0.0]",,0.00146484375,0.00146484375,0.000732421875,0.00146484375,0.000732421875,0.0,,0.0,0.5,1.0,1,0.00146484375,,,,True
D-difficulty-decline,c10-eclip,0.5,public-lock-budget-1R,10,261,4096,1.4599609375,1.4599609375,0.0,0.0,"[0.0, 0.0]",0.0,0.0,0.0,"[0.0, 0.0]",,0.00146484375,0.00146484375,0.000732421875,0.00146484375,0.000732421875,0.0,,0.0,0.5,1.0,1,0.00146484375,,,,True
D-difficulty-decline,c10-eclip,0.5,public-lock-budget-1R,25,652,4096,1.493408203125,1.493408203125,0.0,0.0,"[0.0, 0.0]",0.0,0.0,0.0,"[0.0, 0.0]",,0.00146484375,0.00146484375,0.000732421875,0.00146484375,0.000732421875,0.0,,0.0,0.5,1.0,1,0.00146484375,,,,True
D-difficulty-decline,c10-eclip,0.5,public-lock-budget-1R,50,1304,4096,1.493896484375,1.493896484375,0.0,0.0,"[0.0, 0.0]",0.0,0.0,0.0,"[0.0, 0.0]",,0.00146484375,0.00146484375,0.000732421875,0.00146484375,0.000732421875,0.0,,0.0,0.5,1.0,1,0.00146484375,,,,True
D-difficulty-decline,c10-eclip,0.5,public-lock-budget-1R,100,2609,4096,1.493896484375,1.493896484375,0.0,0.0,"[0.0, 0.0]",0.0,0.0,0.0,"[0.0, 0.0]",,0.00146484375,0.00146484375,0.000732421875,0.00146484375,0.000732421875,0.0,,0.0,0.5,1.0,1,0.00146484375,,,,True
D-difficulty-decline,c10-eclip,1.0,shallow-lock,1,26,4096,0.50439453125,0.50439453125,0.0,0.0,"[0.0, 0.0]",0.0,0.0,0.0,"[0.0, 0.0]",,0.003173828125,0.003173828125,0.0,0.003173828125,0.003173828125,0.0,,0.0,1.0,1.0,,,,,,
D-difficulty-decline,c10-eclip,1.0,shallow-lock,4,104,4096,1.208251953125,1.208251953125,0.0,0.0,"[0.0, 0.0]",0.0,0.0,0.0,"[0.0, 0.0]",,0.0048828125,0.0048828125,0.0,0.0048828125,0.0048828125,0.0,,0.0,1.0,1.0,,,,,,
D-difficulty-decline,c10-eclip,1.0,shallow-lock,10,261,4096,1.5,1.500732421875,0.000732421875,0.00042276069059612694,"[-9.618907856840883e-05, 0.0015610328285684087]",0.00048828125,0.000732421875,0.00042276069059612694,"[-9.618907856840883e-05, 0.0015610328285684087]",1.0,0.005126953125,0.005126953125,0.0,0.005126953125,0.005126953125,0.0,7.0,0.0,1.0,1.0,,,,,,
D-difficulty-decline,c10-eclip,1.0,shallow-lock,25,652,4096,1.53271484375,1.533447265625,0.000732421875,0.00042276069059612694,"[-9.618907856840883e-05, 0.0015610328285684087]",0.0004778591908251035,0.000732421875,0.00042276069059612694,"[-9.618907856840883e-05, 0.0015610328285684087]",1.0,0.005126953125,0.005126953125,0.0,0.005126953125,0.005126953125,0.0,7.0,0.0,1.0,1.0,,,,,,
D-difficulty-decline,c10-eclip,1.0,shallow-lock,50,1304,4096,1.532958984375,1.53369140625,0.000732421875,0.00042276069059612694,"[-9.618907856840883e-05, 0.0015610328285684087]",0.00047778308647873863,0.000732421875,0.00042276069059612694,"[-9.618907856840883e-05, 0.0015610328285684087]",1.0,0.005126953125,0.005126953125,0.0,0.005126953125,0.005126953125,0.0,7.0,0.0,1.0,1.0,,,,,,
D-difficulty-decline,c10-eclip,1.0,shallow-lock,100,2609,4096,1.532958984375,1.53369140625,0.000732421875,0.00042276069059612694,"[-9.618907856840883e-05, 0.0015610328285684087]",0.00047778308647873863,0.000732421875,0.00042276069059612694,"[-9.618907856840883e-05, 0.0015610328285684087]",1.0,0.005126953125,0.005126953125,0.0,0.005126953125,0.005126953125,0.0,7.0,0.0,1.0,1.0,,,,,,
D-difficulty-decline,c10-eclip,1.0,public-lock,1,26,4096,0.50439453125,0.50439453125,0.0,0.0,"[0.0, 0.0]",0.0,0.0,0.0,"[0.0, 0.0]",,0.003173828125,0.003173828125,0.0,0.003173828125,0.003173828125,0.0,,0.0,1.0,1.0,,,,,,
D-difficulty-decline,c10-eclip,1.0,public-lock,4,104,4096,1.208251953125,1.208251953125,0.0,0.0,"[0.0, 0.0]",0.0,0.0,0.0,"[0.0, 0.0]",,0.0048828125,0.0048828125,0.0,0.0048828125,0.0048828125,0.0,,0.0,1.0,1.0,,,,,,
D-difficulty-decline,c10-eclip,1.0,public-lock,10,261,4096,1.5,1.500732421875,0.000732421875,0.00042276069059612694,"[-9.618907856840883e-05, 0.0015610328285684087]",0.00048828125,0.000732421875,0.00042276069059612694,"[-9.618907856840883e-05, 0.0015610328285684087]",1.0,0.005126953125,0.005126953125,0.0,0.005126953125,0.005126953125,0.0,7.0,0.0,1.0,1.0,,,,,,
D-difficulty-decline,c10-eclip,1.0,public-lock,25,652,4096,1.53271484375,1.533447265625,0.000732421875,0.00042276069059612694,"[-9.618907856840883e-05, 0.0015610328285684087]",0.0004778591908251035,0.000732421875,0.00042276069059612694,"[-9.618907856840883e-05, 0.0015610328285684087]",1.0,0.005126953125,0.005126953125,0.0,0.005126953125,0.005126953125,0.0,7.0,0.0,1.0,1.0,,,,,,
D-difficulty-decline,c10-eclip,1.0,public-lock,50,1304,4096,1.532958984375,1.53369140625,0.000732421875,0.00042276069059612694,"[-9.618907856840883e-05, 0.0015610328285684087]",0.00047778308647873863,0.000732421875,0.00042276069059612694,"[-9.618907856840883e-05, 0.0015610328285684087]",1.0,0.005126953125,0.005126953125,0.0,0.005126953125,0.005126953125,0.0,7.0,0.0,1.0,1.0,,,,,,
D-difficulty-decline,c10-eclip,1.0,public-lock,100,2609,4096,1.532958984375,1.53369140625,0.000732421875,0.00042276069059612694,"[-9.618907856840883e-05, 0.0015610328285684087]",0.00047778308647873863,0.000732421875,0.00042276069059612694,"[-9.618907856840883e-05, 0.0015610328285684087]",1.0,0.005126953125,0.005126953125,0.0,0.005126953125,0.005126953125,0.0,7.0,0.0,1.0,1.0,,,,,,
D-difficulty-decline,c10-eclip,1.0,threshold,1,26,4096,0.50439453125,0.50439453125,0.0,0.0,"[0.0, 0.0]",0.0,0.0,0.0,"[0.0, 0.0]",,0.003173828125,0.003173828125,0.0,0.003173828125,0.003173828125,0.0,,0.0,1.0,1.0,,,100.0,1.0,,
D-difficulty-decline,c10-eclip,1.0,threshold,4,104,4096,1.208251953125,1.208251953125,0.0,0.0,"[0.0, 0.0]",0.0,0.0,0.0,"[0.0, 0.0]",,0.0048828125,0.0048828125,0.0,0.0048828125,0.0048828125,0.0,,0.0,1.0,1.0,,,100.0,1.0,,
D-difficulty-decline,c10-eclip,1.0,threshold,10,261,4096,1.5,1.500732421875,0.000732421875,0.00042276069059612694,"[-9.618907856840883e-05, 0.0015610328285684087]",0.00048828125,0.000732421875,0.00042276069059612694,"[-9.618907856840883e-05, 0.0015610328285684087]",1.0,0.005126953125,0.005126953125,0.0,0.005126953125,0.005126953125,0.0,7.0,0.0,1.0,1.0,,,100.0,1.0,,
D-difficulty-decline,c10-eclip,1.0,threshold,25,652,4096,1.53271484375,1.533447265625,0.000732421875,0.00042276069059612694,"[-9.618907856840883e-05, 0.0015610328285684087]",0.0004778591908251035,0.000732421875,0.00042276069059612694,"[-9.618907856840883e-05, 0.0015610328285684087]",1.0,0.005126953125,0.005126953125,0.0,0.005126953125,0.005126953125,0.0,7.0,0.0,1.0,1.0,,,100.0,1.0,,
D-difficulty-decline,c10-eclip,1.0,threshold,50,1304,4096,1.532958984375,1.53369140625,0.000732421875,0.00042276069059612694,"[-9.618907856840883e-05, 0.0015610328285684087]",0.00047778308647873863,0.000732421875,0.00042276069059612694,"[-9.618907856840883e-05, 0.0015610328285684087]",1.0,0.005126953125,0.005126953125,0.0,0.005126953125,0.005126953125,0.0,7.0,0.0,1.0,1.0,,,100.0,1.0,,
D-difficulty-decline,c10-eclip,1.0,threshold,100,2609,4096,1.532958984375,1.53369140625,0.000732421875,0.00042276069059612694,"[-9.618907856840883e-05, 0.0015610328285684087]",0.00047778308647873863,0.000732421875,0.00042276069059612694,"[-9.618907856840883e-05, 0.0015610328285684087]",1.0,0.005126953125,0.005126953125,0.0,0.005126953125,0.005126953125,0.0,7.0,0.0,1.0,1.0,,,100.0,1.0,,
D-difficulty-decline,c10-eclip,1.0,all-discoveries-public-lock,1,26,4096,0.50439453125,0.50439453125,0.0,0.0,"[0.0, 0.0]",0.0,,,,,0.003173828125,0.0,0.0,0.003173828125,,0.003173828125,,0.0,1.0,1.0,,,,,"Impossible ownership stress: controls every discovery after a public lock at zero cost, but lacks foresight; it is not the omniscient hard ceiling.",
D-difficulty-decline,c10-eclip,1.0,all-discoveries-public-lock,4,104,4096,1.208251953125,1.208251953125,0.0,0.0,"[0.0, 0.0]",0.0,,,,,0.0048828125,0.0,0.0,0.0048828125,,0.0048828125,,0.0,1.0,1.0,,,,,"Impossible ownership stress: controls every discovery after a public lock at zero cost, but lacks foresight; it is not the omniscient hard ceiling.",
D-difficulty-decline,c10-eclip,1.0,all-discoveries-public-lock,10,261,4096,1.5,1.500732421875,0.000732421875,0.00042276069059612694,"[-9.618907856840883e-05, 0.0015610328285684087]",0.00048828125,,,,,0.005126953125,0.0,0.0,0.005126953125,,0.005126953125,0.0,0.0,1.0,1.0,,,,,"Impossible ownership stress: controls every discovery after a public lock at zero cost, but lacks foresight; it is not the omniscient hard ceiling.",
D-difficulty-decline,c10-eclip,1.0,all-discoveries-public-lock,25,652,4096,1.53271484375,1.533447265625,0.000732421875,0.00042276069059612694,"[-9.618907856840883e-05, 0.0015610328285684087]",0.0004778591908251035,,,,,0.005126953125,0.0,0.0,0.005126953125,,0.005126953125,0.0,0.0,1.0,1.0,,,,,"Impossible ownership stress: controls every discovery after a public lock at zero cost, but lacks foresight; it is not the omniscient hard ceiling.",
D-difficulty-decline,c10-eclip,1.0,all-discoveries-public-lock,50,1304,4096,1.532958984375,1.53369140625,0.000732421875,0.00042276069059612694,"[-9.618907856840883e-05, 0.0015610328285684087]",0.00047778308647873863,,,,,0.005126953125,0.0,0.0,0.005126953125,,0.005126953125,0.0,0.0,1.0,1.0,,,,,"Impossible ownership stress: controls every discovery after a public lock at zero cost, but lacks foresight; it is not the omniscient hard ceiling.",
D-difficulty-decline,c10-eclip,1.0,all-discoveries-public-lock,100,2609,4096,1.532958984375,1.53369140625,0.000732421875,0.00042276069059612694,"[-9.618907856840883e-05, 0.0015610328285684087]",0.00047778308647873863,,,,,0.005126953125,0.0,0.0,0.005126953125,,0.005126953125,0.0,0.0,1.0,1.0,,,,,"Impossible ownership stress: controls every discovery after a public lock at zero cost, but lacks foresight; it is not the omniscient hard ceiling.",
D-difficulty-decline,c10-eclip,1.0,omniscient-hard-ceiling,1,26,4096,0.50439453125,26.0,25.49560546875,0.010564204981220713,"[25.474899626986808, 25.516311310513192]",50.54695062923524,,,,,,0.0,0.0,,,,,,,,,,,,"Hard count ceiling only: grants arbitrary foresight, control, delay, and zero cost; it is not an executable strategy.",
D-difficulty-decline,c10-eclip,1.0,omniscient-hard-ceiling,4,104,4096,1.208251953125,104.0,102.791748046875,0.015464609264959028,"[102.76143741271568, 102.82205868103432]",85.07476257829865,,,,,,0.0,0.0,,,,,,,,,,,,"Hard count ceiling only: grants arbitrary foresight, control, delay, and zero cost; it is not an executable strategy.",
D-difficulty-decline,c10-eclip,1.0,omniscient-hard-ceiling,10,261,4096,1.5,261.0,259.5,0.016502742399840904,"[259.4676546248963, 259.5323453751037]",173.0,,,,,,0.0,0.0,,,,,,,,,,,,"Hard count ceiling only: grants arbitrary foresight, control, delay, and zero cost; it is not an executable strategy.",
D-difficulty-decline,c10-eclip,1.0,omniscient-hard-ceiling,25,652,4096,1.53271484375,652.0,650.46728515625,0.01653813803072831,"[650.4348704057097, 650.4996999067903]",424.38897738133164,,,,,,0.0,0.0,,,,,,,,,,,,"Hard count ceiling only: grants arbitrary foresight, control, delay, and zero cost; it is not an executable strategy.",
D-difficulty-decline,c10-eclip,1.0,omniscient-hard-ceiling,50,1304,4096,1.532958984375,1304.0,1302.467041015625,0.016541624240164587,"[1302.4346194321142, 1302.4994625991358]",849.642458990285,,,,,,0.0,0.0,,,,,,,,,,,,"Hard count ceiling only: grants arbitrary foresight, control, delay, and zero cost; it is not an executable strategy.",
D-difficulty-decline,c10-eclip,1.0,omniscient-hard-ceiling,100,2609,4096,1.532958984375,2609.0,2607.467041015625,0.016541624240164587,"[2607.4346194321142, 2607.4994625991358]",1700.9372511546424,,,,,,0.0,0.0,,,,,,,,,,,,"Hard count ceiling only: grants arbitrary foresight, control, delay, and zero cost; it is not an executable strategy.",
D-difficulty-decline,c10-eclip,1.0,public-lock-budget-1R,1,26,4096,0.50439453125,0.50439453125,0.0,0.0,"[0.0, 0.0]",0.0,0.0,0.0,"[0.0, 0.0]",,0.003173828125,0.003173828125,0.0,0.003173828125,0.003173828125,0.0,,0.0,1.0,1.0,1,0.003173828125,,,,True
D-difficulty-decline,c10-eclip,1.0,public-lock-budget-1R,4,104,4096,1.208251953125,1.208251953125,0.0,0.0,"[0.0, 0.0]",0.0,0.0,0.0,"[0.0, 0.0]",,0.0048828125,0.0048828125,0.0,0.0048828125,0.0048828125,0.0,,0.0,1.0,1.0,1,0.0048828125,,,,True
D-difficulty-decline,c10-eclip,1.0,public-lock-budget-1R,10,261,4096,1.5,1.500732421875,0.000732421875,0.00042276069059612694,"[-9.618907856840883e-05, 0.0015610328285684087]",0.00048828125,0.000732421875,0.00042276069059612694,"[-9.618907856840883e-05, 0.0015610328285684087]",1.0,0.005126953125,0.005126953125,0.0,0.005126953125,0.005126953125,0.0,7.0,0.0,1.0,1.0,1,0.005126953125,,,,True
D-difficulty-decline,c10-eclip,1.0,public-lock-budget-1R,25,652,4096,1.53271484375,1.533447265625,0.000732421875,0.00042276069059612694,"[-9.618907856840883e-05, 0.0015610328285684087]",0.0004778591908251035,0.000732421875,0.00042276069059612694,"[-9.618907856840883e-05, 0.0015610328285684087]",1.0,0.005126953125,0.005126953125,0.0,0.005126953125,0.005126953125,0.0,7.0,0.0,1.0,1.0,1,0.005126953125,,,,True
D-difficulty-decline,c10-eclip,1.0,public-lock-budget-1R,50,1304,4096,1.532958984375,1.53369140625,0.000732421875,0.00042276069059612694,"[-9.618907856840883e-05, 0.0015610328285684087]",0.00047778308647873863,0.000732421875,0.00042276069059612694,"[-9.618907856840883e-05, 0.0015610328285684087]",1.0,0.005126953125,0.005126953125,0.0,0.005126953125,0.005126953125,0.0,7.0,0.0,1.0,1.0,1,0.005126953125,,,,True
D-difficulty-decline,c10-eclip,1.0,public-lock-budget-1R,100,2609,4096,1.532958984375,1.53369140625,0.000732421875,0.00042276069059612694,"[-9.618907856840883e-05, 0.0015610328285684087]",0.00047778308647873863,0.000732421875,0.00042276069059612694,"[-9.618907856840883e-05, 0.0015610328285684087]",1.0,0.005126953125,0.005126953125,0.0,0.005126953125,0.005126953125,0.0,7.0,0.0,1.0,1.0,1,0.005126953125,,,,True
D-difficulty-decline,c10-unclipped,0.01,public-lock,1,26,4096,0.2861328125,0.2861328125,0.0,0.0,"[0.0, 0.0]",0.0,0.0,0.0,"[0.0, 0.0]",,0.0,0.0,0.0,0.0,0.0,0.0,,0.0,0.01,1.0,,,,,,
D-difficulty-decline,c10-unclipped,0.01,public-lock,4,104,4096,0.657470703125,0.657470703125,0.0,0.0,"[0.0, 0.0]",0.0,0.0,0.0,"[0.0, 0.0]",,0.0,0.0,0.0,0.0,0.0,0.0,,0.0,0.01,1.0,,,,,,
D-difficulty-decline,c10-unclipped,0.01,public-lock,10,261,4096,0.7978515625,0.7978515625,0.0,0.0,"[0.0, 0.0]",0.0,0.0,0.0,"[0.0, 0.0]",,0.0,0.0,0.0,0.0,0.0,0.0,,0.0,0.01,1.0,,,,,,
D-difficulty-decline,c10-unclipped,0.01,public-lock,25,652,4096,0.816650390625,0.816650390625,0.0,0.0,"[0.0, 0.0]",0.0,0.0,0.0,"[0.0, 0.0]",,0.0,0.0,0.0,0.0,0.0,0.0,,0.0,0.01,1.0,,,,,,
D-difficulty-decline,c10-unclipped,0.01,public-lock,50,1304,4096,0.816650390625,0.816650390625,0.0,0.0,"[0.0, 0.0]",0.0,0.0,0.0,"[0.0, 0.0]",,0.0,0.0,0.0,0.0,0.0,0.0,,0.0,0.01,1.0,,,,,,
D-difficulty-decline,c10-unclipped,0.01,public-lock,100,2609,4096,0.816650390625,0.816650390625,0.0,0.0,"[0.0, 0.0]",0.0,0.0,0.0,"[0.0, 0.0]",,0.0,0.0,0.0,0.0,0.0,0.0,,0.0,0.01,1.0,,,,,,
D-difficulty-decline,c10-unclipped,0.01,public-lock-budget-1R,1,26,4096,0.2861328125,0.2861328125,0.0,0.0,"[0.0, 0.0]",0.0,0.0,0.0,"[0.0, 0.0]",,0.0,0.0,0.0,0.0,0.0,0.0,,0.0,0.01,1.0,1,0.0,,,,True
D-difficulty-decline,c10-unclipped,0.01,public-lock-budget-1R,4,104,4096,0.657470703125,0.657470703125,0.0,0.0,"[0.0, 0.0]",0.0,0.0,0.0,"[0.0, 0.0]",,0.0,0.0,0.0,0.0,0.0,0.0,,0.0,0.01,1.0,1,0.0,,,,True
D-difficulty-decline,c10-unclipped,0.01,public-lock-budget-1R,10,261,4096,0.7978515625,0.7978515625,0.0,0.0,"[0.0, 0.0]",0.0,0.0,0.0,"[0.0, 0.0]",,0.0,0.0,0.0,0.0,0.0,0.0,,0.0,0.01,1.0,1,0.0,,,,True
D-difficulty-decline,c10-unclipped,0.01,public-lock-budget-1R,25,652,4096,0.816650390625,0.816650390625,0.0,0.0,"[0.0, 0.0]",0.0,0.0,0.0,"[0.0, 0.0]",,0.0,0.0,0.0,0.0,0.0,0.0,,0.0,0.01,1.0,1,0.0,,,,True
D-difficulty-decline,c10-unclipped,0.01,public-lock-budget-1R,50,1304,4096,0.816650390625,0.816650390625,0.0,0.0,"[0.0, 0.0]",0.0,0.0,0.0,"[0.0, 0.0]",,0.0,0.0,0.0,0.0,0.0,0.0,,0.0,0.01,1.0,1,0.0,,,,True
D-difficulty-decline,c10-unclipped,0.01,public-lock-budget-1R,100,2609,4096,0.816650390625,0.816650390625,0.0,0.0,"[0.0, 0.0]",0.0,0.0,0.0,"[0.0, 0.0]",,0.0,0.0,0.0,0.0,0.0,0.0,,0.0,0.01,1.0,1,0.0,,,,True
D-difficulty-decline,c10-unclipped,0.1,public-lock,1,26,4096,0.2841796875,0.2841796875,0.0,0.0,"[0.0, 0.0]",0.0,-0.000244140625,0.000244140625,"[-0.00072265625, 0.000234375]",,0.000244140625,0.000244140625,0.0002197265625,0.000244140625,2.44140625e-05,0.0,,0.0,0.1,1.0,,,,,,
D-difficulty-decline,c10-unclipped,0.1,public-lock,4,104,4096,0.671875,0.671875,0.0,0.0,"[0.0, 0.0]",0.0,-0.000244140625,0.000244140625,"[-0.00072265625, 0.000234375]",,0.000244140625,0.000244140625,0.0002197265625,0.000244140625,2.44140625e-05,0.0,,0.0,0.1,1.0,,,,,,
D-difficulty-decline,c10-unclipped,0.1,public-lock,10,261,4096,0.817138671875,0.817138671875,0.0,0.0,"[0.0, 0.0]",0.0,-0.000244140625,0.000244140625,"[-0.00072265625, 0.000234375]",,0.000244140625,0.000244140625,0.0002197265625,0.000244140625,2.44140625e-05,0.0,,0.0,0.1,1.0,,,,,,
D-difficulty-decline,c10-unclipped,0.1,public-lock,25,652,4096,0.83203125,0.83203125,0.0,0.0,"[0.0, 0.0]",0.0,-0.000244140625,0.000244140625,"[-0.00072265625, 0.000234375]",,0.000244140625,0.000244140625,0.0002197265625,0.000244140625,2.44140625e-05,0.0,,0.0,0.1,1.0,,,,,,
D-difficulty-decline,c10-unclipped,0.1,public-lock,50,1304,4096,0.832275390625,0.832275390625,0.0,0.0,"[0.0, 0.0]",0.0,-0.000244140625,0.000244140625,"[-0.00072265625, 0.000234375]",,0.000244140625,0.000244140625,0.0002197265625,0.000244140625,2.44140625e-05,0.0,,0.0,0.1,1.0,,,,,,
D-difficulty-decline,c10-unclipped,0.1,public-lock,100,2609,4096,0.832275390625,0.832275390625,0.0,0.0,"[0.0, 0.0]",0.0,-0.000244140625,0.000244140625,"[-0.00072265625, 0.000234375]",,0.000244140625,0.000244140625,0.0002197265625,0.000244140625,2.44140625e-05,0.0,,0.0,0.1,1.0,,,,,,
D-difficulty-decline,c10-unclipped,0.1,public-lock-budget-1R,1,26,4096,0.2841796875,0.2841796875,0.0,0.0,"[0.0, 0.0]",0.0,-0.000244140625,0.000244140625,"[-0.00072265625, 0.000234375]",,0.000244140625,0.000244140625,0.0002197265625,0.000244140625,2.44140625e-05,0.0,,0.0,0.1,1.0,1,0.000244140625,,,,True
D-difficulty-decline,c10-unclipped,0.1,public-lock-budget-1R,4,104,4096,0.671875,0.671875,0.0,0.0,"[0.0, 0.0]",0.0,-0.000244140625,0.000244140625,"[-0.00072265625, 0.000234375]",,0.000244140625,0.000244140625,0.0002197265625,0.000244140625,2.44140625e-05,0.0,,0.0,0.1,1.0,1,0.000244140625,,,,True
D-difficulty-decline,c10-unclipped,0.1,public-lock-budget-1R,10,261,4096,0.817138671875,0.817138671875,0.0,0.0,"[0.0, 0.0]",0.0,-0.000244140625,0.000244140625,"[-0.00072265625, 0.000234375]",,0.000244140625,0.000244140625,0.0002197265625,0.000244140625,2.44140625e-05,0.0,,0.0,0.1,1.0,1,0.000244140625,,,,True
D-difficulty-decline,c10-unclipped,0.1,public-lock-budget-1R,25,652,4096,0.83203125,0.83203125,0.0,0.0,"[0.0, 0.0]",0.0,-0.000244140625,0.000244140625,"[-0.00072265625, 0.000234375]",,0.000244140625,0.000244140625,0.0002197265625,0.000244140625,2.44140625e-05,0.0,,0.0,0.1,1.0,1,0.000244140625,,,,True
D-difficulty-decline,c10-unclipped,0.1,public-lock-budget-1R,50,1304,4096,0.832275390625,0.832275390625,0.0,0.0,"[0.0, 0.0]",0.0,-0.000244140625,0.000244140625,"[-0.00072265625, 0.000234375]",,0.000244140625,0.000244140625,0.0002197265625,0.000244140625,2.44140625e-05,0.0,,0.0,0.1,1.0,1,0.000244140625,,,,True
D-difficulty-decline,c10-unclipped,0.1,public-lock-budget-1R,100,2609,4096,0.832275390625,0.832275390625,0.0,0.0,"[0.0, 0.0]",0.0,-0.000244140625,0.000244140625,"[-0.00072265625, 0.000234375]",,0.000244140625,0.000244140625,0.0002197265625,0.000244140625,2.44140625e-05,0.0,,0.0,0.1,1.0,1,0.000244140625,,,,True
D-difficulty-decline,c10-unclipped,0.2,public-lock,1,26,4096,0.281982421875,0.281982421875,0.0,0.0,"[0.0, 0.0]",0.0,0.0,0.0,"[0.0, 0.0]",,0.0,0.0,0.0,0.0,0.0,0.0,,0.0,0.2,1.0,,,,,,
D-difficulty-decline,c10-unclipped,0.2,public-lock,4,104,4096,0.6513671875,0.6513671875,0.0,0.0,"[0.0, 0.0]",0.0,0.0,0.0,"[0.0, 0.0]",,0.0,0.0,0.0,0.0,0.0,0.0,,0.0,0.2,1.0,,,,,,
D-difficulty-decline,c10-unclipped,0.2,public-lock,10,261,4096,0.79833984375,0.79833984375,0.0,0.0,"[0.0, 0.0]",0.0,0.0,0.0,"[0.0, 0.0]",,0.0,0.0,0.0,0.0,0.0,0.0,,0.0,0.2,1.0,,,,,,
D-difficulty-decline,c10-unclipped,0.2,public-lock,25,652,4096,0.81494140625,0.81494140625,0.0,0.0,"[0.0, 0.0]",0.0,0.0,0.0,"[0.0, 0.0]",,0.0,0.0,0.0,0.0,0.0,0.0,,0.0,0.2,1.0,,,,,,
D-difficulty-decline,c10-unclipped,0.2,public-lock,50,1304,4096,0.815185546875,0.815185546875,0.0,0.0,"[0.0, 0.0]",0.0,0.0,0.0,"[0.0, 0.0]",,0.0,0.0,0.0,0.0,0.0,0.0,,0.0,0.2,1.0,,,,,,
D-difficulty-decline,c10-unclipped,0.2,public-lock,100,2609,4096,0.815185546875,0.815185546875,0.0,0.0,"[0.0, 0.0]",0.0,0.0,0.0,"[0.0, 0.0]",,0.0,0.0,0.0,0.0,0.0,0.0,,0.0,0.2,1.0,,,,,,
D-difficulty-decline,c10-unclipped,0.2,public-lock-budget-1R,1,26,4096,0.281982421875,0.281982421875,0.0,0.0,"[0.0, 0.0]",0.0,0.0,0.0,"[0.0, 0.0]",,0.0,0.0,0.0,0.0,0.0,0.0,,0.0,0.2,1.0,1,0.0,,,,True
D-difficulty-decline,c10-unclipped,0.2,public-lock-budget-1R,4,104,4096,0.6513671875,0.6513671875,0.0,0.0,"[0.0, 0.0]",0.0,0.0,0.0,"[0.0, 0.0]",,0.0,0.0,0.0,0.0,0.0,0.0,,0.0,0.2,1.0,1,0.0,,,,True
D-difficulty-decline,c10-unclipped,0.2,public-lock-budget-1R,10,261,4096,0.79833984375,0.79833984375,0.0,0.0,"[0.0, 0.0]",0.0,0.0,0.0,"[0.0, 0.0]",,0.0,0.0,0.0,0.0,0.0,0.0,,0.0,0.2,1.0,1,0.0,,,,True
D-difficulty-decline,c10-unclipped,0.2,public-lock-budget-1R,25,652,4096,0.81494140625,0.81494140625,0.0,0.0,"[0.0, 0.0]",0.0,0.0,0.0,"[0.0, 0.0]",,0.0,0.0,0.0,0.0,0.0,0.0,,0.0,0.2,1.0,1,0.0,,,,True
D-difficulty-decline,c10-unclipped,0.2,public-lock-budget-1R,50,1304,4096,0.815185546875,0.815185546875,0.0,0.0,"[0.0, 0.0]",0.0,0.0,0.0,"[0.0, 0.0]",,0.0,0.0,0.0,0.0,0.0,0.0,,0.0,0.2,1.0,1,0.0,,,,True
D-difficulty-decline,c10-unclipped,0.2,public-lock-budget-1R,100,2609,4096,0.815185546875,0.815185546875,0.0,0.0,"[0.0, 0.0]",0.0,0.0,0.0,"[0.0, 0.0]",,0.0,0.0,0.0,0.0,0.0,0.0,,0.0,0.2,1.0,1,0.0,,,,True
D-difficulty-decline,c10-unclipped,0.3,public-lock,1,26,4096,0.28173828125,0.28173828125,0.0,0.0,"[0.0, 0.0]",0.0,0.0,0.0,"[0.0, 0.0]",,0.0,0.0,0.0,0.0,0.0,0.0,,0.0,0.3,1.0,,,,,,
D-difficulty-decline,c10-unclipped,0.3,public-lock,4,104,4096,0.640380859375,0.640380859375,0.0,0.0,"[0.0, 0.0]",0.0,0.0,0.0,"[0.0, 0.0]",,0.0,0.0,0.0,0.0,0.0,0.0,,0.0,0.3,1.0,,,,,,
D-difficulty-decline,c10-unclipped,0.3,public-lock,10,261,4096,0.79248046875,0.79248046875,0.0,0.0,"[0.0, 0.0]",0.0,0.0,0.0,"[0.0, 0.0]",,0.0,0.0,0.0,0.0,0.0,0.0,,0.0,0.3,1.0,,,,,,
D-difficulty-decline,c10-unclipped,0.3,public-lock,25,652,4096,0.809814453125,0.809814453125,0.0,0.0,"[0.0, 0.0]",0.0,0.0,0.0,"[0.0, 0.0]",,0.0,0.0,0.0,0.0,0.0,0.0,,0.0,0.3,1.0,,,,,,
D-difficulty-decline,c10-unclipped,0.3,public-lock,50,1304,4096,0.809814453125,0.809814453125,0.0,0.0,"[0.0, 0.0]",0.0,0.0,0.0,"[0.0, 0.0]",,0.0,0.0,0.0,0.0,0.0,0.0,,0.0,0.3,1.0,,,,,,
D-difficulty-decline,c10-unclipped,0.3,public-lock,100,2609,4096,0.809814453125,0.809814453125,0.0,0.0,"[0.0, 0.0]",0.0,0.0,0.0,"[0.0, 0.0]",,0.0,0.0,0.0,0.0,0.0,0.0,,0.0,0.3,1.0,,,,,,
D-difficulty-decline,c10-unclipped,0.3,public-lock-budget-1R,1,26,4096,0.28173828125,0.28173828125,0.0,0.0,"[0.0, 0.0]",0.0,0.0,0.0,"[0.0, 0.0]",,0.0,0.0,0.0,0.0,0.0,0.0,,0.0,0.3,1.0,1,0.0,,,,True
D-difficulty-decline,c10-unclipped,0.3,public-lock-budget-1R,4,104,4096,0.640380859375,0.640380859375,0.0,0.0,"[0.0, 0.0]",0.0,0.0,0.0,"[0.0, 0.0]",,0.0,0.0,0.0,0.0,0.0,0.0,,0.0,0.3,1.0,1,0.0,,,,True
D-difficulty-decline,c10-unclipped,0.3,public-lock-budget-1R,10,261,4096,0.79248046875,0.79248046875,0.0,0.0,"[0.0, 0.0]",0.0,0.0,0.0,"[0.0, 0.0]",,0.0,0.0,0.0,0.0,0.0,0.0,,0.0,0.3,1.0,1,0.0,,,,True
D-difficulty-decline,c10-unclipped,0.3,public-lock-budget-1R,25,652,4096,0.809814453125,0.809814453125,0.0,0.0,"[0.0, 0.0]",0.0,0.0,0.0,"[0.0, 0.0]",,0.0,0.0,0.0,0.0,0.0,0.0,,0.0,0.3,1.0,1,0.0,,,,True
D-difficulty-decline,c10-unclipped,0.3,public-lock-budget-1R,50,1304,4096,0.809814453125,0.809814453125,0.0,0.0,"[0.0, 0.0]",0.0,0.0,0.0,"[0.0, 0.0]",,0.0,0.0,0.0,0.0,0.0,0.0,,0.0,0.3,1.0,1,0.0,,,,True
D-difficulty-decline,c10-unclipped,0.3,public-lock-budget-1R,100,2609,4096,0.809814453125,0.809814453125,0.0,0.0,"[0.0, 0.0]",0.0,0.0,0.0,"[0.0, 0.0]",,0.0,0.0,0.0,0.0,0.0,0.0,,0.0,0.3,1.0,1,0.0,,,,True
D-difficulty-decline,c10-unclipped,0.5,public-lock,1,26,4096,0.28857421875,0.28857421875,0.0,0.0,"[0.0, 0.0]",0.0,0.0,0.0,"[0.0, 0.0]",,0.000244140625,0.000244140625,0.0001220703125,0.000244140625,0.0001220703125,0.0,,0.0,0.5,1.0,,,,,,
D-difficulty-decline,c10-unclipped,0.5,public-lock,4,104,4096,0.658447265625,0.65869140625,0.000244140625,0.000244140625,"[-0.000234375, 0.00072265625]",0.0003707823507601038,-0.000244140625,0.000244140625,"[-0.00072265625, 0.000234375]",-1.0,0.00048828125,0.00048828125,0.000244140625,0.00048828125,0.000244140625,0.0,2.0,0.0,0.5,1.0,,,,,,
D-difficulty-decline,c10-unclipped,0.5,public-lock,10,261,4096,0.805908203125,0.80615234375,0.000244140625,0.000244140625,"[-0.000234375, 0.00072265625]",0.0003029385034837928,-0.000244140625,0.000244140625,"[-0.00072265625, 0.000234375]",-1.0,0.000732421875,0.000732421875,0.0003662109375,0.000732421875,0.0003662109375,0.0,3.0,0.0,0.5,1.0,,,,,,
D-difficulty-decline,c10-unclipped,0.5,public-lock,25,652,4096,0.820068359375,0.8203125,0.000244140625,0.000244140625,"[-0.000234375, 0.00072265625]",0.00029770765108663293,-0.000244140625,0.000244140625,"[-0.00072265625, 0.000234375]",-1.0,0.000732421875,0.000732421875,0.0003662109375,0.000732421875,0.0003662109375,0.0,3.0,0.0,0.5,1.0,,,,,,
D-difficulty-decline,c10-unclipped,0.5,public-lock,50,1304,4096,0.8203125,0.820556640625,0.000244140625,0.000244140625,"[-0.000234375, 0.00072265625]",0.00029761904761904765,-0.000244140625,0.000244140625,"[-0.00072265625, 0.000234375]",-1.0,0.000732421875,0.000732421875,0.0003662109375,0.000732421875,0.0003662109375,0.0,3.0,0.0,0.5,1.0,,,,,,
D-difficulty-decline,c10-unclipped,0.5,public-lock,100,2609,4096,0.8203125,0.820556640625,0.000244140625,0.000244140625,"[-0.000234375, 0.00072265625]",0.00029761904761904765,-0.000244140625,0.000244140625,"[-0.00072265625, 0.000234375]",-1.0,0.000732421875,0.000732421875,0.0003662109375,0.000732421875,0.0003662109375,0.0,3.0,0.0,0.5,1.0,,,,,,
D-difficulty-decline,c10-unclipped,0.5,public-lock-budget-1R,1,26,4096,0.28857421875,0.28857421875,0.0,0.0,"[0.0, 0.0]",0.0,0.0,0.0,"[0.0, 0.0]",,0.000244140625,0.000244140625,0.0001220703125,0.000244140625,0.0001220703125,0.0,,0.0,0.5,1.0,1,0.000244140625,,,,True
D-difficulty-decline,c10-unclipped,0.5,public-lock-budget-1R,4,104,4096,0.658447265625,0.65869140625,0.000244140625,0.000244140625,"[-0.000234375, 0.00072265625]",0.0003707823507601038,-0.000244140625,0.000244140625,"[-0.00072265625, 0.000234375]",-1.0,0.00048828125,0.00048828125,0.000244140625,0.00048828125,0.000244140625,0.0,2.0,0.0,0.5,1.0,1,0.00048828125,,,,True
D-difficulty-decline,c10-unclipped,0.5,public-lock-budget-1R,10,261,4096,0.805908203125,0.80615234375,0.000244140625,0.000244140625,"[-0.000234375, 0.00072265625]",0.0003029385034837928,-0.000244140625,0.000244140625,"[-0.00072265625, 0.000234375]",-1.0,0.000732421875,0.000732421875,0.0003662109375,0.000732421875,0.0003662109375,0.0,3.0,0.0,0.5,1.0,1,0.000732421875,,,,True
D-difficulty-decline,c10-unclipped,0.5,public-lock-budget-1R,25,652,4096,0.820068359375,0.8203125,0.000244140625,0.000244140625,"[-0.000234375, 0.00072265625]",0.00029770765108663293,-0.000244140625,0.000244140625,"[-0.00072265625, 0.000234375]",-1.0,0.000732421875,0.000732421875,0.0003662109375,0.000732421875,0.0003662109375,0.0,3.0,0.0,0.5,1.0,1,0.000732421875,,,,True
D-difficulty-decline,c10-unclipped,0.5,public-lock-budget-1R,50,1304,4096,0.8203125,0.820556640625,0.000244140625,0.000244140625,"[-0.000234375, 0.00072265625]",0.00029761904761904765,-0.000244140625,0.000244140625,"[-0.00072265625, 0.000234375]",-1.0,0.000732421875,0.000732421875,0.0003662109375,0.000732421875,0.0003662109375,0.0,3.0,0.0,0.5,1.0,1,0.000732421875,,,,True
D-difficulty-decline,c10-unclipped,0.5,public-lock-budget-1R,100,2609,4096,0.8203125,0.820556640625,0.000244140625,0.000244140625,"[-0.000234375, 0.00072265625]",0.00029761904761904765,-0.000244140625,0.000244140625,"[-0.00072265625, 0.000234375]",-1.0,0.000732421875,0.000732421875,0.0003662109375,0.000732421875,0.0003662109375,0.0,3.0,0.0,0.5,1.0,1,0.000732421875,,,,True
D-difficulty-decline,c10-unclipped,1.0,public-lock,1,26,4096,0.283203125,0.283203125,0.0,0.0,"[0.0, 0.0]",0.0,0.0,0.0,"[0.0, 0.0]",,0.00048828125,0.00048828125,0.0,0.00048828125,0.00048828125,0.0,,0.0,1.0,1.0,,,,,,
D-difficulty-decline,c10-unclipped,1.0,public-lock,4,104,4096,0.639892578125,0.639892578125,0.0,0.0,"[0.0, 0.0]",0.0,0.0,0.0,"[0.0, 0.0]",,0.0009765625,0.0009765625,0.0,0.0009765625,0.0009765625,0.0,,0.0,1.0,1.0,,,,,,
D-difficulty-decline,c10-unclipped,1.0,public-lock,10,261,4096,0.789794921875,0.789794921875,0.0,0.0,"[0.0, 0.0]",0.0,0.0,0.0,"[0.0, 0.0]",,0.0009765625,0.0009765625,0.0,0.0009765625,0.0009765625,0.0,,0.0,1.0,1.0,,,,,,
D-difficulty-decline,c10-unclipped,1.0,public-lock,25,652,4096,0.809814453125,0.809814453125,0.0,0.0,"[0.0, 0.0]",0.0,0.0,0.0,"[0.0, 0.0]",,0.0009765625,0.0009765625,0.0,0.0009765625,0.0009765625,0.0,,0.0,1.0,1.0,,,,,,
D-difficulty-decline,c10-unclipped,1.0,public-lock,50,1304,4096,0.809814453125,0.809814453125,0.0,0.0,"[0.0, 0.0]",0.0,0.0,0.0,"[0.0, 0.0]",,0.0009765625,0.0009765625,0.0,0.0009765625,0.0009765625,0.0,,0.0,1.0,1.0,,,,,,
D-difficulty-decline,c10-unclipped,1.0,public-lock,100,2609,4096,0.809814453125,0.809814453125,0.0,0.0,"[0.0, 0.0]",0.0,0.0,0.0,"[0.0, 0.0]",,0.0009765625,0.0009765625,0.0,0.0009765625,0.0009765625,0.0,,0.0,1.0,1.0,,,,,,
D-difficulty-decline,c10-unclipped,1.0,public-lock-budget-1R,1,26,4096,0.283203125,0.283203125,0.0,0.0,"[0.0, 0.0]",0.0,0.0,0.0,"[0.0, 0.0]",,0.00048828125,0.00048828125,0.0,0.00048828125,0.00048828125,0.0,,0.0,1.0,1.0,1,0.00048828125,,,,True
D-difficulty-decline,c10-unclipped,1.0,public-lock-budget-1R,4,104,4096,0.639892578125,0.639892578125,0.0,0.0,"[0.0, 0.0]",0.0,0.0,0.0,"[0.0, 0.0]",,0.0009765625,0.0009765625,0.0,0.0009765625,0.0009765625,0.0,,0.0,1.0,1.0,1,0.0009765625,,,,True
D-difficulty-decline,c10-unclipped,1.0,public-lock-budget-1R,10,261,4096,0.789794921875,0.789794921875,0.0,0.0,"[0.0, 0.0]",0.0,0.0,0.0,"[0.0, 0.0]",,0.0009765625,0.0009765625,0.0,0.0009765625,0.0009765625,0.0,,0.0,1.0,1.0,1,0.0009765625,,,,True
D-difficulty-decline,c10-unclipped,1.0,public-lock-budget-1R,25,652,4096,0.809814453125,0.809814453125,0.0,0.0,"[0.0, 0.0]",0.0,0.0,0.0,"[0.0, 0.0]",,0.0009765625,0.0009765625,0.0,0.0009765625,0.0009765625,0.0,,0.0,1.0,1.0,1,0.0009765625,,,,True
D-difficulty-decline,c10-unclipped,1.0,public-lock-budget-1R,50,1304,4096,0.809814453125,0.809814453125,0.0,0.0,"[0.0, 0.0]",0.0,0.0,0.0,"[0.0, 0.0]",,0.0009765625,0.0009765625,0.0,0.0009765625,0.0009765625,0.0,,0.0,1.0,1.0,1,0.0009765625,,,,True
D-difficulty-decline,c10-unclipped,1.0,public-lock-budget-1R,100,2609,4096,0.809814453125,0.809814453125,0.0,0.0,"[0.0, 0.0]",0.0,0.0,0.0,"[0.0, 0.0]",,0.0009765625,0.0009765625,0.0,0.0009765625,0.0009765625,0.0,,0.0,1.0,1.0,1,0.0009765625,,,,True
D-difficulty-decline,raw-record,0.01,raw-net-creation,1,26,4096,0.111328125,0.11083984375,-0.00048828125,0.000345224823286452,"[-0.001164921903641446, 0.00018835940364144593]",-0.0043859649122807015,-0.000732421875,0.00042276069059612694,"[-0.0015610328285684087, 9.618907856840883e-05]",,0.000732421875,0.000732421875,0.0007250976562499999,0.000732421875,7.32421875e-06,0.0,,0.0,0.01,1.0,,,,,,
D-difficulty-decline,raw-record,0.01,raw-net-creation,4,104,4096,0.2724609375,0.271728515625,-0.000732421875,0.00042276069059612694,"[-0.0015610328285684087, 9.618907856840883e-05]",-0.002688172043010753,-0.00146484375,0.0005976547536731011,"[-0.0026362470671992782, -0.00029344043280072176]",,0.00146484375,0.00146484375,0.0014501953124999999,0.00146484375,1.46484375e-05,0.0,,0.0,0.01,1.0,,,,,,
D-difficulty-decline,raw-record,0.01,raw-net-creation,10,261,4096,0.3408203125,0.340087890625,-0.000732421875,0.00042276069059612694,"[-0.0015610328285684087, 9.618907856840883e-05]",-0.002148997134670487,-0.00146484375,0.0005976547536731011,"[-0.0026362470671992782, -0.00029344043280072176]",,0.00146484375,0.00146484375,0.0014501953124999999,0.00146484375,1.46484375e-05,0.0,,0.0,0.01,1.0,,,,,,
D-difficulty-decline,raw-record,0.01,raw-net-creation,25,652,4096,0.347412109375,0.3466796875,-0.000732421875,0.00042276069059612694,"[-0.0015610328285684087, 9.618907856840883e-05]",-0.0021082220660576245,-0.00146484375,0.0005976547536731011,"[-0.0026362470671992782, -0.00029344043280072176]",,0.00146484375,0.00146484375,0.0014501953124999999,0.00146484375,1.46484375e-05,0.0,,0.0,0.01,1.0,,,,,,
D-difficulty-decline,raw-record,0.01,raw-net-creation,50,1304,4096,0.347412109375,0.3466796875,-0.000732421875,0.00042276069059612694,"[-0.0015610328285684087, 9.618907856840883e-05]",-0.0021082220660576245,-0.00146484375,0.0005976547536731011,"[-0.0026362470671992782, -0.00029344043280072176]",,0.00146484375,0.00146484375,0.0014501953124999999,0.00146484375,1.46484375e-05,0.0,,0.0,0.01,1.0,,,,,,
D-difficulty-decline,raw-record,0.01,raw-net-creation,100,2609,4096,0.347412109375,0.3466796875,-0.000732421875,0.00042276069059612694,"[-0.0015610328285684087, 9.618907856840883e-05]",-0.0021082220660576245,-0.00146484375,0.0005976547536731011,"[-0.0026362470671992782, -0.00029344043280072176]",,0.00146484375,0.00146484375,0.0014501953124999999,0.00146484375,1.46484375e-05,0.0,,0.0,0.01,1.0,,,,,,
D-difficulty-decline,raw-record,0.01,raw-net-creation-budget-1R,1,26,4096,0.111328125,0.11083984375,-0.00048828125,0.000345224823286452,"[-0.001164921903641446, 0.00018835940364144593]",-0.0043859649122807015,-0.000732421875,0.00042276069059612694,"[-0.0015610328285684087, 9.618907856840883e-05]",,0.000732421875,0.000732421875,0.0007250976562499999,0.000732421875,7.32421875e-06,0.0,,0.0,0.01,1.0,1,0.000732421875,,,,True
D-difficulty-decline,raw-record,0.01,raw-net-creation-budget-1R,4,104,4096,0.2724609375,0.271728515625,-0.000732421875,0.00042276069059612694,"[-0.0015610328285684087, 9.618907856840883e-05]",-0.002688172043010753,-0.00146484375,0.0005976547536731011,"[-0.0026362470671992782, -0.00029344043280072176]",,0.00146484375,0.00146484375,0.0014501953124999999,0.00146484375,1.46484375e-05,0.0,,0.0,0.01,1.0,1,0.00146484375,,,,True
D-difficulty-decline,raw-record,0.01,raw-net-creation-budget-1R,10,261,4096,0.3408203125,0.340087890625,-0.000732421875,0.00042276069059612694,"[-0.0015610328285684087, 9.618907856840883e-05]",-0.002148997134670487,-0.00146484375,0.0005976547536731011,"[-0.0026362470671992782, -0.00029344043280072176]",,0.00146484375,0.00146484375,0.0014501953124999999,0.00146484375,1.46484375e-05,0.0,,0.0,0.01,1.0,1,0.00146484375,,,,True
D-difficulty-decline,raw-record,0.01,raw-net-creation-budget-1R,25,652,4096,0.347412109375,0.3466796875,-0.000732421875,0.00042276069059612694,"[-0.0015610328285684087, 9.618907856840883e-05]",-0.0021082220660576245,-0.00146484375,0.0005976547536731011,"[-0.0026362470671992782, -0.00029344043280072176]",,0.00146484375,0.00146484375,0.0014501953124999999,0.00146484375,1.46484375e-05,0.0,,0.0,0.01,1.0,1,0.00146484375,,,,True
D-difficulty-decline,raw-record,0.01,raw-net-creation-budget-1R,50,1304,4096,0.347412109375,0.3466796875,-0.000732421875,0.00042276069059612694,"[-0.0015610328285684087, 9.618907856840883e-05]",-0.0021082220660576245,-0.00146484375,0.0005976547536731011,"[-0.0026362470671992782, -0.00029344043280072176]",,0.00146484375,0.00146484375,0.0014501953124999999,0.00146484375,1.46484375e-05,0.0,,0.0,0.01,1.0,1,0.00146484375,,,,True
D-difficulty-decline,raw-record,0.01,raw-net-creation-budget-1R,100,2609,4096,0.347412109375,0.3466796875,-0.000732421875,0.00042276069059612694,"[-0.0015610328285684087, 9.618907856840883e-05]",-0.0021082220660576245,-0.00146484375,0.0005976547536731011,"[-0.0026362470671992782, -0.00029344043280072176]",,0.00146484375,0.00146484375,0.0014501953124999999,0.00146484375,1.46484375e-05,0.0,,0.0,0.01,1.0,1,0.00146484375,,,,True
D-difficulty-decline,raw-record,0.1,raw-net-creation,1,26,4096,0.1025390625,0.10009765625,-0.00244140625,0.000771191581619665,"[-0.003952941749974543, -0.0009298707500254566]",-0.023809523809523808,-0.00244140625,0.000771191581619665,"[-0.003952941749974543, -0.0009298707500254566]",,0.00244140625,0.00244140625,0.002197265625,0.00244140625,0.000244140625,0.0,,0.0,0.1,1.0,,,,,,
D-difficulty-decline,raw-record,0.1,raw-net-creation,4,104,4096,0.25537109375,0.248046875,-0.00732421875,0.0013324699191341431,"[-0.00993585979150292, -0.0047125777084970795]",-0.028680688336520075,-0.00830078125,0.0014178246317365518,"[-0.011079717528203642, -0.005521844971796358]",,0.00830078125,0.00830078125,0.007470703125,0.00830078125,0.0008300781250000001,0.0,,0.0,0.1,1.0,,,,,,
D-difficulty-decline,raw-record,0.1,raw-net-creation,10,261,4096,0.323974609375,0.316162109375,-0.0078125,0.0013758305156353226,"[-0.010509127810645232, -0.005115872189354768]",-0.024114544084400905,-0.010009765625,0.0015556090340902628,"[-0.013058759331816916, -0.006960771918183084]",,0.010009765625,0.010009765625,0.0090087890625,0.010009765625,0.0010009765625000001,0.0,,0.0,0.1,1.0,,,,,,
D-difficulty-decline,raw-record,0.1,raw-net-creation,25,652,4096,0.331787109375,0.32421875,-0.007568359375,0.0013543291335728414,"[-0.01022284447680277, -0.004913874273197231]",-0.022810890360559236,-0.010009765625,0.0015556090340902628,"[-0.013058759331816916, -0.006960771918183084]",,0.010009765625,0.010009765625,0.0090087890625,0.010009765625,0.0010009765625000001,0.0,,0.0,0.1,1.0,,,,,,
D-difficulty-decline,raw-record,0.1,raw-net-creation,50,1304,4096,0.331787109375,0.32421875,-0.007568359375,0.0013543291335728414,"[-0.01022284447680277, -0.004913874273197231]",-0.022810890360559236,-0.010009765625,0.0015556090340902628,"[-0.013058759331816916, -0.006960771918183084]",,0.010009765625,0.010009765625,0.0090087890625,0.010009765625,0.0010009765625000001,0.0,,0.0,0.1,1.0,,,,,,
D-difficulty-decline,raw-record,0.1,raw-net-creation,100,2609,4096,0.331787109375,0.32421875,-0.007568359375,0.0013543291335728414,"[-0.01022284447680277, -0.004913874273197231]",-0.022810890360559236,-0.010009765625,0.0015556090340902628,"[-0.013058759331816916, -0.006960771918183084]",,0.010009765625,0.010009765625,0.0090087890625,0.010009765625,0.0010009765625000001,0.0,,0.0,0.1,1.0,,,,,,
D-difficulty-decline,raw-record,0.1,raw-net-creation-budget-1R,1,26,4096,0.1025390625,0.10009765625,-0.00244140625,0.000771191581619665,"[-0.003952941749974543, -0.0009298707500254566]",-0.023809523809523808,-0.00244140625,0.000771191581619665,"[-0.003952941749974543, -0.0009298707500254566]",,0.00244140625,0.00244140625,0.002197265625,0.00244140625,0.000244140625,0.0,,0.0,0.1,1.0,1,0.00244140625,,,,True
D-difficulty-decline,raw-record,0.1,raw-net-creation-budget-1R,4,104,4096,0.25537109375,0.248046875,-0.00732421875,0.0013324699191341431,"[-0.00993585979150292, -0.0047125777084970795]",-0.028680688336520075,-0.00830078125,0.0014178246317365518,"[-0.011079717528203642, -0.005521844971796358]",,0.00830078125,0.00830078125,0.007470703125,0.00830078125,0.0008300781250000001,0.0,,0.0,0.1,1.0,1,0.00830078125,,,,True
D-difficulty-decline,raw-record,0.1,raw-net-creation-budget-1R,10,261,4096,0.323974609375,0.316162109375,-0.0078125,0.0013758305156353226,"[-0.010509127810645232, -0.005115872189354768]",-0.024114544084400905,-0.010009765625,0.0015556090340902628,"[-0.013058759331816916, -0.006960771918183084]",,0.010009765625,0.010009765625,0.0090087890625,0.010009765625,0.0010009765625000001,0.0,,0.0,0.1,1.0,1,0.010009765625,,,,True
D-difficulty-decline,raw-record,0.1,raw-net-creation-budget-1R,25,652,4096,0.331787109375,0.32421875,-0.007568359375,0.0013543291335728414,"[-0.01022284447680277, -0.004913874273197231]",-0.022810890360559236,-0.010009765625,0.0015556090340902628,"[-0.013058759331816916, -0.006960771918183084]",,0.010009765625,0.010009765625,0.0090087890625,0.010009765625,0.0010009765625000001,0.0,,0.0,0.1,1.0,1,0.010009765625,,,,True
D-difficulty-decline,raw-record,0.1,raw-net-creation-budget-1R,50,1304,4096,0.331787109375,0.32421875,-0.007568359375,0.0013543291335728414,"[-0.01022284447680277, -0.004913874273197231]",-0.022810890360559236,-0.010009765625,0.0015556090340902628,"[-0.013058759331816916, -0.006960771918183084]",,0.010009765625,0.010009765625,0.0090087890625,0.010009765625,0.0010009765625000001,0.0,,0.0,0.1,1.0,1,0.010009765625,,,,True
D-difficulty-decline,raw-record,0.1,raw-net-creation-budget-1R,100,2609,4096,0.331787109375,0.32421875,-0.007568359375,0.0013543291335728414,"[-0.01022284447680277, -0.004913874273197231]",-0.022810890360559236,-0.010009765625,0.0015556090340902628,"[-0.013058759331816916, -0.006960771918183084]",,0.010009765625,0.010009765625,0.0090087890625,0.010009765625,0.0010009765625000001,0.0,,0.0,0.1,1.0,1,0.010009765625,,,,True
D-difficulty-decline,raw-record,0.2,raw-net-creation,1,26,4096,0.10546875,0.09912109375,-0.00634765625,0.0012410720001006807,"[-0.008780157370197335, -0.003915155129802666]",-0.06018518518518518,-0.007080078125,0.0013102349628264839,"[-0.009648138652139909, -0.004512017597860091]",,0.007080078125,0.007080078125,0.005664062500000001,0.007080078125,0.0014160156250000002,0.0,,0.0,0.2,1.0,,,,,,
D-difficulty-decline,raw-record,0.2,raw-net-creation,4,104,4096,0.242431640625,0.226806640625,-0.015625,0.001938042727956382,"[-0.01942356374679451, -0.01182643625320549]",-0.06445115810674723,-0.01708984375,0.002025344963191921,"[-0.021059519877856165, -0.013120167622143835]",,0.017333984375,0.017333984375,0.013867187500000001,0.017333984375,0.0034667968750000003,0.0,,0.0,0.2,1.0,,,,,,
D-difficulty-decline,raw-record,0.2,raw-net-creation,10,261,4096,0.315673828125,0.295166015625,-0.0205078125,0.0022147933159986167,"[-0.024848807399357287, -0.016166817600642713]",-0.06496519721577726,-0.02294921875,0.002339998440288589,"[-0.027535615692965636, -0.018362821807034364]",,0.023681640625,0.023681640625,0.018945312500000002,0.023681640625,0.0047363281250000005,0.0,,0.0,0.2,1.0,,,,,,
D-difficulty-decline,raw-record,0.2,raw-net-creation,25,652,4096,0.323486328125,0.302490234375,-0.02099609375,0.0022404461550515507,"[-0.02538736821390104, -0.01660481928609896]",-0.0649056603773585,-0.0234375,0.002364170049487509,"[-0.02807127329699552, -0.01880372670300448]",,0.024169921875,0.024169921875,0.0193359375,0.024169921875,0.004833984375,0.0,,0.0,0.2,1.0,,,,,,
D-difficulty-decline,raw-record,0.2,raw-net-creation,50,1304,4096,0.323486328125,0.302490234375,-0.02099609375,0.0022404461550515507,"[-0.02538736821390104, -0.01660481928609896]",-0.0649056603773585,-0.0234375,0.002364170049487509,"[-0.02807127329699552, -0.01880372670300448]",,0.024169921875,0.024169921875,0.0193359375,0.024169921875,0.004833984375,0.0,,0.0,0.2,1.0,,,,,,
D-difficulty-decline,raw-record,0.2,raw-net-creation,100,2609,4096,0.323486328125,0.302490234375,-0.02099609375,0.0022404461550515507,"[-0.02538736821390104, -0.01660481928609896]",-0.0649056603773585,-0.0234375,0.002364170049487509,"[-0.02807127329699552, -0.01880372670300448]",,0.024169921875,0.024169921875,0.0193359375,0.024169921875,0.004833984375,0.0,,0.0,0.2,1.0,,,,,,
D-difficulty-decline,raw-record,0.2,raw-net-creation-budget-1R,1,26,4096,0.10546875,0.09912109375,-0.00634765625,0.0012410720001006807,"[-0.008780157370197335, -0.003915155129802666]",-0.06018518518518518,-0.007080078125,0.0013102349628264839,"[-0.009648138652139909, -0.004512017597860091]",,0.007080078125,0.007080078125,0.005664062500000001,0.007080078125,0.0014160156250000002,0.0,,0.0,0.2,1.0,1,0.007080078125,,,,True
D-difficulty-decline,raw-record,0.2,raw-net-creation-budget-1R,4,104,4096,0.242431640625,0.226806640625,-0.015625,0.001938042727956382,"[-0.01942356374679451, -0.01182643625320549]",-0.06445115810674723,-0.01708984375,0.002025344963191921,"[-0.021059519877856165, -0.013120167622143835]",,0.017333984375,0.017333984375,0.013867187500000001,0.017333984375,0.0034667968750000003,0.0,,0.0,0.2,1.0,1,0.017333984375,,,,True
D-difficulty-decline,raw-record,0.2,raw-net-creation-budget-1R,10,261,4096,0.315673828125,0.295166015625,-0.0205078125,0.0022147933159986167,"[-0.024848807399357287, -0.016166817600642713]",-0.06496519721577726,-0.02294921875,0.002339998440288589,"[-0.027535615692965636, -0.018362821807034364]",,0.023681640625,0.023681640625,0.018945312500000002,0.023681640625,0.0047363281250000005,0.0,,0.0,0.2,1.0,1,0.023681640625,,,,True
D-difficulty-decline,raw-record,0.2,raw-net-creation-budget-1R,25,652,4096,0.323486328125,0.302490234375,-0.02099609375,0.0022404461550515507,"[-0.02538736821390104, -0.01660481928609896]",-0.0649056603773585,-0.0234375,0.002364170049487509,"[-0.02807127329699552, -0.01880372670300448]",,0.024169921875,0.024169921875,0.0193359375,0.024169921875,0.004833984375,0.0,,0.0,0.2,1.0,1,0.024169921875,,,,True
D-difficulty-decline,raw-record,0.2,raw-net-creation-budget-1R,50,1304,4096,0.323486328125,0.302490234375,-0.02099609375,0.0022404461550515507,"[-0.02538736821390104, -0.01660481928609896]",-0.0649056603773585,-0.0234375,0.002364170049487509,"[-0.02807127329699552, -0.01880372670300448]",,0.024169921875,0.024169921875,0.0193359375,0.024169921875,0.004833984375,0.0,,0.0,0.2,1.0,1,0.024169921875,,,,True
D-difficulty-decline,raw-record,0.2,raw-net-creation-budget-1R,100,2609,4096,0.323486328125,0.302490234375,-0.02099609375,0.0022404461550515507,"[-0.02538736821390104, -0.01660481928609896]",-0.0649056603773585,-0.0234375,0.002364170049487509,"[-0.02807127329699552, -0.01880372670300448]",,0.024169921875,0.024169921875,0.0193359375,0.024169921875,0.004833984375,0.0,,0.0,0.2,1.0,1,0.024169921875,,,,True
D-difficulty-decline,raw-record,0.3,raw-net-creation,1,26,4096,0.1044921875,0.09375,-0.0107421875,0.0016109206756167072,"[-0.013899592024208745, -0.007584782975791254]",-0.102803738317757,-0.01123046875,0.0016467191136414422,"[-0.014458038212737227, -0.008002899287262773]",,0.01123046875,0.01123046875,0.007861328124999999,0.01123046875,0.0033691406249999997,0.0,,0.0,0.3,1.0,,,,,,
D-difficulty-decline,raw-record,0.3,raw-net-creation,4,104,4096,0.267578125,0.2412109375,-0.0263671875,0.0025038168140217904,"[-0.03127466845548271, -0.02145970654451729]",-0.09854014598540146,-0.02880859375,0.002613885093325736,"[-0.03393180853291844, -0.023685378967081557]",,0.0302734375,0.0302734375,0.02119140625,0.0302734375,0.009082031249999999,0.0,,0.0,0.3,1.0,,,,,,
D-difficulty-decline,raw-record,0.3,raw-net-creation,10,261,4096,0.33740234375,0.30517578125,-0.0322265625,0.0027597318608327923,"[-0.03763563694723227, -0.026817488052767728]",-0.0955137481910275,-0.03564453125,0.0028972640305135106,"[-0.04132316874980648, -0.02996589375019352]",,0.037841796875,0.037841796875,0.0264892578125,0.037841796875,0.0113525390625,0.0,,0.0,0.3,1.0,,,,,,
D-difficulty-decline,raw-record,0.3,raw-net-creation,25,652,4096,0.343994140625,0.31103515625,-0.032958984375,0.0027898599631364517,"[-0.03842710990274745, -0.027490858847252553]",-0.09581263307310149,-0.036376953125,0.002925767399049945,"[-0.04211145722713789, -0.030642449022862107]",,0.03857421875,0.03857421875,0.027001953125,0.03857421875,0.011572265625,0.0,,0.0,0.3,1.0,,,,,,
D-difficulty-decline,raw-record,0.3,raw-net-creation,50,1304,4096,0.343994140625,0.31103515625,-0.032958984375,0.0027898599631364517,"[-0.03842710990274745, -0.027490858847252553]",-0.09581263307310149,-0.036376953125,0.002925767399049945,"[-0.04211145722713789, -0.030642449022862107]",,0.03857421875,0.03857421875,0.027001953125,0.03857421875,0.011572265625,0.0,,0.0,0.3,1.0,,,,,,
D-difficulty-decline,raw-record,0.3,raw-net-creation,100,2609,4096,0.343994140625,0.31103515625,-0.032958984375,0.0027898599631364517,"[-0.03842710990274745, -0.027490858847252553]",-0.09581263307310149,-0.036376953125,0.002925767399049945,"[-0.04211145722713789, -0.030642449022862107]",,0.03857421875,0.03857421875,0.027001953125,0.03857421875,0.011572265625,0.0,,0.0,0.3,1.0,,,,,,
D-difficulty-decline,raw-record,0.3,raw-net-creation-budget-1R,1,26,4096,0.1044921875,0.09375,-0.0107421875,0.0016109206756167072,"[-0.013899592024208745, -0.007584782975791254]",-0.102803738317757,-0.01123046875,0.0016467191136414422,"[-0.014458038212737227, -0.008002899287262773]",,0.01123046875,0.01123046875,0.007861328124999999,0.01123046875,0.0033691406249999997,0.0,,0.0,0.3,1.0,1,0.01123046875,,,,True
D-difficulty-decline,raw-record,0.3,raw-net-creation-budget-1R,4,104,4096,0.267578125,0.2421875,-0.025390625,0.002458244266697674,"[-0.03020878376272744, -0.02057246623727256]",-0.0948905109489051,-0.02783203125,0.0025704913839943166,"[-0.03287019436262886, -0.02279386813737114]",,0.0302734375,0.029296875,0.0205078125,0.029296875,0.0087890625,0.0,,0.0,0.3,1.0,1,0.029296875,,,,True
D-difficulty-decline,raw-record,0.3,raw-net-creation-budget-1R,10,261,4096,0.33740234375,0.30615234375,-0.03125,0.002718966868183728,"[-0.03657917506164011, -0.025920824938359892]",-0.09261939218523878,-0.03466796875,0.00285874622196502,"[-0.04027111134505144, -0.029064826154948563]",,0.037841796875,0.03662109375,0.025634765625,0.03662109375,0.010986328125,0.0,,0.0,0.3,1.0,1,0.03662109375,,,,True
D-difficulty-decline,raw-record,0.3,raw-net-creation-budget-1R,25,652,4096,0.343994140625,0.31201171875,-0.031982421875,0.002749605213798584,"[-0.03737164809404522, -0.026593195655954777]",-0.09297374024130589,-0.035400390625,0.00288769030605548,"[-0.04106026362486874, -0.02974051762513126]",,0.03857421875,0.037353515625,0.0261474609375,0.037353515625,0.0112060546875,0.0,,0.0,0.3,1.0,1,0.037353515625,,,,True
D-difficulty-decline,raw-record,0.3,raw-net-creation-budget-1R,50,1304,4096,0.343994140625,0.31201171875,-0.031982421875,0.002749605213798584,"[-0.03737164809404522, -0.026593195655954777]",-0.09297374024130589,-0.035400390625,0.00288769030605548,"[-0.04106026362486874, -0.02974051762513126]",,0.03857421875,0.037353515625,0.0261474609375,0.037353515625,0.0112060546875,0.0,,0.0,0.3,1.0,1,0.037353515625,,,,True
D-difficulty-decline,raw-record,0.3,raw-net-creation-budget-1R,100,2609,4096,0.343994140625,0.31201171875,-0.031982421875,0.002749605213798584,"[-0.03737164809404522, -0.026593195655954777]",-0.09297374024130589,-0.035400390625,0.00288769030605548,"[-0.04106026362486874, -0.02974051762513126]",,0.03857421875,0.037353515625,0.0261474609375,0.037353515625,0.0112060546875,0.0,,0.0,0.3,1.0,1,0.037353515625,,,,True
D-difficulty-decline,raw-record,0.5,raw-net-creation,1,26,4096,0.109130859375,0.092041015625,-0.01708984375,0.002025344963191921,"[-0.021059519877856165, -0.013120167622143835]",-0.15659955257270694,-0.017333984375,0.0020395070725714405,"[-0.021331418237240024, -0.013336550512759976]",,0.017333984375,0.017333984375,0.0086669921875,0.017333984375,0.0086669921875,0.0,,0.0,0.5,1.0,,,,,,
D-difficulty-decline,raw-record,0.5,raw-net-creation,4,104,4096,0.27099609375,0.22705078125,-0.0439453125,0.0032216606362267244,"[-0.05025976734700438, -0.03763085765299562]",-0.16216216216216217,-0.046875,0.0033210769405686833,"[-0.05338431080351462, -0.04036568919648538]",,0.048095703125,0.048095703125,0.0240478515625,0.048095703125,0.0240478515625,0.0,,0.0,0.5,1.0,,,,,,
D-difficulty-decline,raw-record,0.5,raw-net-creation,10,261,4096,0.3369140625,0.28466796875,-0.05224609375,0.00347734476327176,"[-0.05906168948601265, -0.04543049801398735]",-0.15507246376811595,-0.0576171875,0.003657688924348147,"[-0.06478625779172237, -0.05044811720827763]",,0.060791015625,0.060791015625,0.0303955078125,0.060791015625,0.0303955078125,0.0,,0.0,0.5,1.0,,,,,,
D-difficulty-decline,raw-record,0.5,raw-net-creation,25,652,4096,0.34326171875,0.290283203125,-0.052978515625,0.0035002805576432434,"[-0.05983906551798076, -0.04611796573201924]",-0.15433854907539118,-0.058349609375,0.0036792396395149366,"[-0.06556091906844927, -0.051138299681550724]",,0.061767578125,0.061767578125,0.0308837890625,0.061767578125,0.0308837890625,0.0,,0.0,0.5,1.0,,,,,,
D-difficulty-decline,raw-record,0.5,raw-net-creation,50,1304,4096,0.34326171875,0.290283203125,-0.052978515625,0.0035002805576432434,"[-0.05983906551798076, -0.04611796573201924]",-0.15433854907539118,-0.058349609375,0.0036792396395149366,"[-0.06556091906844927, -0.051138299681550724]",,0.061767578125,0.061767578125,0.0308837890625,0.061767578125,0.0308837890625,0.0,,0.0,0.5,1.0,,,,,,
D-difficulty-decline,raw-record,0.5,raw-net-creation,100,2609,4096,0.34326171875,0.290283203125,-0.052978515625,0.0035002805576432434,"[-0.05983906551798076, -0.04611796573201924]",-0.15433854907539118,-0.058349609375,0.0036792396395149366,"[-0.06556091906844927, -0.051138299681550724]",,0.061767578125,0.061767578125,0.0308837890625,0.061767578125,0.0308837890625,0.0,,0.0,0.5,1.0,,,,,,
D-difficulty-decline,raw-record,0.5,raw-net-creation-budget-1R,1,26,4096,0.109130859375,0.092041015625,-0.01708984375,0.002025344963191921,"[-0.021059519877856165, -0.013120167622143835]",-0.15659955257270694,-0.017333984375,0.0020395070725714405,"[-0.021331418237240024, -0.013336550512759976]",,0.017333984375,0.017333984375,0.0086669921875,0.017333984375,0.0086669921875,0.0,,0.0,0.5,1.0,1,0.017333984375,,,,True
D-difficulty-decline,raw-record,0.5,raw-net-creation-budget-1R,4,104,4096,0.27099609375,0.22802734375,-0.04296875,0.0031689286898149787,"[-0.04917985023203736, -0.03675764976796264]",-0.15855855855855855,-0.0458984375,0.003270162252290009,"[-0.05230795551448841, -0.03948891948551159]",,0.048095703125,0.047119140625,0.0235595703125,0.047119140625,0.0235595703125,0.0,,0.0,0.5,1.0,1,0.047119140625,,,,True
D-difficulty-decline,raw-record,0.5,raw-net-creation-budget-1R,10,261,4096,0.3369140625,0.286376953125,-0.050537109375,0.0034230815309492816,"[-0.05724634917566059, -0.04382786957433941]",-0.15,-0.0556640625,0.003582809814248924,"[-0.0626863697359279, -0.048641755264072106]",,0.060791015625,0.058837890625,0.0294189453125,0.058837890625,0.0294189453125,0.0,,0.0,0.5,1.0,1,0.058837890625,,,,True
D-difficulty-decline,raw-record,0.5,raw-net-creation-budget-1R,25,652,4096,0.34326171875,0.2919921875,-0.05126953125,0.0034464671588131874,"[-0.058024606881273845, -0.044514455618726155]",-0.14935988620199148,-0.056396484375,0.0036049051145987413,"[-0.06346209839961353, -0.04933087035038647]",,0.061767578125,0.059814453125,0.0299072265625,0.059814453125,0.0299072265625,0.0,,0.0,0.5,1.0,1,0.059814453125,,,,True
D-difficulty-decline,raw-record,0.5,raw-net-creation-budget-1R,50,1304,4096,0.34326171875,0.2919921875,-0.05126953125,0.0034464671588131874,"[-0.058024606881273845, -0.044514455618726155]",-0.14935988620199148,-0.056396484375,0.0036049051145987413,"[-0.06346209839961353, -0.04933087035038647]",,0.061767578125,0.059814453125,0.0299072265625,0.059814453125,0.0299072265625,0.0,,0.0,0.5,1.0,1,0.059814453125,,,,True
D-difficulty-decline,raw-record,0.5,raw-net-creation-budget-1R,100,2609,4096,0.34326171875,0.2919921875,-0.05126953125,0.0034464671588131874,"[-0.058024606881273845, -0.044514455618726155]",-0.14935988620199148,-0.056396484375,0.0036049051145987413,"[-0.06346209839961353, -0.04933087035038647]",,0.061767578125,0.059814453125,0.0299072265625,0.059814453125,0.0299072265625,0.0,,0.0,0.5,1.0,1,0.059814453125,,,,True
D-difficulty-decline,raw-record,1.0,raw-net-creation,1,26,4096,0.1103515625,0.069091796875,-0.041259765625,0.003127165569183491,"[-0.047389010140599645, -0.035130521109400355]",-0.37389380530973454,-0.041259765625,0.003127165569183491,"[-0.047389010140599645, -0.035130521109400355]",,0.0439453125,0.0439453125,0.0,0.0439453125,0.0439453125,0.0,,0.0,1.0,1.0,,,,,,
D-difficulty-decline,raw-record,1.0,raw-net-creation,4,104,4096,0.263671875,0.169677734375,-0.093994140625,0.004586325820380415,"[-0.10298333923294561, -0.08500494201705439]",-0.35648148148148145,-0.093994140625,0.004586325820380415,"[-0.10298333923294561, -0.08500494201705439]",,0.10595703125,0.10595703125,0.0,0.10595703125,0.10595703125,0.0,,0.0,1.0,1.0,,,,,,
D-difficulty-decline,raw-record,1.0,raw-net-creation,10,261,4096,0.333984375,0.219970703125,-0.114013671875,0.005049994819823014,"[-0.12391166172185311, -0.10411568202814689]",-0.34137426900584794,-0.114013671875,0.005049994819823014,"[-0.12391166172185311, -0.10411568202814689]",,0.134521484375,0.134521484375,0.0,0.134521484375,0.134521484375,0.0,,0.0,1.0,1.0,,,,,,
D-difficulty-decline,raw-record,1.0,raw-net-creation,25,652,4096,0.340576171875,0.2255859375,-0.114990234375,0.005068166568123268,"[-0.12492384084852161, -0.10505662790147839]",-0.33763440860215055,-0.114990234375,0.005068166568123268,"[-0.12492384084852161, -0.10505662790147839]",,0.13623046875,0.13623046875,0.0,0.13623046875,0.13623046875,0.0,,0.0,1.0,1.0,,,,,,
D-difficulty-decline,raw-record,1.0,raw-net-creation,50,1304,4096,0.340576171875,0.2255859375,-0.114990234375,0.005068166568123268,"[-0.12492384084852161, -0.10505662790147839]",-0.33763440860215055,-0.114990234375,0.005068166568123268,"[-0.12492384084852161, -0.10505662790147839]",,0.13623046875,0.13623046875,0.0,0.13623046875,0.13623046875,0.0,,0.0,1.0,1.0,,,,,,
D-difficulty-decline,raw-record,1.0,raw-net-creation,100,2609,4096,0.340576171875,0.2255859375,-0.114990234375,0.005068166568123268,"[-0.12492384084852161, -0.10505662790147839]",-0.33763440860215055,-0.114990234375,0.005068166568123268,"[-0.12492384084852161, -0.10505662790147839]",,0.13623046875,0.13623046875,0.0,0.13623046875,0.13623046875,0.0,,0.0,1.0,1.0,,,,,,
D-difficulty-decline,raw-record,1.0,raw-net-creation-budget-1R,1,26,4096,0.1103515625,0.070556640625,-0.039794921875,0.0030547021768090364,"[-0.04578213814154571, -0.03380770560845429]",-0.3606194690265487,-0.039794921875,0.0030547021768090364,"[-0.04578213814154571, -0.03380770560845429]",,0.0439453125,0.04248046875,0.0,0.04248046875,0.04248046875,0.0,,0.0,1.0,1.0,1,0.04248046875,,,,True
D-difficulty-decline,raw-record,1.0,raw-net-creation-budget-1R,4,104,4096,0.263671875,0.174072265625,-0.089599609375,0.0044631586293927186,"[-0.09834740028860972, -0.08085181846139028]",-0.3398148148148148,-0.089599609375,0.0044631586293927186,"[-0.09834740028860972, -0.08085181846139028]",,0.10595703125,0.101318359375,0.0,0.101318359375,0.101318359375,0.0,,0.0,1.0,1.0,1,0.101318359375,,,,True
D-difficulty-decline,raw-record,1.0,raw-net-creation-budget-1R,10,261,4096,0.333984375,0.22705078125,-0.10693359375,0.004853793068273916,"[-0.11644702816381687, -0.09742015933618313]",-0.3201754385964912,-0.10693359375,0.004853793068273916,"[-0.11644702816381687, -0.09742015933618313]",,0.13427734375,0.126220703125,0.0,0.126220703125,0.126220703125,0.0,,0.0,1.0,1.0,1,0.126220703125,,,,True
D-difficulty-decline,raw-record,1.0,raw-net-creation-budget-1R,25,652,4096,0.340576171875,0.23291015625,-0.107666015625,0.004868242185748934,"[-0.11720777030906791, -0.09812426094093209]",-0.3161290322580645,-0.107666015625,0.004868242185748934,"[-0.11720777030906791, -0.09812426094093209]",,0.135986328125,0.127685546875,0.0,0.127685546875,0.127685546875,0.0,,0.0,1.0,1.0,1,0.127685546875,,,,True
D-difficulty-decline,raw-record,1.0,raw-net-creation-budget-1R,50,1304,4096,0.340576171875,0.23291015625,-0.107666015625,0.004868242185748934,"[-0.11720777030906791, -0.09812426094093209]",-0.3161290322580645,-0.107666015625,0.004868242185748934,"[-0.11720777030906791, -0.09812426094093209]",,0.135986328125,0.127685546875,0.0,0.127685546875,0.127685546875,0.0,,0.0,1.0,1.0,1,0.127685546875,,,,True
D-difficulty-decline,raw-record,1.0,raw-net-creation-budget-1R,100,2609,4096,0.340576171875,0.23291015625,-0.107666015625,0.004868242185748934,"[-0.11720777030906791, -0.09812426094093209]",-0.3161290322580645,-0.107666015625,0.004868242185748934,"[-0.11720777030906791, -0.09812426094093209]",,0.135986328125,0.127685546875,0.0,0.127685546875,0.127685546875,0.0,,0.0,1.0,1.0,1,0.127685546875,,,,True
E-consensus-retarget-sawtooth,c10-eclip,0.01,shallow-lock,1,26,4096,1.331298828125,1.331298828125,0.0,0.0,"[0.0, 0.0]",0.0,0.0,0.0,"[0.0, 0.0]",,0.0,0.0,0.0,0.0,0.0,0.0,,0.0,0.01,1.0,,,,,,
E-consensus-retarget-sawtooth,c10-eclip,0.01,shallow-lock,4,104,4096,3.737548828125,3.737548828125,0.0,0.0,"[0.0, 0.0]",0.0,0.0,0.0,"[0.0, 0.0]",,0.0,0.0,0.0,0.0,0.0,0.0,,0.0,0.01,1.0,,,,,,
E-consensus-retarget-sawtooth,c10-eclip,0.01,shallow-lock,10,261,4096,5.870849609375,5.870849609375,0.0,0.0,"[0.0, 0.0]",0.0,0.0,0.0,"[0.0, 0.0]",,0.0,0.0,0.0,0.0,0.0,0.0,,0.0,0.01,1.0,,,,,,
E-consensus-retarget-sawtooth,c10-eclip,0.01,shallow-lock,25,652,4096,8.130859375,8.130859375,0.0,0.0,"[0.0, 0.0]",0.0,0.0,0.0,"[0.0, 0.0]",,0.0,0.0,0.0,0.0,0.0,0.0,,0.0,0.01,1.0,,,,,,
E-consensus-retarget-sawtooth,c10-eclip,0.01,shallow-lock,50,1304,4096,9.908935546875,9.908935546875,0.0,0.0,"[0.0, 0.0]",0.0,0.0,0.0,"[0.0, 0.0]",,0.0,0.0,0.0,0.0,0.0,0.0,,0.0,0.01,1.0,,,,,,
E-consensus-retarget-sawtooth,c10-eclip,0.01,shallow-lock,100,2609,4096,11.710693359375,11.710693359375,0.0,0.0,"[0.0, 0.0]",0.0,0.0,0.0,"[0.0, 0.0]",,0.0,0.0,0.0,0.0,0.0,0.0,,0.0,0.01,1.0,,,,,,
E-consensus-retarget-sawtooth,c10-eclip,0.01,public-lock,1,26,4096,1.331298828125,1.331298828125,0.0,0.0,"[0.0, 0.0]",0.0,-0.000732421875,0.00042276069059612694,"[-0.0015610328285684087, 9.618907856840883e-05]",,0.000732421875,0.000732421875,0.0007250976562499999,0.000732421875,7.32421875e-06,0.0,,0.0,0.01,1.0,,,,,,
E-consensus-retarget-sawtooth,c10-eclip,0.01,public-lock,4,104,4096,3.737548828125,3.738037109375,0.00048828125,0.000345224823286452,"[-0.00018835940364144593, 0.001164921903641446]",0.00013064210595074792,-0.0009765625,0.00048810235962946035,"[-0.0019332431248737423, -1.9881875126257723e-05]",-2.0,0.0009765625,0.0009765625,0.000966796875,0.0009765625,9.765625e-06,0.0,2.0,0.0,0.01,1.0,,,,,,
E-consensus-retarget-sawtooth,c10-eclip,0.01,public-lock,10,261,4096,5.870849609375,5.871826171875,0.0009765625,0.0005978982471660605,"[-0.00019531806444547857, 0.0021484430644454783]",0.00016634091570674097,-0.001220703125,0.0005456483432585137,"[-0.0022901738777866866, -0.00015123237221331318]",-1.25,0.001220703125,0.001220703125,0.00120849609375,0.001220703125,1.220703125e-05,0.0,1.25,0.0,0.01,1.0,,,,,,
E-consensus-retarget-sawtooth,c10-eclip,0.01,public-lock,25,652,4096,8.130859375,8.13232421875,0.00146484375,0.0009133152832081905,"[-0.0003252542050880532, 0.003254941705088053]",0.000180158539514773,-0.001220703125,0.0005456483432585137,"[-0.0022901738777866866, -0.00015123237221331318]",-0.8333333333333334,0.001220703125,0.001220703125,0.00120849609375,0.001220703125,1.220703125e-05,0.0,0.8333333333333334,0.0,0.01,1.0,,,,,,
E-consensus-retarget-sawtooth,c10-eclip,0.01,public-lock,50,1304,4096,9.908935546875,9.9111328125,0.002197265625,0.0014022320118600305,"[-0.0005511091182456599, 0.00494564036824566]",0.00022174587922241113,-0.001220703125,0.0005456483432585137,"[-0.0022901738777866866, -0.00015123237221331318]",-0.5555555555555556,0.001220703125,0.001220703125,0.00120849609375,0.001220703125,1.220703125e-05,0.0,0.5555555555555556,0.0,0.01,1.0,,,,,,
E-consensus-retarget-sawtooth,c10-eclip,0.01,public-lock,100,2609,4096,11.710693359375,11.712646484375,0.001953125,0.0012916679359780481,"[-0.0005785441545169741, 0.004484794154516974]",0.00016678132883023747,-0.001220703125,0.0005456483432585137,"[-0.0022901738777866866, -0.00015123237221331318]",-0.625,0.001220703125,0.001220703125,0.00120849609375,0.001220703125,1.220703125e-05,0.0,0.625,0.0,0.01,1.0,,,,,,
E-consensus-retarget-sawtooth,c10-eclip,0.01,threshold,1,26,4096,1.331298828125,1.331298828125,0.0,0.0,"[0.0, 0.0]",0.0,-0.000244140625,0.000244140625,"[-0.00072265625, 0.000234375]",,0.000732421875,0.000244140625,0.00024169921875,0.000244140625,2.44140625e-06,0.0,,0.0,0.01,1.0,,,100.0,0.01,,
E-consensus-retarget-sawtooth,c10-eclip,0.01,threshold,4,104,4096,3.737548828125,3.738037109375,0.00048828125,0.000345224823286452,"[-0.00018835940364144593, 0.001164921903641446]",0.00013064210595074792,-0.00048828125,0.000345224823286452,"[-0.001164921903641446, 0.00018835940364144593]",-1.0,0.0009765625,0.00048828125,0.0004833984375,0.00048828125,4.8828125e-06,0.0,1.0,0.0,0.01,1.0,,,100.0,0.01,,
E-consensus-retarget-sawtooth,c10-eclip,0.01,threshold,10,261,4096,5.870849609375,5.871826171875,0.0009765625,0.0005978982471660605,"[-0.00019531806444547857, 0.0021484430644454783]",0.00016634091570674097,-0.000732421875,0.00042276069059612694,"[-0.0015610328285684087, 9.618907856840883e-05]",-0.75,0.001220703125,0.000732421875,0.0007250976562499999,0.000732421875,7.32421875e-06,0.0,0.75,0.0,0.01,1.0,,,100.0,0.01,,
E-consensus-retarget-sawtooth,c10-eclip,0.01,threshold,25,652,4096,8.130859375,8.13232421875,0.00146484375,0.0009133152832081905,"[-0.0003252542050880532, 0.003254941705088053]",0.000180158539514773,-0.000732421875,0.00042276069059612694,"[-0.0015610328285684087, 9.618907856840883e-05]",-0.5,0.001220703125,0.000732421875,0.0007250976562499999,0.000732421875,7.32421875e-06,0.0,0.5,0.0,0.01,1.0,,,100.0,0.01,,
E-consensus-retarget-sawtooth,c10-eclip,0.01,threshold,50,1304,4096,9.908935546875,9.9111328125,0.002197265625,0.0014022320118600305,"[-0.0005511091182456599, 0.00494564036824566]",0.00022174587922241113,-0.000732421875,0.00042276069059612694,"[-0.0015610328285684087, 9.618907856840883e-05]",-0.3333333333333333,0.001220703125,0.000732421875,0.0007250976562499999,0.000732421875,7.32421875e-06,0.0,0.3333333333333333,0.0,0.01,1.0,,,100.0,0.01,,
E-consensus-retarget-sawtooth,c10-eclip,0.01,threshold,100,2609,4096,11.710693359375,11.712646484375,0.001953125,0.0012446556376546048,"[-0.00048640004980302553, 0.004392650049803026]",0.00016678132883023747,-0.000732421875,0.00042276069059612694,"[-0.0015610328285684087, 9.618907856840883e-05]",-0.375,0.001220703125,0.000732421875,0.0007250976562499999,0.000732421875,7.32421875e-06,0.0,0.375,0.0,0.01,1.0,,,100.0,0.01,,
E-consensus-retarget-sawtooth,c10-eclip,0.01,all-discoveries-public-lock,1,26,4096,1.331298828125,1.3330078125,0.001708984375,0.0007320243057618585,"[0.0002742167357067573, 0.0031437520142932425]",0.0012836970474967907,,,,,0.02392578125,0.0,0.0,0.02392578125,,0.02392578125,0.0,0.0,0.01,1.0,,,,,"Impossible ownership stress: controls every discovery after a public lock at zero cost, but lacks foresight; it is not the omniscient hard ceiling.",
E-consensus-retarget-sawtooth,c10-eclip,0.01,all-discoveries-public-lock,4,104,4096,3.737548828125,3.755859375,0.018310546875,0.002602754985785047,"[0.013209147102861307, 0.023411946647138693]",0.004899078973153047,,,,,0.055419921875,0.0,0.0,0.055419921875,,0.055419921875,0.0,0.0,0.01,1.0,,,,,"Impossible ownership stress: controls every discovery after a public lock at zero cost, but lacks foresight; it is not the omniscient hard ceiling.",
E-consensus-retarget-sawtooth,c10-eclip,0.01,all-discoveries-public-lock,10,261,4096,5.870849609375,5.906494140625,0.03564453125,0.003897528407894703,"[0.028005375570526382, 0.04328368692947362]",0.006071443423296045,,,,,0.06884765625,0.0,0.0,0.06884765625,,0.06884765625,0.0,0.0,0.01,1.0,,,,,"Impossible ownership stress: controls every discovery after a public lock at zero cost, but lacks foresight; it is not the omniscient hard ceiling.",
E-consensus-retarget-sawtooth,c10-eclip,0.01,all-discoveries-public-lock,25,652,4096,8.130859375,8.1884765625,0.0576171875,0.005227770186651472,"[0.047370757934163114, 0.06786361706583688]",0.007086235887581072,,,,,0.076416015625,0.0,0.0,0.076416015625,,0.076416015625,0.0,0.0,0.01,1.0,,,,,"Impossible ownership stress: controls every discovery after a public lock at zero cost, but lacks foresight; it is not the omniscient hard ceiling.",
E-consensus-retarget-sawtooth,c10-eclip,0.01,all-discoveries-public-lock,50,1304,4096,9.908935546875,9.974365234375,0.0654296875,0.00580111562980281,"[0.054059500865586495, 0.07679987413441351]",0.006603099514622909,,,,,0.078369140625,0.0,0.0,0.078369140625,,0.078369140625,0.0,0.0,0.01,1.0,,,,,"Impossible ownership stress: controls every discovery after a public lock at zero cost, but lacks foresight; it is not the omniscient hard ceiling.",
E-consensus-retarget-sawtooth,c10-eclip,0.01,all-discoveries-public-lock,100,2609,4096,11.710693359375,11.780029296875,0.0693359375,0.006110647876080302,"[0.05735906766288261, 0.08131280733711739]",0.00592073717347343,,,,,0.079345703125,0.0,0.0,0.079345703125,,0.079345703125,0.0,0.0,0.01,1.0,,,,,"Impossible ownership stress: controls every discovery after a public lock at zero cost, but lacks foresight; it is not the omniscient hard ceiling.",
E-consensus-retarget-sawtooth,c10-eclip,0.01,omniscient-hard-ceiling,1,26,4096,1.331298828125,26.0,24.668701171875,0.015568478911523747,"[24.638186953208415, 24.699215390541585]",18.529800110031175,,,,,,0.0,0.0,,,,,,,,,,,,"Hard count ceiling only: grants arbitrary foresight, control, delay, and zero cost; it is not an executable strategy.",
E-consensus-retarget-sawtooth,c10-eclip,0.01,omniscient-hard-ceiling,4,104,4096,3.737548828125,104.0,100.262451171875,0.01972326627156757,"[100.22379356998273, 100.30110877376727]",26.825723430661704,,,,,,0.0,0.0,,,,,,,,,,,,"Hard count ceiling only: grants arbitrary foresight, control, delay, and zero cost; it is not an executable strategy.",
E-consensus-retarget-sawtooth,c10-eclip,0.01,omniscient-hard-ceiling,10,261,4096,5.870849609375,261.0,255.129150390625,0.023359696669790424,"[255.0833653851522, 255.1749353960978]",43.456938495446416,,,,,,0.0,0.0,,,,,,,,,,,,"Hard count ceiling only: grants arbitrary foresight, control, delay, and zero cost; it is not an executable strategy.",
E-consensus-retarget-sawtooth,c10-eclip,0.01,omniscient-hard-ceiling,25,652,4096,8.130859375,652.0,643.869140625,0.028560488682638354,"[643.813162067182, 643.925119182818]",79.18832572663945,,,,,,0.0,0.0,,,,,,,,,,,,"Hard count ceiling only: grants arbitrary foresight, control, delay, and zero cost; it is not an executable strategy.",
E-consensus-retarget-sawtooth,c10-eclip,0.01,omniscient-hard-ceiling,50,1304,4096,9.908935546875,1304.0,1294.091064453125,0.03239197848366119,"[1294.027576175297, 1294.154552730953]",130.59839357429718,,,,,,0.0,0.0,,,,,,,,,,,,"Hard count ceiling only: grants arbitrary foresight, control, delay, and zero cost; it is not an executable strategy.",
E-consensus-retarget-sawtooth,c10-eclip,0.01,omniscient-hard-ceiling,100,2609,4096,11.710693359375,2609.0,2597.289306640625,0.0357875661667636,"[2597.2191630109382, 2597.3594502703118]",221.78783330206184,,,,,,0.0,0.0,,,,,,,,,,,,"Hard count ceiling only: grants arbitrary foresight, control, delay, and zero cost; it is not an executable strategy.",
E-consensus-retarget-sawtooth,c10-eclip,0.01,public-lock-budget-1R,1,26,4096,1.331298828125,1.331298828125,0.0,0.0,"[0.0, 0.0]",0.0,-0.000732421875,0.00042276069059612694,"[-0.0015610328285684087, 9.618907856840883e-05]",,0.000732421875,0.000732421875,0.0007250976562499999,0.000732421875,7.32421875e-06,0.0,,0.0,0.01,1.0,1,0.000732421875,,,,True
E-consensus-retarget-sawtooth,c10-eclip,0.01,public-lock-budget-1R,4,104,4096,3.737548828125,3.738037109375,0.00048828125,0.000345224823286452,"[-0.00018835940364144593, 0.001164921903641446]",0.00013064210595074792,-0.0009765625,0.00048810235962946035,"[-0.0019332431248737423, -1.9881875126257723e-05]",-2.0,0.0009765625,0.0009765625,0.000966796875,0.0009765625,9.765625e-06,0.0,2.0,0.0,0.01,1.0,1,0.0009765625,,,,True
E-consensus-retarget-sawtooth,c10-eclip,0.01,public-lock-budget-1R,10,261,4096,5.870849609375,5.871826171875,0.0009765625,0.0005978982471660605,"[-0.00019531806444547857, 0.0021484430644454783]",0.00016634091570674097,-0.001220703125,0.0005456483432585137,"[-0.0022901738777866866, -0.00015123237221331318]",-1.25,0.001220703125,0.001220703125,0.00120849609375,0.001220703125,1.220703125e-05,0.0,1.25,0.0,0.01,1.0,1,0.001220703125,,,,True
E-consensus-retarget-sawtooth,c10-eclip,0.01,public-lock-budget-1R,25,652,4096,8.130859375,8.13232421875,0.00146484375,0.0009133152832081905,"[-0.0003252542050880532, 0.003254941705088053]",0.000180158539514773,-0.001220703125,0.0005456483432585137,"[-0.0022901738777866866, -0.00015123237221331318]",-0.8333333333333334,0.001220703125,0.001220703125,0.00120849609375,0.001220703125,1.220703125e-05,0.0,0.8333333333333334,0.0,0.01,1.0,1,0.001220703125,,,,True
E-consensus-retarget-sawtooth,c10-eclip,0.01,public-lock-budget-1R,50,1304,4096,9.908935546875,9.9111328125,0.002197265625,0.0014022320118600305,"[-0.0005511091182456599, 0.00494564036824566]",0.00022174587922241113,-0.001220703125,0.0005456483432585137,"[-0.0022901738777866866, -0.00015123237221331318]",-0.5555555555555556,0.001220703125,0.001220703125,0.00120849609375,0.001220703125,1.220703125e-05,0.0,0.5555555555555556,0.0,0.01,1.0,1,0.001220703125,,,,True
E-consensus-retarget-sawtooth,c10-eclip,0.01,public-lock-budget-1R,100,2609,4096,11.710693359375,11.712646484375,0.001953125,0.0012916679359780481,"[-0.0005785441545169741, 0.004484794154516974]",0.00016678132883023747,-0.001220703125,0.0005456483432585137,"[-0.0022901738777866866, -0.00015123237221331318]",-0.625,0.001220703125,0.001220703125,0.00120849609375,0.001220703125,1.220703125e-05,0.0,0.625,0.0,0.01,1.0,1,0.001220703125,,,,True
E-consensus-retarget-sawtooth,c10-eclip,0.1,shallow-lock,1,26,4096,1.35302734375,1.35302734375,0.0,0.0,"[0.0, 0.0]",0.0,0.0,0.0,"[0.0, 0.0]",,0.000244140625,0.000244140625,0.0002197265625,0.000244140625,2.44140625e-05,0.0,,0.0,0.1,1.0,,,,,,
E-consensus-retarget-sawtooth,c10-eclip,0.1,shallow-lock,4,104,4096,3.75927734375,3.759765625,0.00048828125,0.000345224823286452,"[-0.00018835940364144593, 0.001164921903641446]",0.000129886998311469,0.000244140625,0.000244140625,"[-0.000234375, 0.00072265625]",0.5,0.001220703125,0.001220703125,0.0010986328125,0.001220703125,0.0001220703125,0.0,2.5,0.0,0.1,1.0,,,,,,
E-consensus-retarget-sawtooth,c10-eclip,0.1,shallow-lock,10,261,4096,5.85498046875,5.85546875,0.00048828125,0.000345224823286452,"[-0.00018835940364144593, 0.001164921903641446]",8.339588024351597e-05,0.000244140625,0.000244140625,"[-0.000234375, 0.00072265625]",0.5,0.001220703125,0.001220703125,0.0010986328125,0.001220703125,0.0001220703125,0.0,2.5,0.0,0.1,1.0,,,,,,
E-consensus-retarget-sawtooth,c10-eclip,0.1,shallow-lock,25,652,4096,8.114013671875,8.114501953125,0.00048828125,0.000345224823286452,"[-0.00018835940364144593, 0.001164921903641446]",6.0177523694899956e-05,0.000244140625,0.000244140625,"[-0.000234375, 0.00072265625]",0.5,0.001220703125,0.001220703125,0.0010986328125,0.001220703125,0.0001220703125,0.0,2.5,0.0,0.1,1.0,,,,,,
E-consensus-retarget-sawtooth,c10-eclip,0.1,shallow-lock,50,1304,4096,9.87353515625,9.873779296875,0.000244140625,0.00042289838645210166,"[-0.0005847402124461192, 0.0010730214624461191]",2.4726769200336282e-05,0.000244140625,0.000244140625,"[-0.000234375, 0.00072265625]",1.0,0.001220703125,0.001220703125,0.0010986328125,0.001220703125,0.0001220703125,0.0,5.0,0.0,0.1,1.0,,,,,,
E-consensus-retarget-sawtooth,c10-eclip,0.1,shallow-lock,100,2609,4096,11.6533203125,11.6533203125,0.0,0.0003453091375686437,"[-0.0006768059096345416, 0.0006768059096345416]",0.0,0.0,0.0,"[0.0, 0.0]",,0.001220703125,0.001220703125,0.0010986328125,0.001220703125,0.0001220703125,0.0,,0.0,0.1,1.0,,,,,,
E-consensus-retarget-sawtooth,c10-eclip,0.1,public-lock,1,26,4096,1.35302734375,1.35302734375,0.0,0.0,"[0.0, 0.0]",0.0,-0.0029296875,0.0008445912712204749,"[-0.004585086391592131, -0.0012742886084078692]",,0.003173828125,0.003173828125,0.0028564453125000003,0.003173828125,0.0003173828125,0.0,,0.0,0.1,1.0,,,,,,
E-consensus-retarget-sawtooth,c10-eclip,0.1,public-lock,4,104,4096,3.75927734375,3.76171875,0.00244140625,0.0008449703285023925,"[0.0007852644061353106, 0.00409754809386469]",0.0006494349915573451,-0.004150390625,0.0010623362340397811,"[-0.006232569643717972, -0.002068211606282029]",-1.7,0.005859375,0.005859375,0.0052734375,0.005859375,0.0005859375000000001,0.0,2.4,0.0,0.1,1.0,,,,,,
E-consensus-retarget-sawtooth,c10-eclip,0.1,public-lock,10,261,4096,5.85498046875,5.8583984375,0.00341796875,0.0010906562854526257,"[0.0012802824305128539, 0.0055556550694871466]",0.0005837711617046118,-0.005615234375,0.0012176946099514104,"[-0.008001915810504764, -0.0032285529394952355]",-1.6428571428571428,0.007568359375,0.007568359375,0.0068115234375000005,0.007568359375,0.0007568359375,0.0,2.2142857142857144,0.0,0.1,1.0,,,,,,
E-consensus-retarget-sawtooth,c10-eclip,0.1,public-lock,25,652,4096,8.114013671875,8.12060546875,0.006591796875,0.0016347027479718748,"[0.0033877794889751256, 0.009795814261024875]",0.0008123965698811494,-0.005615234375,0.0012176946099514104,"[-0.008001915810504764, -0.0032285529394952355]",-0.8518518518518519,0.008056640625,0.008056640625,0.0072509765625,0.008056640625,0.0008056640625000001,0.0,1.2222222222222223,0.0,0.1,1.0,,,,,,
E-consensus-retarget-sawtooth,c10-eclip,0.1,public-lock,50,1304,4096,9.87353515625,9.880615234375,0.007080078125,0.0018722424162321836,"[0.0034104829891849204, 0.010749673260815079]",0.0007170763068097523,-0.005859375,0.0012887799101488455,"[-0.008385383623891737, -0.003333366376108263]",-0.8275862068965517,0.008056640625,0.008056640625,0.0072509765625,0.008056640625,0.0008056640625000001,0.0,1.1379310344827587,0.0,0.1,1.0,,,,,,
E-consensus-retarget-sawtooth,c10-eclip,0.1,public-lock,100,2609,4096,11.6533203125,11.660888671875,0.007568359375,0.002111267915919004,"[0.0034302742597987525, 0.011706444490201248]",0.0006494594821084388,-0.005859375,0.0012887799101488455,"[-0.008385383623891737, -0.003333366376108263]",-0.7741935483870968,0.008544921875,0.008544921875,0.0076904296875,0.008544921875,0.0008544921875,0.0,1.1290322580645162,0.0,0.1,1.0,,,,,,
E-consensus-retarget-sawtooth,c10-eclip,0.1,threshold,1,26,4096,1.35302734375,1.35302734375,0.0,0.0,"[0.0, 0.0]",0.0,-0.0029296875,0.0008445912712204749,"[-0.004585086391592131, -0.0012742886084078692]",,0.003173828125,0.003173828125,0.0028564453125000003,0.003173828125,0.0003173828125,0.0,,0.0,0.1,1.0,,,100.0,0.1,,
E-consensus-retarget-sawtooth,c10-eclip,0.1,threshold,4,104,4096,3.75927734375,3.76171875,0.00244140625,0.0008449703285023925,"[0.0007852644061353106, 0.00409754809386469]",0.0006494349915573451,-0.00390625,0.0010341273637131656,"[-0.0059331396328778045, -0.0018793603671221955]",-1.6,0.005859375,0.005615234375,0.0050537109375,0.005615234375,0.0005615234375000001,0.0,2.3,0.0,0.1,1.0,,,100.0,0.1,,
E-consensus-retarget-sawtooth,c10-eclip,0.1,threshold,10,261,4096,5.85498046875,5.8583984375,0.00341796875,0.0010906562854526257,"[0.0012802824305128539, 0.0055556550694871466]",0.0005837711617046118,-0.005126953125,0.0011682562406730656,"[-0.007416735356719209, -0.0028371708932807913]",-1.5,0.007568359375,0.007080078125,0.0063720703125,0.007080078125,0.0007080078125000001,0.0,2.0714285714285716,0.0,0.1,1.0,,,100.0,0.1,,
E-consensus-retarget-sawtooth,c10-eclip,0.1,threshold,25,652,4096,8.114013671875,8.120361328125,0.00634765625,0.0016166030167698896,"[0.0031791143371310165, 0.009516198162868984]",0.0007823078080336994,-0.005126953125,0.0011682562406730656,"[-0.007416735356719209, -0.0028371708932807913]",-0.8076923076923077,0.008056640625,0.007568359375,0.0068115234375000005,0.007568359375,0.0007568359375,0.0,1.1923076923076923,0.0,0.1,1.0,,,100.0,0.1,,
E-consensus-retarget-sawtooth,c10-eclip,0.1,threshold,50,1304,4096,9.87353515625,9.880859375,0.00732421875,0.001856020929902181,"[0.0036864177273917254, 0.010962019772608274]",0.0007418030760100885,-0.005126953125,0.0011682562406730656,"[-0.007416735356719209, -0.0028371708932807913]",-0.7,0.008056640625,0.007568359375,0.0068115234375000005,0.007568359375,0.0007568359375,0.0,1.0333333333333334,0.0,0.1,1.0,,,100.0,0.1,,
E-consensus-retarget-sawtooth,c10-eclip,0.1,threshold,100,2609,4096,11.6533203125,11.661376953125,0.008056640625,0.0020535608858284534,"[0.004031661288776231, 0.012081619961223769]",0.0006913600938573704,-0.005126953125,0.0011682562406730656,"[-0.007416735356719209, -0.0028371708932807913]",-0.6363636363636364,0.008544921875,0.008056640625,0.0072509765625,0.008056640625,0.0008056640625000001,0.0,1.0,0.0,0.1,1.0,,,100.0,0.1,,
E-consensus-retarget-sawtooth,c10-eclip,0.1,all-discoveries-public-lock,1,26,4096,1.35302734375,1.354248046875,0.001220703125,0.0005456483432585137,"[0.00015123237221331318, 0.0022901738777866866]",0.0009022013713460845,,,,,0.02490234375,0.0,0.0,0.02490234375,,0.02490234375,0.0,0.0,0.1,1.0,,,,,"Impossible ownership stress: controls every discovery after a public lock at zero cost, but lacks foresight; it is not the omniscient hard ceiling.",
E-consensus-retarget-sawtooth,c10-eclip,0.1,all-discoveries-public-lock,4,104,4096,3.75927734375,3.77685546875,0.017578125,0.002426203716531437,"[0.012822765715598382, 0.022333484284401618]",0.004675931939212885,,,,,0.0537109375,0.0,0.0,0.0537109375,,0.0537109375,0.0,0.0,0.1,1.0,,,,,"Impossible ownership stress: controls every discovery after a public lock at zero cost, but lacks foresight; it is not the omniscient hard ceiling.",
E-consensus-retarget-sawtooth,c10-eclip,0.1,all-discoveries-public-lock,10,261,4096,5.85498046875,5.885986328125,0.031005859375,0.003303638189819687,"[0.02453072852295341, 0.03748099022704659]",0.005295638395463264,,,,,0.067138671875,0.0,0.0,0.067138671875,,0.067138671875,0.0,0.0,0.1,1.0,,,,,"Impossible ownership stress: controls every discovery after a public lock at zero cost, but lacks foresight; it is not the omniscient hard ceiling.",
E-consensus-retarget-sawtooth,c10-eclip,0.1,all-discoveries-public-lock,25,652,4096,8.114013671875,8.16015625,0.046142578125,0.00453052334558098,"[0.03726275236766128, 0.05502240388233872]",0.005686775989168046,,,,,0.073974609375,0.0,0.0,0.073974609375,,0.073974609375,0.0,0.0,0.1,1.0,,,,,"Impossible ownership stress: controls every discovery after a public lock at zero cost, but lacks foresight; it is not the omniscient hard ceiling.",
E-consensus-retarget-sawtooth,c10-eclip,0.1,all-discoveries-public-lock,50,1304,4096,9.87353515625,9.92333984375,0.0498046875,0.005014953052174406,"[0.03997537951773816, 0.05963399548226184]",0.005044260916868602,,,,,0.07568359375,0.0,0.0,0.07568359375,,0.07568359375,0.0,0.0,0.1,1.0,,,,,"Impossible ownership stress: controls every discovery after a public lock at zero cost, but lacks foresight; it is not the omniscient hard ceiling.",
E-consensus-retarget-sawtooth,c10-eclip,0.1,all-discoveries-public-lock,100,2609,4096,11.6533203125,11.70947265625,0.05615234375,0.005711109159937611,"[0.04495856979652228, 0.06734611770347772]",0.004818570351127127,,,,,0.076904296875,0.0,0.0,0.076904296875,,0.076904296875,0.0,0.0,0.1,1.0,,,,,"Impossible ownership stress: controls every discovery after a public lock at zero cost, but lacks foresight; it is not the omniscient hard ceiling.",
E-consensus-retarget-sawtooth,c10-eclip,0.1,omniscient-hard-ceiling,1,26,4096,1.35302734375,26.0,24.64697265625,0.015453350629597276,"[24.61668408901599, 24.67726122348401]",18.21616744857452,,,,,,0.0,0.0,,,,,,,,,,,,"Hard count ceiling only: grants arbitrary foresight, control, delay, and zero cost; it is not an executable strategy.",
E-consensus-retarget-sawtooth,c10-eclip,0.1,omniscient-hard-ceiling,4,104,4096,3.75927734375,104.0,100.24072265625,0.01993341294235971,"[100.20165316688298, 100.27979214561702]",26.66489154435641,,,,,,0.0,0.0,,,,,,,,,,,,"Hard count ceiling only: grants arbitrary foresight, control, delay, and zero cost; it is not an executable strategy.",
E-consensus-retarget-sawtooth,c10-eclip,0.1,omniscient-hard-ceiling,10,261,4096,5.85498046875,261.0,255.14501953125,0.024331260062993014,"[255.09733026152654, 255.19270880097346]",43.5774330748061,,,,,,0.0,0.0,,,,,,,,,,,,"Hard count ceiling only: grants arbitrary foresight, control, delay, and zero cost; it is not an executable strategy.",
E-consensus-retarget-sawtooth,c10-eclip,0.1,omniscient-hard-ceiling,25,652,4096,8.114013671875,652.0,643.885986328125,0.02922277971503816,"[643.8287096798836, 643.9432629763664]",79.35480667970513,,,,,,0.0,0.0,,,,,,,,,,,,"Hard count ceiling only: grants arbitrary foresight, control, delay, and zero cost; it is not an executable strategy.",
E-consensus-retarget-sawtooth,c10-eclip,0.1,omniscient-hard-ceiling,50,1304,4096,9.87353515625,1304.0,1294.12646484375,0.03300050904552544,"[1294.0617838460207, 1294.1911458414793]",131.07022402452895,,,,,,0.0,0.0,,,,,,,,,,,,"Hard count ceiling only: grants arbitrary foresight, control, delay, and zero cost; it is not an executable strategy.",
E-consensus-retarget-sawtooth,c10-eclip,0.1,omniscient-hard-ceiling,100,2609,4096,11.6533203125,2609.0,2597.3466796875,0.036646488288965495,"[2597.2748525704537, 2597.4185068045463]",222.88468951646695,,,,,,0.0,0.0,,,,,,,,,,,,"Hard count ceiling only: grants arbitrary foresight, control, delay, and zero cost; it is not an executable strategy.",
E-consensus-retarget-sawtooth,c10-eclip,0.1,public-lock-budget-1R,1,26,4096,1.35302734375,1.35302734375,0.0,0.0,"[0.0, 0.0]",0.0,-0.0029296875,0.0008445912712204749,"[-0.004585086391592131, -0.0012742886084078692]",,0.003173828125,0.003173828125,0.0028564453125000003,0.003173828125,0.0003173828125,0.0,,0.0,0.1,1.0,1,0.003173828125,,,,True
E-consensus-retarget-sawtooth,c10-eclip,0.1,public-lock-budget-1R,4,104,4096,3.75927734375,3.76171875,0.00244140625,0.0008449703285023925,"[0.0007852644061353106, 0.00409754809386469]",0.0006494349915573451,-0.004150390625,0.0010623362340397811,"[-0.006232569643717972, -0.002068211606282029]",-1.7,0.005859375,0.005859375,0.0052734375,0.005859375,0.0005859375000000001,0.0,2.4,0.0,0.1,1.0,1,0.005859375,,,,True
E-consensus-retarget-sawtooth,c10-eclip,0.1,public-lock-budget-1R,10,261,4096,5.85498046875,5.8583984375,0.00341796875,0.0010906562854526257,"[0.0012802824305128539, 0.0055556550694871466]",0.0005837711617046118,-0.005615234375,0.0012176946099514104,"[-0.008001915810504764, -0.0032285529394952355]",-1.6428571428571428,0.007568359375,0.007568359375,0.0068115234375000005,0.007568359375,0.0007568359375,0.0,2.2142857142857144,0.0,0.1,1.0,1,0.007568359375,,,,True
E-consensus-retarget-sawtooth,c10-eclip,0.1,public-lock-budget-1R,25,652,4096,8.114013671875,8.12060546875,0.006591796875,0.0016347027479718748,"[0.0033877794889751256, 0.009795814261024875]",0.0008123965698811494,-0.005615234375,0.0012176946099514104,"[-0.008001915810504764, -0.0032285529394952355]",-0.8518518518518519,0.008056640625,0.008056640625,0.0072509765625,0.008056640625,0.0008056640625000001,0.0,1.2222222222222223,0.0,0.1,1.0,1,0.008056640625,,,,True
E-consensus-retarget-sawtooth,c10-eclip,0.1,public-lock-budget-1R,50,1304,4096,9.87353515625,9.880615234375,0.007080078125,0.0018722424162321836,"[0.0034104829891849204, 0.010749673260815079]",0.0007170763068097523,-0.005859375,0.0012887799101488455,"[-0.008385383623891737, -0.003333366376108263]",-0.8275862068965517,0.008056640625,0.008056640625,0.0072509765625,0.008056640625,0.0008056640625000001,0.0,1.1379310344827587,0.0,0.1,1.0,1,0.008056640625,,,,True
E-consensus-retarget-sawtooth,c10-eclip,0.1,public-lock-budget-1R,100,2609,4096,11.6533203125,11.660888671875,0.007568359375,0.002111267915919004,"[0.0034302742597987525, 0.011706444490201248]",0.0006494594821084388,-0.005859375,0.0012887799101488455,"[-0.008385383623891737, -0.003333366376108263]",-0.7741935483870968,0.008544921875,0.008544921875,0.0076904296875,0.008544921875,0.0008544921875,0.0,1.1290322580645162,0.0,0.1,1.0,1,0.008544921875,,,,True
E-consensus-retarget-sawtooth,c10-eclip,0.2,shallow-lock,1,26,4096,1.3623046875,1.3623046875,0.0,0.0,"[0.0, 0.0]",0.0,0.0,0.0,"[0.0, 0.0]",,0.001220703125,0.001220703125,0.0009765625,0.001220703125,0.000244140625,0.0,,0.0,0.2,1.0,,,,,,
E-consensus-retarget-sawtooth,c10-eclip,0.2,shallow-lock,4,104,4096,3.752685546875,3.75341796875,0.000732421875,0.0005458617059308288,"[-0.00033746706862442443, 0.0018023108186244244]",0.00019517272786415978,0.00048828125,0.000345224823286452,"[-0.00018835940364144593, 0.001164921903641446]",0.6666666666666666,0.002197265625,0.002197265625,0.0017578125,0.002197265625,0.000439453125,0.0,3.0,0.0,0.2,1.0,,,,,,
E-consensus-retarget-sawtooth,c10-eclip,0.2,shallow-lock,10,261,4096,5.85546875,5.857421875,0.001953125,0.001144854076015188,"[-0.0002907889889897683, 0.004197038988989769]",0.000333555703802535,0.00048828125,0.00048828125,"[-0.00046875, 0.0014453125]",0.25,0.002685546875,0.002685546875,0.0021484375,0.002685546875,0.000537109375,0.0,1.375,0.0,0.2,1.0,,,,,,
E-consensus-retarget-sawtooth,c10-eclip,0.2,shallow-lock,25,652,4096,8.110107421875,8.111328125,0.001220703125,0.0009454756035682587,"[-0.000632429057993787, 0.003073835307993787]",0.00015051627080887444,0.000244140625,0.0005459683559989458,"[-0.0008259573527579338, 0.0013142386027579338]",0.2,0.003173828125,0.003173828125,0.0025390625,0.003173828125,0.000634765625,0.0,2.6,0.0,0.2,1.0,,,,,,
E-consensus-retarget-sawtooth,c10-eclip,0.2,shallow-lock,50,1304,4096,9.862548828125,9.864013671875,0.00146484375,0.0009764134406234162,"[-0.00044892659362189566, 0.0033786140936218957]",0.0001485258806347006,0.000244140625,0.0005459683559989458,"[-0.0008259573527579338, 0.0013142386027579338]",0.16666666666666666,0.003173828125,0.003173828125,0.0025390625,0.003173828125,0.000634765625,0.0,2.1666666666666665,0.0,0.2,1.0,,,,,,
E-consensus-retarget-sawtooth,c10-eclip,0.2,shallow-lock,100,2609,4096,11.660400390625,11.661865234375,0.00146484375,0.0009133152832081905,"[-0.0003252542050880532, 0.003254941705088053]",0.00012562551035363582,0.000244140625,0.0005459683559989458,"[-0.0008259573527579338, 0.0013142386027579338]",0.16666666666666666,0.003173828125,0.003173828125,0.0025390625,0.003173828125,0.000634765625,0.0,2.1666666666666665,0.0,0.2,1.0,,,,,,
E-consensus-retarget-sawtooth,c10-eclip,0.2,public-lock,1,26,4096,1.3623046875,1.3623046875,0.0,0.0,"[0.0, 0.0]",0.0,-0.003662109375,0.0009439348617255532,"[-0.005512221703982084, -0.0018119970460179157]",,0.005126953125,0.005126953125,0.0041015625,0.005126953125,0.001025390625,0.0,,0.0,0.2,1.0,,,,,,
E-consensus-retarget-sawtooth,c10-eclip,0.2,public-lock,4,104,4096,3.752685546875,3.755615234375,0.0029296875,0.0010349152703902958,"[0.0009012535700350204, 0.00495812142996498]",0.0007806909114566391,-0.006103515625,0.0013114341916679597,"[-0.0086739266406692, -0.003533104609330799]",-2.0833333333333335,0.009033203125,0.009033203125,0.0072265625,0.009033203125,0.001806640625,0.0,3.0833333333333335,0.0,0.2,1.0,,,,,,
E-consensus-retarget-sawtooth,c10-eclip,0.2,public-lock,10,261,4096,5.85546875,5.86083984375,0.00537109375,0.0015419867583297056,"[0.002348799703673777, 0.008393387796326222]",0.0009172781854569713,-0.007568359375,0.0014805143037165717,"[-0.01047016741028448, -0.004666551339715519]",-1.4090909090909092,0.01220703125,0.01220703125,0.009765625,0.01220703125,0.00244140625,0.0,2.272727272727273,0.0,0.2,1.0,,,,,,
E-consensus-retarget-sawtooth,c10-eclip,0.2,public-lock,25,652,4096,8.110107421875,8.11767578125,0.007568359375,0.001871775897077898,"[0.00389967861672732, 0.01123704013327268]",0.0009332008790150215,-0.009033203125,0.001805305950976356,"[-0.012571602788913658, -0.005494803461086342]",-1.1935483870967742,0.01416015625,0.01416015625,0.011328125000000001,0.01416015625,0.0028320312500000003,0.0,1.8709677419354838,0.0,0.2,1.0,,,,,,
E-consensus-retarget-sawtooth,c10-eclip,0.2,public-lock,50,1304,4096,9.862548828125,9.86962890625,0.007080078125,0.0020252120055887796,"[0.0031106625940459922, 0.011049493655954007]",0.0007178750897343862,-0.0087890625,0.00185446750486126,"[-0.01242381880952807, -0.005154306190471931]",-1.2413793103448276,0.0146484375,0.0146484375,0.01171875,0.0146484375,0.0029296875,0.0,2.0689655172413794,0.0,0.2,1.0,,,,,,
E-consensus-retarget-sawtooth,c10-eclip,0.2,public-lock,100,2609,4096,11.660400390625,11.668212890625,0.0078125,0.002364170049487509,"[0.0031787267030044817, 0.01244627329699552]",0.0006700027218860577,-0.009033203125,0.001963497282675137,"[-0.012881657799043269, -0.0051847484509567315]",-1.15625,0.014892578125,0.014892578125,0.011914062500000001,0.014892578125,0.0029785156250000003,0.0,1.90625,0.0,0.2,1.0,,,,,,
E-consensus-retarget-sawtooth,c10-eclip,0.2,threshold,1,26,4096,1.3623046875,1.3623046875,0.0,0.0,"[0.0, 0.0]",0.0,-0.00341796875,0.0009120394352943945,"[-0.005205566043177013, -0.0016303714568229868]",,0.005126953125,0.004638671875,0.0037109375000000003,0.004638671875,0.0009277343750000001,0.0,,0.0,0.2,1.0,,,100.0,0.2,,
E-consensus-retarget-sawtooth,c10-eclip,0.2,threshold,4,104,4096,3.752685546875,3.755615234375,0.0029296875,0.0010349152703902958,"[0.0009012535700350204, 0.00495812142996498]",0.0007806909114566391,-0.005859375,0.0012887799101488455,"[-0.008385383623891737, -0.003333366376108263]",-2.0,0.009033203125,0.008544921875,0.0068359375,0.008544921875,0.001708984375,0.0,2.9166666666666665,0.0,0.2,1.0,,,100.0,0.2,,
E-consensus-retarget-sawtooth,c10-eclip,0.2,threshold,10,261,4096,5.85546875,5.86083984375,0.00537109375,0.0015419867583297056,"[0.002348799703673777, 0.008393387796326222]",0.0009172781854569713,-0.00732421875,0.0014605448595858162,"[-0.0101868866747882, -0.0044615508252118]",-1.3636363636363635,0.01220703125,0.01171875,0.009375000000000001,0.01171875,0.0023437500000000003,0.0,2.1818181818181817,0.0,0.2,1.0,,,100.0,0.2,,
E-consensus-retarget-sawtooth,c10-eclip,0.2,threshold,25,652,4096,8.110107421875,8.11767578125,0.007568359375,0.001871775897077898,"[0.00389967861672732, 0.01123704013327268]",0.0009332008790150215,-0.0087890625,0.00178901451240887,"[-0.012295530944321384, -0.005282594055678615]",-1.1612903225806452,0.01416015625,0.013671875,0.010937500000000001,0.013671875,0.0027343750000000003,0.0,1.8064516129032258,0.0,0.2,1.0,,,100.0,0.2,,
E-consensus-retarget-sawtooth,c10-eclip,0.2,threshold,50,1304,4096,9.862548828125,9.86962890625,0.007080078125,0.0020252120055887796,"[0.0031106625940459922, 0.011049493655954007]",0.0007178750897343862,-0.008544921875,0.001838603808499164,"[-0.01214858533965836, -0.004941258410341639]",-1.206896551724138,0.0146484375,0.01416015625,0.011328125000000001,0.01416015625,0.0028320312500000003,0.0,2.0,0.0,0.2,1.0,,,100.0,0.2,,
E-consensus-retarget-sawtooth,c10-eclip,0.2,threshold,100,2609,4096,11.660400390625,11.668212890625,0.0078125,0.002364170049487509,"[0.0031787267030044817, 0.01244627329699552]",0.0006700027218860577,-0.0087890625,0.0019485289138351397,"[-0.012608179171116873, -0.004969945828883127]",-1.125,0.014892578125,0.014404296875,0.0115234375,0.014404296875,0.002880859375,0.0,1.84375,0.0,0.2,1.0,,,100.0,0.2,,
E-consensus-retarget-sawtooth,c10-eclip,0.2,all-discoveries-public-lock,1,26,4096,1.3623046875,1.364013671875,0.001708984375,0.0008093812357069636,"[0.00012259715301435152, 0.0032953715969856485]",0.0012544802867383513,,,,,0.025146484375,0.0,0.0,0.025146484375,,0.025146484375,0.0,0.0,0.2,1.0,,,,,"Impossible ownership stress: controls every discovery after a public lock at zero cost, but lacks foresight; it is not the omniscient hard ceiling.",
E-consensus-retarget-sawtooth,c10-eclip,0.2,all-discoveries-public-lock,4,104,4096,3.752685546875,3.775390625,0.022705078125,0.00281472943339722,"[0.017188208435541447, 0.028221947814458553]",0.006050354563788953,,,,,0.0556640625,0.0,0.0,0.0556640625,,0.0556640625,0.0,0.0,0.2,1.0,,,,,"Impossible ownership stress: controls every discovery after a public lock at zero cost, but lacks foresight; it is not the omniscient hard ceiling.",
E-consensus-retarget-sawtooth,c10-eclip,0.2,all-discoveries-public-lock,10,261,4096,5.85546875,5.893310546875,0.037841796875,0.0038848008604170127,"[0.030227587188582657, 0.04545600656141734]",0.006462641761174116,,,,,0.069580078125,0.0,0.0,0.069580078125,,0.069580078125,0.0,0.0,0.2,1.0,,,,,"Impossible ownership stress: controls every discovery after a public lock at zero cost, but lacks foresight; it is not the omniscient hard ceiling.",
E-consensus-retarget-sawtooth,c10-eclip,0.2,all-discoveries-public-lock,25,652,4096,8.110107421875,8.16015625,0.050048828125,0.004726700595266517,"[0.04078449495827763, 0.05931316129172237]",0.006171167103163852,,,,,0.07666015625,0.0,0.0,0.07666015625,,0.07666015625,0.0,0.0,0.2,1.0,,,,,"Impossible ownership stress: controls every discovery after a public lock at zero cost, but lacks foresight; it is not the omniscient hard ceiling.",
E-consensus-retarget-sawtooth,c10-eclip,0.2,all-discoveries-public-lock,50,1304,4096,9.862548828125,9.915283203125,0.052734375,0.005251704576893994,"[0.04244103402928777, 0.06302771597071223]",0.005346931702849222,,,,,0.07958984375,0.0,0.0,0.07958984375,,0.07958984375,0.0,0.0,0.2,1.0,,,,,"Impossible ownership stress: controls every discovery after a public lock at zero cost, but lacks foresight; it is not the omniscient hard ceiling.",
E-consensus-retarget-sawtooth,c10-eclip,0.2,all-discoveries-public-lock,100,2609,4096,11.660400390625,11.718017578125,0.0576171875,0.005676121523053077,"[0.04649198931481597, 0.06874238568518404]",0.0049412700739096755,,,,,0.08154296875,0.0,0.0,0.08154296875,,0.08154296875,0.0,0.0,0.2,1.0,,,,,"Impossible ownership stress: controls every discovery after a public lock at zero cost, but lacks foresight; it is not the omniscient hard ceiling.",
E-consensus-retarget-sawtooth,c10-eclip,0.2,omniscient-hard-ceiling,1,26,4096,1.3623046875,26.0,24.6376953125,0.015323206967676301,"[24.607661826843355, 24.667728798156645]",18.08530465949821,,,,,,0.0,0.0,,,,,,,,,,,,"Hard count ceiling only: grants arbitrary foresight, control, delay, and zero cost; it is not an executable strategy.",
E-consensus-retarget-sawtooth,c10-eclip,0.2,omniscient-hard-ceiling,4,104,4096,3.752685546875,104.0,100.247314453125,0.01939652551178431,"[100.2092972631219, 100.2853316431281]",26.713486435495412,,,,,,0.0,0.0,,,,,,,,,,,,"Hard count ceiling only: grants arbitrary foresight, control, delay, and zero cost; it is not an executable strategy.",
E-consensus-retarget-sawtooth,c10-eclip,0.2,omniscient-hard-ceiling,10,261,4096,5.85546875,261.0,255.14453125,0.023382346966021674,"[255.0987018499466, 255.1903606500534]",43.573715810540364,,,,,,0.0,0.0,,,,,,,,,,,,"Hard count ceiling only: grants arbitrary foresight, control, delay, and zero cost; it is not an executable strategy.",
E-consensus-retarget-sawtooth,c10-eclip,0.2,omniscient-hard-ceiling,25,652,4096,8.110107421875,652.0,643.889892578125,0.028732689203802442,"[643.8335765072856, 643.9462086489644]",79.39350973840273,,,,,,0.0,0.0,,,,,,,,,,,,"Hard count ceiling only: grants arbitrary foresight, control, delay, and zero cost; it is not an executable strategy.",
E-consensus-retarget-sawtooth,c10-eclip,0.2,omniscient-hard-ceiling,50,1304,4096,9.862548828125,1304.0,1294.137451171875,0.03214122816348481,"[1294.0744543646745, 1294.2004479790755]",131.21734287199544,,,,,,0.0,0.0,,,,,,,,,,,,"Hard count ceiling only: grants arbitrary foresight, control, delay, and zero cost; it is not an executable strategy.",
E-consensus-retarget-sawtooth,c10-eclip,0.2,omniscient-hard-ceiling,100,2609,4096,11.660400390625,2609.0,2597.339599609375,0.03581791077832964,"[2597.2693965042495, 2597.4098027145005]",222.74874897929274,,,,,,0.0,0.0,,,,,,,,,,,,"Hard count ceiling only: grants arbitrary foresight, control, delay, and zero cost; it is not an executable strategy.",
E-consensus-retarget-sawtooth,c10-eclip,0.2,public-lock-budget-1R,1,26,4096,1.3623046875,1.3623046875,0.0,0.0,"[0.0, 0.0]",0.0,-0.003662109375,0.0009439348617255532,"[-0.005512221703982084, -0.0018119970460179157]",,0.005126953125,0.005126953125,0.0041015625,0.005126953125,0.001025390625,0.0,,0.0,0.2,1.0,1,0.005126953125,,,,True
E-consensus-retarget-sawtooth,c10-eclip,0.2,public-lock-budget-1R,4,104,4096,3.752685546875,3.755615234375,0.0029296875,0.0010349152703902958,"[0.0009012535700350204, 0.00495812142996498]",0.0007806909114566391,-0.006103515625,0.0013114341916679597,"[-0.0086739266406692, -0.003533104609330799]",-2.0833333333333335,0.009033203125,0.009033203125,0.0072265625,0.009033203125,0.001806640625,0.0,3.0833333333333335,0.0,0.2,1.0,1,0.009033203125,,,,True
E-consensus-retarget-sawtooth,c10-eclip,0.2,public-lock-budget-1R,10,261,4096,5.85546875,5.86083984375,0.00537109375,0.0015419867583297056,"[0.002348799703673777, 0.008393387796326222]",0.0009172781854569713,-0.007568359375,0.0014805143037165717,"[-0.01047016741028448, -0.004666551339715519]",-1.4090909090909092,0.01220703125,0.01220703125,0.009765625,0.01220703125,0.00244140625,0.0,2.272727272727273,0.0,0.2,1.0,1,0.01220703125,,,,True
E-consensus-retarget-sawtooth,c10-eclip,0.2,public-lock-budget-1R,25,652,4096,8.110107421875,8.11767578125,0.007568359375,0.001871775897077898,"[0.00389967861672732, 0.01123704013327268]",0.0009332008790150215,-0.009033203125,0.001805305950976356,"[-0.012571602788913658, -0.005494803461086342]",-1.1935483870967742,0.01416015625,0.01416015625,0.011328125000000001,0.01416015625,0.0028320312500000003,0.0,1.8709677419354838,0.0,0.2,1.0,1,0.01416015625,,,,True
E-consensus-retarget-sawtooth,c10-eclip,0.2,public-lock-budget-1R,50,1304,4096,9.862548828125,9.86962890625,0.007080078125,0.0020252120055887796,"[0.0031106625940459922, 0.011049493655954007]",0.0007178750897343862,-0.0087890625,0.00185446750486126,"[-0.01242381880952807, -0.005154306190471931]",-1.2413793103448276,0.0146484375,0.0146484375,0.01171875,0.0146484375,0.0029296875,0.0,2.0689655172413794,0.0,0.2,1.0,1,0.0146484375,,,,True
E-consensus-retarget-sawtooth,c10-eclip,0.2,public-lock-budget-1R,100,2609,4096,11.660400390625,11.668212890625,0.0078125,0.002364170049487509,"[0.0031787267030044817, 0.01244627329699552]",0.0006700027218860577,-0.009033203125,0.001963497282675137,"[-0.012881657799043269, -0.0051847484509567315]",-1.15625,0.014892578125,0.014892578125,0.011914062500000001,0.014892578125,0.0029785156250000003,0.0,1.90625,0.0,0.2,1.0,1,0.014892578125,,,,True
E-consensus-retarget-sawtooth,c10-eclip,0.3,shallow-lock,1,26,4096,1.370361328125,1.370361328125,0.0,0.0,"[0.0, 0.0]",0.0,0.0,0.0,"[0.0, 0.0]",,0.0009765625,0.0009765625,0.00068359375,0.0009765625,0.00029296875,0.0,,0.0,0.3,1.0,,,,,,
E-consensus-retarget-sawtooth,c10-eclip,0.3,shallow-lock,4,104,4096,3.75146484375,3.751708984375,0.000244140625,0.000244140625,"[-0.000234375, 0.00072265625]",6.507874528179097e-05,0.000244140625,0.000244140625,"[-0.000234375, 0.00072265625]",1.0,0.00341796875,0.00341796875,0.0023925781249999997,0.00341796875,0.001025390625,0.0,14.0,0.0,0.3,1.0,,,,,,
E-consensus-retarget-sawtooth,c10-eclip,0.3,shallow-lock,10,261,4096,5.882080078125,5.884033203125,0.001953125,0.0008452803398438812,"[0.00029637553390599275, 0.003609874466094007]",0.0003320466525546839,0.000732421875,0.00042276069059612694,"[-9.618907856840883e-05, 0.0015610328285684087]",0.375,0.00439453125,0.00439453125,0.003076171875,0.00439453125,0.0013183593749999999,0.0,2.25,0.0,0.3,1.0,,,,,,
E-consensus-retarget-sawtooth,c10-eclip,0.3,shallow-lock,25,652,4096,8.108642578125,8.111328125,0.002685546875,0.0009447363610748978,"[0.0008338636072932003, 0.004537230142706799]",0.00033119561617438956,0.00146484375,0.0005976547536731011,"[0.00029344043280072176, 0.0026362470671992782]",0.5454545454545454,0.004638671875,0.004638671875,0.0032470703124999997,0.004638671875,0.0013916015625,0.0,1.7272727272727273,0.0,0.3,1.0,,,,,,
E-consensus-retarget-sawtooth,c10-eclip,0.3,shallow-lock,50,1304,4096,9.82470703125,9.828125,0.00341796875,0.0010906562854526257,"[0.0012802824305128539, 0.0055556550694871466]",0.0003478952338352965,0.001953125,0.0006899435135935306,"[0.00060083571335668, 0.0033054142866433198]",0.5714285714285714,0.004638671875,0.004638671875,0.0032470703124999997,0.004638671875,0.0013916015625,0.0,1.3571428571428572,0.0,0.3,1.0,,,,,,
E-consensus-retarget-sawtooth,c10-eclip,0.3,shallow-lock,100,2609,4096,11.620361328125,11.6240234375,0.003662109375,0.0011696010538360681,"[0.0013696913094813066, 0.005954527440518694]",0.0003151459125575141,0.001953125,0.0006899435135935306,"[0.00060083571335668, 0.0033054142866433198]",0.5333333333333333,0.004638671875,0.004638671875,0.0032470703124999997,0.004638671875,0.0013916015625,0.0,1.2666666666666666,0.0,0.3,1.0,,,,,,
E-consensus-retarget-sawtooth,c10-eclip,0.3,public-lock,1,26,4096,1.370361328125,1.37060546875,0.000244140625,0.000244140625,"[-0.000234375, 0.00072265625]",0.00017815784785319794,-0.004638671875,0.0010618428699198069,"[-0.006719883900042821, -0.0025574598499571786]",-19.0,0.005859375,0.005859375,0.004101562499999999,0.005859375,0.0017578124999999998,0.0,24.0,0.0,0.3,1.0,,,,,,
E-consensus-retarget-sawtooth,c10-eclip,0.3,public-lock,4,104,4096,3.75146484375,3.754150390625,0.002685546875,0.0008793681774141246,"[0.0009619852472683159, 0.0044091085027316845]",0.0007158661980997006,-0.011474609375,0.0016997610953793957,"[-0.014806141121943615, -0.008143077628056385]",-4.2727272727272725,0.015380859375,0.015380859375,0.010766601562499999,0.015380859375,0.0046142578125,0.0,5.7272727272727275,0.0,0.3,1.0,,,,,,
E-consensus-retarget-sawtooth,c10-eclip,0.3,public-lock,10,261,4096,5.882080078125,5.890380859375,0.00830078125,0.0016509564165323358,"[0.005064906673596622, 0.011536655826403378]",0.0014111982733574068,-0.01123046875,0.0017856756259706462,"[-0.014730392976902467, -0.007730544523097533]",-1.3529411764705883,0.01806640625,0.01806640625,0.012646484375,0.01806640625,0.005419921875,0.0,2.176470588235294,0.0,0.3,1.0,,,,,,
E-consensus-retarget-sawtooth,c10-eclip,0.3,public-lock,25,652,4096,8.108642578125,8.1220703125,0.013427734375,0.0024691592358540844,"[0.008588182272725994, 0.018267286477274006]",0.0016559780808719478,-0.010009765625,0.0018367979395813912,"[-0.013609889586579526, -0.006409641663420474]",-0.7454545454545455,0.0185546875,0.0185546875,0.012988281249999999,0.0185546875,0.00556640625,0.0,1.3818181818181818,0.0,0.3,1.0,,,,,,
E-consensus-retarget-sawtooth,c10-eclip,0.3,public-lock,50,1304,4096,9.82470703125,9.83984375,0.01513671875,0.002752327453111903,"[0.00974215694190067, 0.02053128055809933]",0.00154067889269917,-0.010009765625,0.0020221911565875385,"[-0.013973260291911576, -0.006046270958088425]",-0.6612903225806451,0.01904296875,0.01904296875,0.013330078124999999,0.01904296875,0.005712890625,0.0,1.2580645161290323,0.0,0.3,1.0,,,,,,
E-consensus-retarget-sawtooth,c10-eclip,0.3,public-lock,100,2609,4096,11.620361328125,11.636474609375,0.01611328125,0.0030782573669102683,"[0.010079896810855873, 0.022146665689144127]",0.0013866420152530623,-0.009765625,0.0022591950935910406,"[-0.01419364738343844, -0.005337602616561561]",-0.6060606060606061,0.01904296875,0.01904296875,0.013330078124999999,0.01904296875,0.005712890625,0.0,1.1818181818181819,0.0,0.3,1.0,,,,,,
E-consensus-retarget-sawtooth,c10-eclip,0.3,threshold,1,26,4096,1.370361328125,1.37060546875,0.000244140625,0.000244140625,"[-0.000234375, 0.00072265625]",0.00017815784785319794,-0.00439453125,0.0010336486987856598,"[-0.006420482699619893, -0.002368579800380107]",-18.0,0.005859375,0.005615234375,0.0039306640624999995,0.005615234375,0.0016845703124999999,0.0,23.0,0.0,0.3,1.0,,,100.0,0.3,,
E-consensus-retarget-sawtooth,c10-eclip,0.3,threshold,4,104,4096,3.75146484375,3.754150390625,0.002685546875,0.0008793681774141246,"[0.0009619852472683159, 0.0044091085027316845]",0.0007158661980997006,-0.01123046875,0.001682534469103221,"[-0.014528236309442312, -0.007932701190557688]",-4.181818181818182,0.015380859375,0.01513671875,0.010595703125,0.01513671875,0.0045410156249999995,0.0,5.636363636363637,0.0,0.3,1.0,,,100.0,0.3,,
E-consensus-retarget-sawtooth,c10-eclip,0.3,threshold,10,261,4096,5.882080078125,5.890380859375,0.00830078125,0.0016509564165323358,"[0.005064906673596622, 0.011536655826403378]",0.0014111982733574068,-0.010986328125,0.0017692774764301766,"[-0.014454111978803147, -0.0075185442711968534]",-1.3235294117647058,0.01806640625,0.017822265625,0.012475585937499999,0.017822265625,0.0053466796875,0.0,2.1470588235294117,0.0,0.3,1.0,,,100.0,0.3,,
E-consensus-retarget-sawtooth,c10-eclip,0.3,threshold,25,652,4096,8.108642578125,8.1220703125,0.013427734375,0.0024691592358540844,"[0.008588182272725994, 0.018267286477274006]",0.0016559780808719478,-0.009765625,0.0018208202721794985,"[-0.013334432733471816, -0.0061968172665281835]",-0.7272727272727273,0.0185546875,0.018310546875,0.0128173828125,0.018310546875,0.0054931640625,0.0,1.3636363636363635,0.0,0.3,1.0,,,100.0,0.3,,
E-consensus-retarget-sawtooth,c10-eclip,0.3,threshold,50,1304,4096,9.82470703125,9.83984375,0.01513671875,0.002752327453111903,"[0.00974215694190067, 0.02053128055809933]",0.00154067889269917,-0.009765625,0.002007689434775764,"[-0.013700696292160497, -0.005830553707839503]",-0.6451612903225806,0.01904296875,0.018798828125,0.0131591796875,0.018798828125,0.0056396484374999995,0.0,1.2419354838709677,0.0,0.3,1.0,,,100.0,0.3,,
E-consensus-retarget-sawtooth,c10-eclip,0.3,threshold,100,2609,4096,11.620361328125,11.636474609375,0.01611328125,0.0030782573669102683,"[0.010079896810855873, 0.022146665689144127]",0.0013866420152530623,-0.009521484375,0.002246217521233772,"[-0.013924070716618192, -0.005118898033381807]",-0.5909090909090909,0.01904296875,0.018798828125,0.0131591796875,0.018798828125,0.0056396484374999995,0.0,1.1666666666666667,0.0,0.3,1.0,,,100.0,0.3,,
E-consensus-retarget-sawtooth,c10-eclip,0.3,all-discoveries-public-lock,1,26,4096,1.370361328125,1.37158203125,0.001220703125,0.0005456483432585137,"[0.00015123237221331318, 0.0022901738777866866]",0.0008907892392659896,,,,,0.020751953125,0.0,0.0,0.020751953125,,0.020751953125,0.0,0.0,0.3,1.0,,,,,"Impossible ownership stress: controls every discovery after a public lock at zero cost, but lacks foresight; it is not the omniscient hard ceiling.",
E-consensus-retarget-sawtooth,c10-eclip,0.3,all-discoveries-public-lock,4,104,4096,3.75146484375,3.763916015625,0.012451171875,0.0019589255324026986,"[0.008611677831490711, 0.01629066591850929]",0.0033190160093713394,,,,,0.050048828125,0.0,0.0,0.050048828125,,0.050048828125,0.0,0.0,0.3,1.0,,,,,"Impossible ownership stress: controls every discovery after a public lock at zero cost, but lacks foresight; it is not the omniscient hard ceiling.",
E-consensus-retarget-sawtooth,c10-eclip,0.3,all-discoveries-public-lock,10,261,4096,5.882080078125,5.91259765625,0.030517578125,0.003250176309686898,"[0.02414723255801368, 0.03688792369198632]",0.005188228946166936,,,,,0.0615234375,0.0,0.0,0.0615234375,,0.0615234375,0.0,0.0,0.3,1.0,,,,,"Impossible ownership stress: controls every discovery after a public lock at zero cost, but lacks foresight; it is not the omniscient hard ceiling.",
E-consensus-retarget-sawtooth,c10-eclip,0.3,all-discoveries-public-lock,25,652,4096,8.108642578125,8.152099609375,0.04345703125,0.004477480252356331,"[0.03468116995538159, 0.05223289254461841]",0.0053593472435492125,,,,,0.065185546875,0.0,0.0,0.065185546875,,0.065185546875,0.0,0.0,0.3,1.0,,,,,"Impossible ownership stress: controls every discovery after a public lock at zero cost, but lacks foresight; it is not the omniscient hard ceiling.",
E-consensus-retarget-sawtooth,c10-eclip,0.3,all-discoveries-public-lock,50,1304,4096,9.82470703125,9.8720703125,0.04736328125,0.004789796996960943,"[0.03797527913595655, 0.05675128336404345]",0.004820833954574822,,,,,0.06689453125,0.0,0.0,0.06689453125,,0.06689453125,0.0,0.0,0.3,1.0,,,,,"Impossible ownership stress: controls every discovery after a public lock at zero cost, but lacks foresight; it is not the omniscient hard ceiling.",
E-consensus-retarget-sawtooth,c10-eclip,0.3,all-discoveries-public-lock,100,2609,4096,11.620361328125,11.667724609375,0.04736328125,0.005286791852589705,"[0.03700116921892418, 0.05772539328107582]",0.00407588713574385,,,,,0.067138671875,0.0,0.0,0.067138671875,,0.067138671875,0.0,0.0,0.3,1.0,,,,,"Impossible ownership stress: controls every discovery after a public lock at zero cost, but lacks foresight; it is not the omniscient hard ceiling.",
E-consensus-retarget-sawtooth,c10-eclip,0.3,omniscient-hard-ceiling,1,26,4096,1.370361328125,26.0,24.629638671875,0.015674832518472726,"[24.598916000138793, 24.660361343611207]",17.973098164974168,,,,,,0.0,0.0,,,,,,,,,,,,"Hard count ceiling only: grants arbitrary foresight, control, delay, and zero cost; it is not an executable strategy.",
E-consensus-retarget-sawtooth,c10-eclip,0.3,omniscient-hard-ceiling,4,104,4096,3.75146484375,104.0,100.24853515625,0.01937887556958195,"[100.21055256013362, 100.28651775236638]",26.722504230118442,,,,,,0.0,0.0,,,,,,,,,,,,"Hard count ceiling only: grants arbitrary foresight, control, delay, and zero cost; it is not an executable strategy.",
E-consensus-retarget-sawtooth,c10-eclip,0.3,omniscient-hard-ceiling,10,261,4096,5.882080078125,261.0,255.117919921875,0.023386945219311676,"[255.07208150924515, 255.16375833450485]",43.37205827418752,,,,,,0.0,0.0,,,,,,,,,,,,"Hard count ceiling only: grants arbitrary foresight, control, delay, and zero cost; it is not an executable strategy.",
E-consensus-retarget-sawtooth,c10-eclip,0.3,omniscient-hard-ceiling,25,652,4096,8.108642578125,652.0,643.891357421875,0.02879001764320079,"[643.8349289872943, 643.9477858564557]",79.40803299912685,,,,,,0.0,0.0,,,,,,,,,,,,"Hard count ceiling only: grants arbitrary foresight, control, delay, and zero cost; it is not an executable strategy.",
E-consensus-retarget-sawtooth,c10-eclip,0.3,omniscient-hard-ceiling,50,1304,4096,9.82470703125,1304.0,1294.17529296875,0.03301102948700103,"[1294.1105913509555, 1294.2399945865445]",131.72660404552457,,,,,,0.0,0.0,,,,,,,,,,,,"Hard count ceiling only: grants arbitrary foresight, control, delay, and zero cost; it is not an executable strategy.",
E-consensus-retarget-sawtooth,c10-eclip,0.3,omniscient-hard-ceiling,100,2609,4096,11.620361328125,2609.0,2597.379638671875,0.03610641068308543,"[2597.308870106936, 2597.450407236814]",223.51969661953484,,,,,,0.0,0.0,,,,,,,,,,,,"Hard count ceiling only: grants arbitrary foresight, control, delay, and zero cost; it is not an executable strategy.",
E-consensus-retarget-sawtooth,c10-eclip,0.3,public-lock-budget-1R,1,26,4096,1.370361328125,1.37060546875,0.000244140625,0.000244140625,"[-0.000234375, 0.00072265625]",0.00017815784785319794,-0.004638671875,0.0010618428699198069,"[-0.006719883900042821, -0.0025574598499571786]",-19.0,0.005859375,0.005859375,0.004101562499999999,0.005859375,0.0017578124999999998,0.0,24.0,0.0,0.3,1.0,1,0.005859375,,,,True
E-consensus-retarget-sawtooth,c10-eclip,0.3,public-lock-budget-1R,4,104,4096,3.75146484375,3.754150390625,0.002685546875,0.0008793681774141246,"[0.0009619852472683159, 0.0044091085027316845]",0.0007158661980997006,-0.011474609375,0.0016997610953793957,"[-0.014806141121943615, -0.008143077628056385]",-4.2727272727272725,0.015380859375,0.015380859375,0.010766601562499999,0.015380859375,0.0046142578125,0.0,5.7272727272727275,0.0,0.3,1.0,1,0.015380859375,,,,True
E-consensus-retarget-sawtooth,c10-eclip,0.3,public-lock-budget-1R,10,261,4096,5.882080078125,5.890380859375,0.00830078125,0.0016509564165323358,"[0.005064906673596622, 0.011536655826403378]",0.0014111982733574068,-0.01123046875,0.0017856756259706462,"[-0.014730392976902467, -0.007730544523097533]",-1.3529411764705883,0.01806640625,0.01806640625,0.012646484375,0.01806640625,0.005419921875,0.0,2.176470588235294,0.0,0.3,1.0,1,0.01806640625,,,,True
E-consensus-retarget-sawtooth,c10-eclip,0.3,public-lock-budget-1R,25,652,4096,8.108642578125,8.1220703125,0.013427734375,0.0024691592358540844,"[0.008588182272725994, 0.018267286477274006]",0.0016559780808719478,-0.010009765625,0.0018367979395813912,"[-0.013609889586579526, -0.006409641663420474]",-0.7454545454545455,0.0185546875,0.0185546875,0.012988281249999999,0.0185546875,0.00556640625,0.0,1.3818181818181818,0.0,0.3,1.0,1,0.0185546875,,,,True
E-consensus-retarget-sawtooth,c10-eclip,0.3,public-lock-budget-1R,50,1304,4096,9.82470703125,9.83984375,0.01513671875,0.002752327453111903,"[0.00974215694190067, 0.02053128055809933]",0.00154067889269917,-0.010009765625,0.0020221911565875385,"[-0.013973260291911576, -0.006046270958088425]",-0.6612903225806451,0.01904296875,0.01904296875,0.013330078124999999,0.01904296875,0.005712890625,0.0,1.2580645161290323,0.0,0.3,1.0,1,0.01904296875,,,,True
E-consensus-retarget-sawtooth,c10-eclip,0.3,public-lock-budget-1R,100,2609,4096,11.620361328125,11.636474609375,0.01611328125,0.0030782573669102683,"[0.010079896810855873, 0.022146665689144127]",0.0013866420152530623,-0.009765625,0.0022591950935910406,"[-0.01419364738343844, -0.005337602616561561]",-0.6060606060606061,0.01904296875,0.01904296875,0.013330078124999999,0.01904296875,0.005712890625,0.0,1.1818181818181819,0.0,0.3,1.0,1,0.01904296875,,,,True
E-consensus-retarget-sawtooth,c10-eclip,0.5,shallow-lock,1,26,4096,1.35400390625,1.354248046875,0.000244140625,0.000244140625,"[-0.000234375, 0.00072265625]",0.00018031013342949875,0.0,0.0,"[0.0, 0.0]",0.0,0.0048828125,0.0048828125,0.00244140625,0.0048828125,0.00244140625,0.0,20.0,0.0,0.5,1.0,,,,,,
E-consensus-retarget-sawtooth,c10-eclip,0.5,shallow-lock,4,104,4096,3.7353515625,3.7392578125,0.00390625,0.0011436328979865624,"[0.001664729519946338, 0.006147770480053662]",0.0010457516339869282,0.001953125,0.0007715312387960625,"[0.0004409237719597177, 0.0034653262280402823]",0.5,0.01123046875,0.01123046875,0.005615234375,0.01123046875,0.005615234375,0.0,2.875,0.0,0.5,1.0,,,,,,
E-consensus-retarget-sawtooth,c10-eclip,0.5,shallow-lock,10,261,4096,5.854736328125,5.8623046875,0.007568359375,0.0015589738305969623,"[0.004512770667029954, 0.010623948082970045]",0.0012926900462866436,0.00341796875,0.0011440146561498765,"[0.0011757000239462421, 0.005660237476053757]",0.45161290322580644,0.01416015625,0.01416015625,0.007080078125,0.01416015625,0.007080078125,0.0,1.8709677419354838,0.0,0.5,1.0,,,,,,
E-consensus-retarget-sawtooth,c10-eclip,0.5,shallow-lock,25,652,4096,8.115234375,8.12548828125,0.01025390625,0.0019771675116532356,"[0.006378657927159658, 0.014129154572840343]",0.001263537906137184,0.004150390625,0.001357935446582137,"[0.0014888371496990117, 0.006811944100300988]",0.40476190476190477,0.016357421875,0.016357421875,0.0081787109375,0.016357421875,0.0081787109375,0.0,1.5952380952380953,0.0,0.5,1.0,,,,,,
E-consensus-retarget-sawtooth,c10-eclip,0.5,shallow-lock,50,1304,4096,9.857177734375,9.86962890625,0.012451171875,0.002133733733254831,"[0.00826905375782053, 0.01663328999217947]",0.0012631578947368421,0.004150390625,0.0015234639080194284,"[0.0011644013652819204, 0.00713637988471808]",0.3333333333333333,0.016845703125,0.016845703125,0.0084228515625,0.016845703125,0.0084228515625,0.0,1.3529411764705883,0.0,0.5,1.0,,,,,,
E-consensus-retarget-sawtooth,c10-eclip,0.5,shallow-lock,100,2609,4096,11.63720703125,11.650634765625,0.013427734375,0.002563922957882535,"[0.008402445377550232, 0.018453023372449768]",0.0011538622917803046,0.005615234375,0.0018734548223556195,"[0.001943262923182986, 0.009287205826817014]",0.41818181818181815,0.017578125,0.017578125,0.0087890625,0.017578125,0.0087890625,0.0,1.309090909090909,0.0,0.5,1.0,,,,,,
E-consensus-retarget-sawtooth,c10-eclip,0.5,public-lock,1,26,4096,1.35400390625,1.354248046875,0.000244140625,0.000244140625,"[-0.000234375, 0.00072265625]",0.00018031013342949875,-0.005126953125,0.0011160574552338974,"[-0.0073144257372584395, -0.002939480512741561]",-21.0,0.010009765625,0.010009765625,0.0050048828125,0.010009765625,0.0050048828125,0.0,41.0,0.0,0.5,1.0,,,,,,
E-consensus-retarget-sawtooth,c10-eclip,0.5,public-lock,4,104,4096,3.7353515625,3.74365234375,0.00830078125,0.0016866817986145733,"[0.004994884924715436, 0.011606677575284564]",0.0022222222222222222,-0.009521484375,0.0018695972684908328,"[-0.013185895021242032, -0.005857073728757968]",-1.1470588235294117,0.02392578125,0.02392578125,0.011962890625,0.02392578125,0.011962890625,0.0,2.8823529411764706,0.0,0.5,1.0,,,,,,
E-consensus-retarget-sawtooth,c10-eclip,0.5,public-lock,10,261,4096,5.854736328125,5.873046875,0.018310546875,0.00269282140476908,"[0.013032616921652604, 0.023588476828347395]",0.003127475918435428,-0.008544921875,0.0021103576874604065,"[-0.012681222942422396, -0.004408620807577603]",-0.4666666666666667,0.0302734375,0.0302734375,0.01513671875,0.0302734375,0.01513671875,0.0,1.6533333333333333,0.0,0.5,1.0,,,,,,
E-consensus-retarget-sawtooth,c10-eclip,0.5,public-lock,25,652,4096,8.115234375,8.14013671875,0.02490234375,0.0032709722326777963,"[0.01849123817395152, 0.03131344932604848]",0.0030685920577617327,-0.009765625,0.002387499627926219,"[-0.014445124270735389, -0.005086125729264611]",-0.39215686274509803,0.035888671875,0.035888671875,0.0179443359375,0.035888671875,0.0179443359375,0.0,1.4411764705882353,0.0,0.5,1.0,,,,,,
E-consensus-retarget-sawtooth,c10-eclip,0.5,public-lock,50,1304,4096,9.857177734375,9.8876953125,0.030517578125,0.0038076913294235342,"[0.023054503119329873, 0.03798065313067013]",0.0030959752321981426,-0.00830078125,0.0025341759024246338,"[-0.013267766018752281, -0.003333796481247718]",-0.272,0.03759765625,0.03759765625,0.018798828125,0.03759765625,0.018798828125,0.0,1.232,0.0,0.5,1.0,,,,,,
E-consensus-retarget-sawtooth,c10-eclip,0.5,public-lock,100,2609,4096,11.63720703125,11.6708984375,0.03369140625,0.004280653703370559,"[0.025301324991393703, 0.0420814875086063]",0.0028951453866487642,-0.006103515625,0.0029386539209990386,"[-0.011863277310158116, -0.00034375393984188447]",-0.18115942028985507,0.03857421875,0.03857421875,0.019287109375,0.03857421875,0.019287109375,0.0,1.144927536231884,0.0,0.5,1.0,,,,,,
E-consensus-retarget-sawtooth,c10-eclip,0.5,threshold,1,26,4096,1.35400390625,1.354248046875,0.000244140625,0.000244140625,"[-0.000234375, 0.00072265625]",0.00018031013342949875,-0.005126953125,0.0011160574552338974,"[-0.0073144257372584395, -0.002939480512741561]",-21.0,0.010009765625,0.010009765625,0.0050048828125,0.010009765625,0.0050048828125,0.0,41.0,0.0,0.5,1.0,,,100.0,0.5,,
E-consensus-retarget-sawtooth,c10-eclip,0.5,threshold,4,104,4096,3.7353515625,3.74365234375,0.00830078125,0.0016866817986145733,"[0.004994884924715436, 0.011606677575284564]",0.0022222222222222222,-0.009521484375,0.0018695972684908328,"[-0.013185895021242032, -0.005857073728757968]",-1.1470588235294117,0.02392578125,0.023681640625,0.0118408203125,0.023681640625,0.0118408203125,0.0,2.8529411764705883,0.0,0.5,1.0,,,100.0,0.5,,
E-consensus-retarget-sawtooth,c10-eclip,0.5,threshold,10,261,4096,5.854736328125,5.873046875,0.018310546875,0.00269282140476908,"[0.013032616921652604, 0.023588476828347395]",0.003127475918435428,-0.008544921875,0.0021103576874604065,"[-0.012681222942422396, -0.004408620807577603]",-0.4666666666666667,0.0302734375,0.030029296875,0.0150146484375,0.030029296875,0.0150146484375,0.0,1.64,0.0,0.5,1.0,,,100.0,0.5,,
E-consensus-retarget-sawtooth,c10-eclip,0.5,threshold,25,652,4096,8.115234375,8.14013671875,0.02490234375,0.0032709722326777963,"[0.01849123817395152, 0.03131344932604848]",0.0030685920577617327,-0.009765625,0.002387499627926219,"[-0.014445124270735389, -0.005086125729264611]",-0.39215686274509803,0.035888671875,0.03564453125,0.017822265625,0.03564453125,0.017822265625,0.0,1.4313725490196079,0.0,0.5,1.0,,,100.0,0.5,,
E-consensus-retarget-sawtooth,c10-eclip,0.5,threshold,50,1304,4096,9.857177734375,9.8876953125,0.030517578125,0.0038076913294235342,"[0.023054503119329873, 0.03798065313067013]",0.0030959752321981426,-0.00830078125,0.0025341759024246338,"[-0.013267766018752281, -0.003333796481247718]",-0.272,0.03759765625,0.037353515625,0.0186767578125,0.037353515625,0.0186767578125,0.0,1.224,0.0,0.5,1.0,,,100.0,0.5,,
E-consensus-retarget-sawtooth,c10-eclip,0.5,threshold,100,2609,4096,11.63720703125,11.6708984375,0.03369140625,0.004280653703370559,"[0.025301324991393703, 0.0420814875086063]",0.0028951453866487642,-0.006103515625,0.0029386539209990386,"[-0.011863277310158116, -0.00034375393984188447]",-0.18115942028985507,0.03857421875,0.038330078125,0.0191650390625,0.038330078125,0.0191650390625,0.0,1.1376811594202898,0.0,0.5,1.0,,,100.0,0.5,,
E-consensus-retarget-sawtooth,c10-eclip,0.5,all-discoveries-public-lock,1,26,4096,1.35400390625,1.354736328125,0.000732421875,0.00042276069059612694,"[-9.618907856840883e-05, 0.0015610328285684087]",0.0005409304002884963,,,,,0.021240234375,0.0,0.0,0.021240234375,,0.021240234375,0.0,0.0,0.5,1.0,,,,,"Impossible ownership stress: controls every discovery after a public lock at zero cost, but lacks foresight; it is not the omniscient hard ceiling.",
E-consensus-retarget-sawtooth,c10-eclip,0.5,all-discoveries-public-lock,4,104,4096,3.7353515625,3.752197265625,0.016845703125,0.002262205082268808,"[0.012411781163753136, 0.021279625086246864]",0.0045098039215686276,,,,,0.05419921875,0.0,0.0,0.05419921875,,0.05419921875,0.0,0.0,0.5,1.0,,,,,"Impossible ownership stress: controls every discovery after a public lock at zero cost, but lacks foresight; it is not the omniscient hard ceiling.",
E-consensus-retarget-sawtooth,c10-eclip,0.5,all-discoveries-public-lock,10,261,4096,5.854736328125,5.892578125,0.037841796875,0.0037758454578647625,"[0.030441139777585065, 0.045242453972414935]",0.006463450231433218,,,,,0.067626953125,0.0,0.0,0.067626953125,,0.067626953125,0.0,0.0,0.5,1.0,,,,,"Impossible ownership stress: controls every discovery after a public lock at zero cost, but lacks foresight; it is not the omniscient hard ceiling.",
E-consensus-retarget-sawtooth,c10-eclip,0.5,all-discoveries-public-lock,25,652,4096,8.115234375,8.167724609375,0.052490234375,0.00493027568768677,"[0.04282689402713393, 0.06215357472286607]",0.006468110709987966,,,,,0.075439453125,0.0,0.0,0.075439453125,,0.075439453125,0.0,0.0,0.5,1.0,,,,,"Impossible ownership stress: controls every discovery after a public lock at zero cost, but lacks foresight; it is not the omniscient hard ceiling.",
E-consensus-retarget-sawtooth,c10-eclip,0.5,all-discoveries-public-lock,50,1304,4096,9.857177734375,9.9208984375,0.063720703125,0.005665432291074624,"[0.05261645583449374, 0.07482495041550627]",0.006464396284829721,,,,,0.077880859375,0.0,0.0,0.077880859375,,0.077880859375,0.0,0.0,0.5,1.0,,,,,"Impossible ownership stress: controls every discovery after a public lock at zero cost, but lacks foresight; it is not the omniscient hard ceiling.",
E-consensus-retarget-sawtooth,c10-eclip,0.5,all-discoveries-public-lock,100,2609,4096,11.63720703125,11.706787109375,0.069580078125,0.006201975508524025,"[0.05742420612829291, 0.08173595012170709]",0.005979104602861578,,,,,0.0791015625,0.0,0.0,0.0791015625,,0.0791015625,0.0,0.0,0.5,1.0,,,,,"Impossible ownership stress: controls every discovery after a public lock at zero cost, but lacks foresight; it is not the omniscient hard ceiling.",
E-consensus-retarget-sawtooth,c10-eclip,0.5,omniscient-hard-ceiling,1,26,4096,1.35400390625,26.0,24.64599609375,0.015482589600418257,"[24.61565021813318, 24.67634196936682]",18.2023079697079,,,,,,0.0,0.0,,,,,,,,,,,,"Hard count ceiling only: grants arbitrary foresight, control, delay, and zero cost; it is not an executable strategy.",
E-consensus-retarget-sawtooth,c10-eclip,0.5,omniscient-hard-ceiling,4,104,4096,3.7353515625,104.0,100.2646484375,0.01970853391562889,"[100.22601971102537, 100.30327716397463]",26.842091503267973,,,,,,0.0,0.0,,,,,,,,,,,,"Hard count ceiling only: grants arbitrary foresight, control, delay, and zero cost; it is not an executable strategy.",
E-consensus-retarget-sawtooth,c10-eclip,0.5,omniscient-hard-ceiling,10,261,4096,5.854736328125,261.0,255.145263671875,0.02350458210729728,"[255.0991946909447, 255.1913326528053]",43.57929193945207,,,,,,0.0,0.0,,,,,,,,,,,,"Hard count ceiling only: grants arbitrary foresight, control, delay, and zero cost; it is not an executable strategy.",
E-consensus-retarget-sawtooth,c10-eclip,0.5,omniscient-hard-ceiling,25,652,4096,8.115234375,652.0,643.884765625,0.028461946598363534,"[643.8289802096672, 643.9405510403328]",79.34271961492178,,,,,,0.0,0.0,,,,,,,,,,,,"Hard count ceiling only: grants arbitrary foresight, control, delay, and zero cost; it is not an executable strategy.",
E-consensus-retarget-sawtooth,c10-eclip,0.5,omniscient-hard-ceiling,50,1304,4096,9.857177734375,1304.0,1294.142822265625,0.032351844271912476,"[1294.079412650852, 1294.206231880398]",131.28938699690403,,,,,,0.0,0.0,,,,,,,,,,,,"Hard count ceiling only: grants arbitrary foresight, control, delay, and zero cost; it is not an executable strategy.",
E-consensus-retarget-sawtooth,c10-eclip,0.5,omniscient-hard-ceiling,100,2609,4096,11.63720703125,2609.0,2597.36279296875,0.036318978872361324,"[2597.29160777016, 2597.43397816734]",223.19468803759494,,,,,,0.0,0.0,,,,,,,,,,,,"Hard count ceiling only: grants arbitrary foresight, control, delay, and zero cost; it is not an executable strategy.",
E-consensus-retarget-sawtooth,c10-eclip,0.5,public-lock-budget-1R,1,26,4096,1.35400390625,1.354248046875,0.000244140625,0.000244140625,"[-0.000234375, 0.00072265625]",0.00018031013342949875,-0.005126953125,0.0011160574552338974,"[-0.0073144257372584395, -0.002939480512741561]",-21.0,0.010009765625,0.010009765625,0.0050048828125,0.010009765625,0.0050048828125,0.0,41.0,0.0,0.5,1.0,1,0.010009765625,,,,True
E-consensus-retarget-sawtooth,c10-eclip,0.5,public-lock-budget-1R,4,104,4096,3.7353515625,3.74365234375,0.00830078125,0.0016866817986145733,"[0.004994884924715436, 0.011606677575284564]",0.0022222222222222222,-0.009521484375,0.0018695972684908328,"[-0.013185895021242032, -0.005857073728757968]",-1.1470588235294117,0.02392578125,0.02392578125,0.011962890625,0.02392578125,0.011962890625,0.0,2.8823529411764706,0.0,0.5,1.0,1,0.02392578125,,,,True
E-consensus-retarget-sawtooth,c10-eclip,0.5,public-lock-budget-1R,10,261,4096,5.854736328125,5.873046875,0.018310546875,0.00269282140476908,"[0.013032616921652604, 0.023588476828347395]",0.003127475918435428,-0.008544921875,0.0021103576874604065,"[-0.012681222942422396, -0.004408620807577603]",-0.4666666666666667,0.0302734375,0.0302734375,0.01513671875,0.0302734375,0.01513671875,0.0,1.6533333333333333,0.0,0.5,1.0,1,0.0302734375,,,,True
E-consensus-retarget-sawtooth,c10-eclip,0.5,public-lock-budget-1R,25,652,4096,8.115234375,8.14013671875,0.02490234375,0.0032709722326777963,"[0.01849123817395152, 0.03131344932604848]",0.0030685920577617327,-0.009765625,0.002387499627926219,"[-0.014445124270735389, -0.005086125729264611]",-0.39215686274509803,0.035888671875,0.035888671875,0.0179443359375,0.035888671875,0.0179443359375,0.0,1.4411764705882353,0.0,0.5,1.0,1,0.035888671875,,,,True
E-consensus-retarget-sawtooth,c10-eclip,0.5,public-lock-budget-1R,50,1304,4096,9.857177734375,9.8876953125,0.030517578125,0.0038076913294235342,"[0.023054503119329873, 0.03798065313067013]",0.0030959752321981426,-0.00830078125,0.0025341759024246338,"[-0.013267766018752281, -0.003333796481247718]",-0.272,0.03759765625,0.037353515625,0.0186767578125,0.037353515625,0.0186767578125,0.0,1.224,0.0,0.5,1.0,1,0.037353515625,,,,True
E-consensus-retarget-sawtooth,c10-eclip,0.5,public-lock-budget-1R,100,2609,4096,11.63720703125,11.67041015625,0.033203125,0.004253644992722237,"[0.024865980814264416, 0.041540269185735584]",0.0028531867578567532,-0.00634765625,0.0029283656428543093,"[-0.012087252909994446, -0.0006080595900055542]",-0.19117647058823528,0.03857421875,0.038330078125,0.0191650390625,0.038330078125,0.0191650390625,0.0,1.1544117647058822,0.0,0.5,1.0,1,0.038330078125,,,,True
E-consensus-retarget-sawtooth,c10-eclip,1.0,shallow-lock,1,26,4096,1.353759765625,1.355712890625,0.001953125,0.0006899435135935306,"[0.00060083571335668, 0.0033054142866433198]",0.001442741208295762,0.001953125,0.0006899435135935306,"[0.00060083571335668, 0.0033054142866433198]",1.0,0.025390625,0.025390625,0.0,0.025390625,0.025390625,0.0,13.0,0.0,1.0,1.0,,,,,,
E-consensus-retarget-sawtooth,c10-eclip,1.0,shallow-lock,4,104,4096,3.77978515625,3.795166015625,0.015380859375,0.0022114752914204673,"[0.011046367803815883, 0.019715350946184117]",0.004069241700038755,0.015380859375,0.0022114752914204673,"[0.011046367803815883, 0.019715350946184117]",1.0,0.051513671875,0.051513671875,0.0,0.051513671875,0.051513671875,0.0,3.3492063492063493,0.0,1.0,1.0,,,,,,
E-consensus-retarget-sawtooth,c10-eclip,1.0,shallow-lock,10,261,4096,5.861572265625,5.895751953125,0.0341796875,0.0037127946440602827,"[0.026902609997641845, 0.041456765002358155]",0.005831146653338331,0.0341796875,0.0037127946440602827,"[0.026902609997641845, 0.041456765002358155]",1.0,0.060791015625,0.060791015625,0.0,0.060791015625,0.060791015625,0.0,1.7785714285714285,0.0,1.0,1.0,,,,,,
E-consensus-retarget-sawtooth,c10-eclip,1.0,shallow-lock,25,652,4096,8.12353515625,8.171142578125,0.047607421875,0.004918180191885748,"[0.03796778869890394, 0.05724705505109606]",0.00586043156819138,0.047607421875,0.004918180191885748,"[0.03796778869890394, 0.05724705505109606]",1.0,0.068115234375,0.068115234375,0.0,0.068115234375,0.068115234375,0.0,1.4307692307692308,0.0,1.0,1.0,,,,,,
E-consensus-retarget-sawtooth,c10-eclip,1.0,shallow-lock,50,1304,4096,9.883544921875,9.942138671875,0.05859375,0.005546150117513234,"[0.04772329576967406, 0.06946420423032594]",0.005928414396166292,0.05859375,0.005546150117513234,"[0.04772329576967406, 0.06946420423032594]",1.0,0.070068359375,0.070068359375,0.0,0.070068359375,0.070068359375,0.0,1.1958333333333333,0.0,1.0,1.0,,,,,,
E-consensus-retarget-sawtooth,c10-eclip,1.0,shallow-lock,100,2609,4096,11.6259765625,11.686279296875,0.060302734375,0.005870789652866528,"[0.04879598665538161, 0.07180948209461839]",0.0051868962620747585,0.060302734375,0.005870789652866528,"[0.04879598665538161, 0.07180948209461839]",1.0,0.071044921875,0.071044921875,0.0,0.071044921875,0.071044921875,0.0,1.1781376518218623,0.0,1.0,1.0,,,,,,
E-consensus-retarget-sawtooth,c10-eclip,1.0,public-lock,1,26,4096,1.353759765625,1.355712890625,0.001953125,0.0006899435135935306,"[0.00060083571335668, 0.0033054142866433198]",0.001442741208295762,0.001953125,0.0006899435135935306,"[0.00060083571335668, 0.0033054142866433198]",1.0,0.025390625,0.025390625,0.0,0.025390625,0.025390625,0.0,13.0,0.0,1.0,1.0,,,,,,
E-consensus-retarget-sawtooth,c10-eclip,1.0,public-lock,4,104,4096,3.77978515625,3.795166015625,0.015380859375,0.0022114752914204673,"[0.011046367803815883, 0.019715350946184117]",0.004069241700038755,0.015380859375,0.0022114752914204673,"[0.011046367803815883, 0.019715350946184117]",1.0,0.051513671875,0.051513671875,0.0,0.051513671875,0.051513671875,0.0,3.3492063492063493,0.0,1.0,1.0,,,,,,
E-consensus-retarget-sawtooth,c10-eclip,1.0,public-lock,10,261,4096,5.861572265625,5.895751953125,0.0341796875,0.0037127946440602827,"[0.026902609997641845, 0.041456765002358155]",0.005831146653338331,0.0341796875,0.0037127946440602827,"[0.026902609997641845, 0.041456765002358155]",1.0,0.060791015625,0.060791015625,0.0,0.060791015625,0.060791015625,0.0,1.7785714285714285,0.0,1.0,1.0,,,,,,
E-consensus-retarget-sawtooth,c10-eclip,1.0,public-lock,25,652,4096,8.12353515625,8.171142578125,0.047607421875,0.004918180191885748,"[0.03796778869890394, 0.05724705505109606]",0.00586043156819138,0.047607421875,0.004918180191885748,"[0.03796778869890394, 0.05724705505109606]",1.0,0.068115234375,0.068115234375,0.0,0.068115234375,0.068115234375,0.0,1.4307692307692308,0.0,1.0,1.0,,,,,,
E-consensus-retarget-sawtooth,c10-eclip,1.0,public-lock,50,1304,4096,9.883544921875,9.942138671875,0.05859375,0.005546150117513234,"[0.04772329576967406, 0.06946420423032594]",0.005928414396166292,0.05859375,0.005546150117513234,"[0.04772329576967406, 0.06946420423032594]",1.0,0.070068359375,0.070068359375,0.0,0.070068359375,0.070068359375,0.0,1.1958333333333333,0.0,1.0,1.0,,,,,,
E-consensus-retarget-sawtooth,c10-eclip,1.0,public-lock,100,2609,4096,11.6259765625,11.686279296875,0.060302734375,0.005870789652866528,"[0.04879598665538161, 0.07180948209461839]",0.0051868962620747585,0.060302734375,0.005870789652866528,"[0.04879598665538161, 0.07180948209461839]",1.0,0.071044921875,0.071044921875,0.0,0.071044921875,0.071044921875,0.0,1.1781376518218623,0.0,1.0,1.0,,,,,,
E-consensus-retarget-sawtooth,c10-eclip,1.0,threshold,1,26,4096,1.353759765625,1.355712890625,0.001953125,0.0006899435135935306,"[0.00060083571335668, 0.0033054142866433198]",0.001442741208295762,0.001953125,0.0006899435135935306,"[0.00060083571335668, 0.0033054142866433198]",1.0,0.025390625,0.025390625,0.0,0.025390625,0.025390625,0.0,13.0,0.0,1.0,1.0,,,100.0,1.0,,
E-consensus-retarget-sawtooth,c10-eclip,1.0,threshold,4,104,4096,3.77978515625,3.795166015625,0.015380859375,0.0022114752914204673,"[0.011046367803815883, 0.019715350946184117]",0.004069241700038755,0.015380859375,0.0022114752914204673,"[0.011046367803815883, 0.019715350946184117]",1.0,0.051513671875,0.051513671875,0.0,0.051513671875,0.051513671875,0.0,3.3492063492063493,0.0,1.0,1.0,,,100.0,1.0,,
E-consensus-retarget-sawtooth,c10-eclip,1.0,threshold,10,261,4096,5.861572265625,5.895751953125,0.0341796875,0.0037127946440602827,"[0.026902609997641845, 0.041456765002358155]",0.005831146653338331,0.0341796875,0.0037127946440602827,"[0.026902609997641845, 0.041456765002358155]",1.0,0.060791015625,0.060302734375,0.0,0.060302734375,0.060302734375,0.0,1.7642857142857142,0.0,1.0,1.0,,,100.0,1.0,,
E-consensus-retarget-sawtooth,c10-eclip,1.0,threshold,25,652,4096,8.12353515625,8.171142578125,0.047607421875,0.004918180191885748,"[0.03796778869890394, 0.05724705505109606]",0.00586043156819138,0.047607421875,0.004918180191885748,"[0.03796778869890394, 0.05724705505109606]",1.0,0.068115234375,0.067626953125,0.0,0.067626953125,0.067626953125,0.0,1.4205128205128206,0.0,1.0,1.0,,,100.0,1.0,,
E-consensus-retarget-sawtooth,c10-eclip,1.0,threshold,50,1304,4096,9.883544921875,9.942138671875,0.05859375,0.005546150117513234,"[0.04772329576967406, 0.06946420423032594]",0.005928414396166292,0.05859375,0.005546150117513234,"[0.04772329576967406, 0.06946420423032594]",1.0,0.070068359375,0.069580078125,0.0,0.069580078125,0.069580078125,0.0,1.1875,0.0,1.0,1.0,,,100.0,1.0,,
E-consensus-retarget-sawtooth,c10-eclip,1.0,threshold,100,2609,4096,11.6259765625,11.686279296875,0.060302734375,0.005870789652866528,"[0.04879598665538161, 0.07180948209461839]",0.0051868962620747585,0.060302734375,0.005870789652866528,"[0.04879598665538161, 0.07180948209461839]",1.0,0.071044921875,0.070556640625,0.0,0.070556640625,0.070556640625,0.0,1.1700404858299596,0.0,1.0,1.0,,,100.0,1.0,,
E-consensus-retarget-sawtooth,c10-eclip,1.0,all-discoveries-public-lock,1,26,4096,1.353759765625,1.355712890625,0.001953125,0.0006899435135935306,"[0.00060083571335668, 0.0033054142866433198]",0.001442741208295762,,,,,0.025390625,0.0,0.0,0.025390625,,0.025390625,0.0,0.0,1.0,1.0,,,,,"Impossible ownership stress: controls every discovery after a public lock at zero cost, but lacks foresight; it is not the omniscient hard ceiling.",
E-consensus-retarget-sawtooth,c10-eclip,1.0,all-discoveries-public-lock,4,104,4096,3.77978515625,3.795166015625,0.015380859375,0.0022114752914204673,"[0.011046367803815883, 0.019715350946184117]",0.004069241700038755,,,,,0.051513671875,0.0,0.0,0.051513671875,,0.051513671875,0.0,0.0,1.0,1.0,,,,,"Impossible ownership stress: controls every discovery after a public lock at zero cost, but lacks foresight; it is not the omniscient hard ceiling.",
E-consensus-retarget-sawtooth,c10-eclip,1.0,all-discoveries-public-lock,10,261,4096,5.861572265625,5.895751953125,0.0341796875,0.0037127946440602827,"[0.026902609997641845, 0.041456765002358155]",0.005831146653338331,,,,,0.060791015625,0.0,0.0,0.060791015625,,0.060791015625,0.0,0.0,1.0,1.0,,,,,"Impossible ownership stress: controls every discovery after a public lock at zero cost, but lacks foresight; it is not the omniscient hard ceiling.",
E-consensus-retarget-sawtooth,c10-eclip,1.0,all-discoveries-public-lock,25,652,4096,8.12353515625,8.171142578125,0.047607421875,0.004918180191885748,"[0.03796778869890394, 0.05724705505109606]",0.00586043156819138,,,,,0.068115234375,0.0,0.0,0.068115234375,,0.068115234375,0.0,0.0,1.0,1.0,,,,,"Impossible ownership stress: controls every discovery after a public lock at zero cost, but lacks foresight; it is not the omniscient hard ceiling.",
E-consensus-retarget-sawtooth,c10-eclip,1.0,all-discoveries-public-lock,50,1304,4096,9.883544921875,9.942138671875,0.05859375,0.005546150117513234,"[0.04772329576967406, 0.06946420423032594]",0.005928414396166292,,,,,0.070068359375,0.0,0.0,0.070068359375,,0.070068359375,0.0,0.0,1.0,1.0,,,,,"Impossible ownership stress: controls every discovery after a public lock at zero cost, but lacks foresight; it is not the omniscient hard ceiling.",
E-consensus-retarget-sawtooth,c10-eclip,1.0,all-discoveries-public-lock,100,2609,4096,11.6259765625,11.686279296875,0.060302734375,0.005870789652866528,"[0.04879598665538161, 0.07180948209461839]",0.0051868962620747585,,,,,0.071044921875,0.0,0.0,0.071044921875,,0.071044921875,0.0,0.0,1.0,1.0,,,,,"Impossible ownership stress: controls every discovery after a public lock at zero cost, but lacks foresight; it is not the omniscient hard ceiling.",
E-consensus-retarget-sawtooth,c10-eclip,1.0,omniscient-hard-ceiling,1,26,4096,1.353759765625,26.0,24.646240234375,0.015202236447432647,"[24.616443850938033, 24.676036617811967]",18.20577096483318,,,,,,0.0,0.0,,,,,,,,,,,,"Hard count ceiling only: grants arbitrary foresight, control, delay, and zero cost; it is not an executable strategy.",
E-consensus-retarget-sawtooth,c10-eclip,1.0,omniscient-hard-ceiling,4,104,4096,3.77978515625,104.0,100.22021484375,0.019541822094352332,"[100.18191287244507, 100.25851681505493]",26.51479137062395,,,,,,0.0,0.0,,,,,,,,,,,,"Hard count ceiling only: grants arbitrary foresight, control, delay, and zero cost; it is not an executable strategy.",
E-consensus-retarget-sawtooth,c10-eclip,1.0,omniscient-hard-ceiling,10,261,4096,5.861572265625,261.0,255.138427734375,0.02347659218806135,"[255.0924136136864, 255.1844418550636]",43.52730226165188,,,,,,0.0,0.0,,,,,,,,,,,,"Hard count ceiling only: grants arbitrary foresight, control, delay, and zero cost; it is not an executable strategy.",
E-consensus-retarget-sawtooth,c10-eclip,1.0,omniscient-hard-ceiling,25,652,4096,8.12353515625,652.0,643.87646484375,0.02879088443584811,"[643.8200347102558, 643.9328949772442]",79.2606239105608,,,,,,0.0,0.0,,,,,,,,,,,,"Hard count ceiling only: grants arbitrary foresight, control, delay, and zero cost; it is not an executable strategy.",
E-consensus-retarget-sawtooth,c10-eclip,1.0,omniscient-hard-ceiling,50,1304,4096,9.883544921875,1304.0,1294.116455078125,0.03251911189873227,"[1294.0527176188034, 1294.1801925374466]",130.93646715905442,,,,,,0.0,0.0,,,,,,,,,,,,"Hard count ceiling only: grants arbitrary foresight, control, delay, and zero cost; it is not an executable strategy.",
E-consensus-retarget-sawtooth,c10-eclip,1.0,omniscient-hard-ceiling,100,2609,4096,11.6259765625,2609.0,2597.3740234375,0.03581989078107208,"[2597.303816451569, 2597.444230423431]",223.4112557748845,,,,,,0.0,0.0,,,,,,,,,,,,"Hard count ceiling only: grants arbitrary foresight, control, delay, and zero cost; it is not an executable strategy.",
E-consensus-retarget-sawtooth,c10-eclip,1.0,public-lock-budget-1R,1,26,4096,1.353759765625,1.355712890625,0.001953125,0.0006899435135935306,"[0.00060083571335668, 0.0033054142866433198]",0.001442741208295762,0.001953125,0.0006899435135935306,"[0.00060083571335668, 0.0033054142866433198]",1.0,0.025390625,0.02490234375,0.0,0.02490234375,0.02490234375,0.0,12.75,0.0,1.0,1.0,1,0.02490234375,,,,True
E-consensus-retarget-sawtooth,c10-eclip,1.0,public-lock-budget-1R,4,104,4096,3.77978515625,3.794677734375,0.014892578125,0.0022655483931721316,"[0.010452103274382622, 0.01933305297561738]",0.003940059423847048,0.014892578125,0.0022655483931721316,"[0.010452103274382622, 0.01933305297561738]",1.0,0.051513671875,0.050537109375,0.0,0.050537109375,0.050537109375,0.0,3.3934426229508197,0.0,1.0,1.0,1,0.050537109375,,,,True
E-consensus-retarget-sawtooth,c10-eclip,1.0,public-lock-budget-1R,10,261,4096,5.861572265625,5.89501953125,0.033447265625,0.003722439907344068,"[0.02615128340660563, 0.04074324784339437]",0.005706193510766796,0.033447265625,0.003722439907344068,"[0.02615128340660563, 0.04074324784339437]",1.0,0.060791015625,0.05908203125,0.0,0.05908203125,0.05908203125,0.0,1.7664233576642336,0.0,1.0,1.0,1,0.05908203125,,,,True
E-consensus-retarget-sawtooth,c10-eclip,1.0,public-lock-budget-1R,25,652,4096,8.12353515625,8.170166015625,0.046630859375,0.004920464413416622,"[0.03698674912470342, 0.05627496962529658]",0.005740217587305404,0.046630859375,0.004920464413416622,"[0.03698674912470342, 0.05627496962529658]",1.0,0.068115234375,0.06640625,0.0,0.06640625,0.06640625,0.0,1.4240837696335078,0.0,1.0,1.0,1,0.06640625,,,,True
E-consensus-retarget-sawtooth,c10-eclip,1.0,public-lock-budget-1R,50,1304,4096,9.883544921875,9.93994140625,0.056396484375,0.0055031726264108995,"[0.045610266027234635, 0.06718270272276536]",0.0057060988563100564,0.056396484375,0.0055031726264108995,"[0.045610266027234635, 0.06718270272276536]",1.0,0.070068359375,0.068359375,0.0,0.068359375,0.068359375,0.0,1.2121212121212122,0.0,1.0,1.0,1,0.068359375,,,,True
E-consensus-retarget-sawtooth,c10-eclip,1.0,public-lock-budget-1R,100,2609,4096,11.6259765625,11.68359375,0.0576171875,0.0058007944585485175,"[0.04624763036124491, 0.0689867446387551]",0.0049559008819823605,0.0576171875,0.0058007944585485175,"[0.04624763036124491, 0.0689867446387551]",1.0,0.071044921875,0.0693359375,0.0,0.0693359375,0.0693359375,0.0,1.2033898305084745,0.0,1.0,1.0,1,0.0693359375,,,,True
E-consensus-retarget-sawtooth,c10-unclipped,0.01,public-lock,1,26,4096,0.7294921875,0.7294921875,0.0,0.0,"[0.0, 0.0]",0.0,0.0,0.0,"[0.0, 0.0]",,0.0,0.0,0.0,0.0,0.0,0.0,,0.0,0.01,1.0,,,,,,
E-consensus-retarget-sawtooth,c10-unclipped,0.01,public-lock,4,104,4096,2.062744140625,2.062744140625,0.0,0.0,"[0.0, 0.0]",0.0,0.0,0.0,"[0.0, 0.0]",,0.0,0.0,0.0,0.0,0.0,0.0,,0.0,0.01,1.0,,,,,,
E-consensus-retarget-sawtooth,c10-unclipped,0.01,public-lock,10,261,4096,3.521484375,3.521484375,0.0,0.0,"[0.0, 0.0]",0.0,0.0,0.0,"[0.0, 0.0]",,0.0,0.0,0.0,0.0,0.0,0.0,,0.0,0.01,1.0,,,,,,
E-consensus-retarget-sawtooth,c10-unclipped,0.01,public-lock,25,652,4096,5.30712890625,5.30712890625,0.0,0.0,"[0.0, 0.0]",0.0,0.0,0.0,"[0.0, 0.0]",,0.0,0.0,0.0,0.0,0.0,0.0,,0.0,0.01,1.0,,,,,,
E-consensus-retarget-sawtooth,c10-unclipped,0.01,public-lock,50,1304,4096,6.686767578125,6.686767578125,0.0,0.0,"[0.0, 0.0]",0.0,0.0,0.0,"[0.0, 0.0]",,0.0,0.0,0.0,0.0,0.0,0.0,,0.0,0.01,1.0,,,,,,
E-consensus-retarget-sawtooth,c10-unclipped,0.01,public-lock,100,2609,4096,8.072021484375,8.072021484375,0.0,0.0,"[0.0, 0.0]",0.0,0.0,0.0,"[0.0, 0.0]",,0.0,0.0,0.0,0.0,0.0,0.0,,0.0,0.01,1.0,,,,,,
E-consensus-retarget-sawtooth,c10-unclipped,0.01,public-lock-budget-1R,1,26,4096,0.7294921875,0.7294921875,0.0,0.0,"[0.0, 0.0]",0.0,0.0,0.0,"[0.0, 0.0]",,0.0,0.0,0.0,0.0,0.0,0.0,,0.0,0.01,1.0,1,0.0,,,,True
E-consensus-retarget-sawtooth,c10-unclipped,0.01,public-lock-budget-1R,4,104,4096,2.062744140625,2.062744140625,0.0,0.0,"[0.0, 0.0]",0.0,0.0,0.0,"[0.0, 0.0]",,0.0,0.0,0.0,0.0,0.0,0.0,,0.0,0.01,1.0,1,0.0,,,,True
E-consensus-retarget-sawtooth,c10-unclipped,0.01,public-lock-budget-1R,10,261,4096,3.521484375,3.521484375,0.0,0.0,"[0.0, 0.0]",0.0,0.0,0.0,"[0.0, 0.0]",,0.0,0.0,0.0,0.0,0.0,0.0,,0.0,0.01,1.0,1,0.0,,,,True
E-consensus-retarget-sawtooth,c10-unclipped,0.01,public-lock-budget-1R,25,652,4096,5.30712890625,5.30712890625,0.0,0.0,"[0.0, 0.0]",0.0,0.0,0.0,"[0.0, 0.0]",,0.0,0.0,0.0,0.0,0.0,0.0,,0.0,0.01,1.0,1,0.0,,,,True
E-consensus-retarget-sawtooth,c10-unclipped,0.01,public-lock-budget-1R,50,1304,4096,6.686767578125,6.686767578125,0.0,0.0,"[0.0, 0.0]",0.0,0.0,0.0,"[0.0, 0.0]",,0.0,0.0,0.0,0.0,0.0,0.0,,0.0,0.01,1.0,1,0.0,,,,True
E-consensus-retarget-sawtooth,c10-unclipped,0.01,public-lock-budget-1R,100,2609,4096,8.072021484375,8.072021484375,0.0,0.0,"[0.0, 0.0]",0.0,0.0,0.0,"[0.0, 0.0]",,0.0,0.0,0.0,0.0,0.0,0.0,,0.0,0.01,1.0,1,0.0,,,,True
E-consensus-retarget-sawtooth,c10-unclipped,0.1,public-lock,1,26,4096,0.748291015625,0.748291015625,0.0,0.0,"[0.0, 0.0]",0.0,-0.001220703125,0.0005456483432585137,"[-0.0022901738777866866, -0.00015123237221331318]",,0.001220703125,0.001220703125,0.0010986328125,0.001220703125,0.0001220703125,0.0,,0.0,0.1,1.0,,,,,,
E-consensus-retarget-sawtooth,c10-unclipped,0.1,public-lock,4,104,4096,2.1240234375,2.12451171875,0.00048828125,0.000345224823286452,"[-0.00018835940364144593, 0.001164921903641446]",0.00022988505747126436,-0.001708984375,0.0006454619924811455,"[-0.0029740898802630453, -0.00044387886973695475]",-3.5,0.001953125,0.001953125,0.0017578125,0.001953125,0.0001953125,0.0,4.0,0.0,0.1,1.0,,,,,,
E-consensus-retarget-sawtooth,c10-unclipped,0.1,public-lock,10,261,4096,3.574951171875,3.57568359375,0.000732421875,0.00042276069059612694,"[-9.618907856840883e-05, 0.0015610328285684087]",0.0002048760499897562,-0.001953125,0.0006899435135935306,"[-0.0033054142866433198, -0.00060083571335668]",-2.6666666666666665,0.002197265625,0.002197265625,0.0019775390625,0.002197265625,0.0002197265625,0.0,3.0,0.0,0.1,1.0,,,,,,
E-consensus-retarget-sawtooth,c10-unclipped,0.1,public-lock,25,652,4096,5.3232421875,5.32421875,0.0009765625,0.000690449646572904,"[-0.00037671880728289186, 0.002329843807282892]",0.000183452577508714,-0.00244140625,0.0008449703285023925,"[-0.00409754809386469, -0.0007852644061353106]",-2.5,0.0029296875,0.0029296875,0.00263671875,0.0029296875,0.00029296875000000004,0.0,3.0,0.0,0.1,1.0,,,,,,
E-consensus-retarget-sawtooth,c10-unclipped,0.1,public-lock,50,1304,4096,6.691650390625,6.69189453125,0.000244140625,0.0008803607486171755,"[-0.001481366442289664, 0.0019696476922896637]",3.6484366448976617e-05,-0.003173828125,0.0008789708350939624,"[-0.004896610961784166, -0.0014510452882158338]",-13.0,0.003173828125,0.003173828125,0.0028564453125000003,0.003173828125,0.0003173828125,0.0,13.0,0.0,0.1,1.0,,,,,,
E-consensus-retarget-sawtooth,c10-unclipped,0.1,public-lock,100,2609,4096,8.079833984375,8.080078125,0.000244140625,0.0008803607486171755,"[-0.001481366442289664, 0.0019696476922896637]",3.0216044719746186e-05,-0.00341796875,0.0009120394352943945,"[-0.005205566043177013, -0.0016303714568229868]",-14.0,0.00341796875,0.00341796875,0.003076171875,0.00341796875,0.00034179687500000003,0.0,14.0,0.0,0.1,1.0,,,,,,
E-consensus-retarget-sawtooth,c10-unclipped,0.1,public-lock-budget-1R,1,26,4096,0.748291015625,0.748291015625,0.0,0.0,"[0.0, 0.0]",0.0,-0.001220703125,0.0005456483432585137,"[-0.0022901738777866866, -0.00015123237221331318]",,0.001220703125,0.001220703125,0.0010986328125,0.001220703125,0.0001220703125,0.0,,0.0,0.1,1.0,1,0.001220703125,,,,True
E-consensus-retarget-sawtooth,c10-unclipped,0.1,public-lock-budget-1R,4,104,4096,2.1240234375,2.12451171875,0.00048828125,0.000345224823286452,"[-0.00018835940364144593, 0.001164921903641446]",0.00022988505747126436,-0.001708984375,0.0006454619924811455,"[-0.0029740898802630453, -0.00044387886973695475]",-3.5,0.001953125,0.001953125,0.0017578125,0.001953125,0.0001953125,0.0,4.0,0.0,0.1,1.0,1,0.001953125,,,,True
E-consensus-retarget-sawtooth,c10-unclipped,0.1,public-lock-budget-1R,10,261,4096,3.574951171875,3.57568359375,0.000732421875,0.00042276069059612694,"[-9.618907856840883e-05, 0.0015610328285684087]",0.0002048760499897562,-0.001953125,0.0006899435135935306,"[-0.0033054142866433198, -0.00060083571335668]",-2.6666666666666665,0.002197265625,0.002197265625,0.0019775390625,0.002197265625,0.0002197265625,0.0,3.0,0.0,0.1,1.0,1,0.002197265625,,,,True
E-consensus-retarget-sawtooth,c10-unclipped,0.1,public-lock-budget-1R,25,652,4096,5.3232421875,5.32421875,0.0009765625,0.000690449646572904,"[-0.00037671880728289186, 0.002329843807282892]",0.000183452577508714,-0.00244140625,0.0008449703285023925,"[-0.00409754809386469, -0.0007852644061353106]",-2.5,0.0029296875,0.0029296875,0.00263671875,0.0029296875,0.00029296875000000004,0.0,3.0,0.0,0.1,1.0,1,0.0029296875,,,,True
E-consensus-retarget-sawtooth,c10-unclipped,0.1,public-lock-budget-1R,50,1304,4096,6.691650390625,6.69189453125,0.000244140625,0.0008803607486171755,"[-0.001481366442289664, 0.0019696476922896637]",3.6484366448976617e-05,-0.003173828125,0.0008789708350939624,"[-0.004896610961784166, -0.0014510452882158338]",-13.0,0.003173828125,0.003173828125,0.0028564453125000003,0.003173828125,0.0003173828125,0.0,13.0,0.0,0.1,1.0,1,0.003173828125,,,,True
E-consensus-retarget-sawtooth,c10-unclipped,0.1,public-lock-budget-1R,100,2609,4096,8.079833984375,8.080078125,0.000244140625,0.0008803607486171755,"[-0.001481366442289664, 0.0019696476922896637]",3.0216044719746186e-05,-0.00341796875,0.0009120394352943945,"[-0.005205566043177013, -0.0016303714568229868]",-14.0,0.00341796875,0.00341796875,0.003076171875,0.00341796875,0.00034179687500000003,0.0,14.0,0.0,0.1,1.0,1,0.00341796875,,,,True
E-consensus-retarget-sawtooth,c10-unclipped,0.2,public-lock,1,26,4096,0.73876953125,0.73876953125,0.0,0.0,"[0.0, 0.0]",0.0,-0.000732421875,0.00042276069059612694,"[-0.0015610328285684087, 9.618907856840883e-05]",,0.000732421875,0.000732421875,0.0005859375000000001,0.000732421875,0.00014648437500000002,0.0,,0.0,0.2,1.0,,,,,,
E-consensus-retarget-sawtooth,c10-unclipped,0.2,public-lock,4,104,4096,2.098876953125,2.099365234375,0.00048828125,0.000345224823286452,"[-0.00018835940364144593, 0.001164921903641446]",0.00023263929277654997,-0.001220703125,0.0005456483432585137,"[-0.0022901738777866866, -0.00015123237221331318]",-2.5,0.001708984375,0.001708984375,0.0013671875000000001,0.001708984375,0.00034179687500000003,0.0,3.5,0.0,0.2,1.0,,,,,,
E-consensus-retarget-sawtooth,c10-unclipped,0.2,public-lock,10,261,4096,3.536376953125,3.53759765625,0.001220703125,0.0007322628732071302,"[-0.00021453210648597512, 0.0026559383564859753]",0.00034518467380048324,-0.002197265625,0.0007317060948387837,"[-0.0036314095708840158, -0.000763121679115984]",-1.8,0.002685546875,0.002685546875,0.0021484375,0.002685546875,0.000537109375,0.0,2.2,0.0,0.2,1.0,,,,,,
E-consensus-retarget-sawtooth,c10-unclipped,0.2,public-lock,25,652,4096,5.28515625,5.287841796875,0.002685546875,0.0011181422062520676,"[0.0004939881507459473, 0.004877105599254052]",0.0005081300813008131,-0.00244140625,0.000771191581619665,"[-0.003952941749974543, -0.0009298707500254566]",-0.9090909090909091,0.0029296875,0.0029296875,0.0023437500000000003,0.0029296875,0.0005859375000000001,0.0,1.0909090909090908,0.0,0.2,1.0,,,,,,
E-consensus-retarget-sawtooth,c10-unclipped,0.2,public-lock,50,1304,4096,6.661865234375,6.664306640625,0.00244140625,0.0013807095498088822,"[-0.000264784467625409, 0.005147596967625409]",0.00036647487814710304,-0.003173828125,0.0009443665228258454,"[-0.005024786509738657, -0.001322869740261343]",-1.3,0.004150390625,0.004150390625,0.0033203125000000003,0.004150390625,0.0008300781250000001,0.0,1.7,0.0,0.2,1.0,,,,,,
E-consensus-retarget-sawtooth,c10-unclipped,0.2,public-lock,100,2609,4096,8.057373046875,8.06005859375,0.002685546875,0.0014020243922031614,"[-6.242093371819617e-05, 0.005433514683718196]",0.00033330303305760084,-0.003662109375,0.0010627745876514174,"[-0.005745147566796778, -0.0015790711832032222]",-1.3636363636363635,0.00439453125,0.00439453125,0.003515625,0.00439453125,0.00087890625,0.0,1.6363636363636365,0.0,0.2,1.0,,,,,,
E-consensus-retarget-sawtooth,c10-unclipped,0.2,public-lock-budget-1R,1,26,4096,0.73876953125,0.73876953125,0.0,0.0,"[0.0, 0.0]",0.0,-0.000732421875,0.00042276069059612694,"[-0.0015610328285684087, 9.618907856840883e-05]",,0.000732421875,0.000732421875,0.0005859375000000001,0.000732421875,0.00014648437500000002,0.0,,0.0,0.2,1.0,1,0.000732421875,,,,True
E-consensus-retarget-sawtooth,c10-unclipped,0.2,public-lock-budget-1R,4,104,4096,2.098876953125,2.099365234375,0.00048828125,0.000345224823286452,"[-0.00018835940364144593, 0.001164921903641446]",0.00023263929277654997,-0.001220703125,0.0005456483432585137,"[-0.0022901738777866866, -0.00015123237221331318]",-2.5,0.001708984375,0.001708984375,0.0013671875000000001,0.001708984375,0.00034179687500000003,0.0,3.5,0.0,0.2,1.0,1,0.001708984375,,,,True
E-consensus-retarget-sawtooth,c10-unclipped,0.2,public-lock-budget-1R,10,261,4096,3.536376953125,3.53759765625,0.001220703125,0.0007322628732071302,"[-0.00021453210648597512, 0.0026559383564859753]",0.00034518467380048324,-0.002197265625,0.0007317060948387837,"[-0.0036314095708840158, -0.000763121679115984]",-1.8,0.002685546875,0.002685546875,0.0021484375,0.002685546875,0.000537109375,0.0,2.2,0.0,0.2,1.0,1,0.002685546875,,,,True
E-consensus-retarget-sawtooth,c10-unclipped,0.2,public-lock-budget-1R,25,652,4096,5.28515625,5.287841796875,0.002685546875,0.0011181422062520676,"[0.0004939881507459473, 0.004877105599254052]",0.0005081300813008131,-0.00244140625,0.000771191581619665,"[-0.003952941749974543, -0.0009298707500254566]",-0.9090909090909091,0.0029296875,0.0029296875,0.0023437500000000003,0.0029296875,0.0005859375000000001,0.0,1.0909090909090908,0.0,0.2,1.0,1,0.0029296875,,,,True
E-consensus-retarget-sawtooth,c10-unclipped,0.2,public-lock-budget-1R,50,1304,4096,6.661865234375,6.664306640625,0.00244140625,0.0013807095498088822,"[-0.000264784467625409, 0.005147596967625409]",0.00036647487814710304,-0.003173828125,0.0009443665228258454,"[-0.005024786509738657, -0.001322869740261343]",-1.3,0.004150390625,0.00390625,0.003125,0.00390625,0.00078125,0.0,1.6,0.0,0.2,1.0,1,0.00390625,,,,True
E-consensus-retarget-sawtooth,c10-unclipped,0.2,public-lock-budget-1R,100,2609,4096,8.057373046875,8.0595703125,0.002197265625,0.0014022320118600305,"[-0.0005511091182456599, 0.00494564036824566]",0.0002727024815925825,-0.003662109375,0.0010627745876514174,"[-0.005745147566796778, -0.0015790711832032222]",-1.6666666666666667,0.00439453125,0.004150390625,0.0033203125000000003,0.004150390625,0.0008300781250000001,0.0,1.8888888888888888,0.0,0.2,1.0,1,0.004150390625,,,,True
E-consensus-retarget-sawtooth,c10-unclipped,0.3,public-lock,1,26,4096,0.7255859375,0.72607421875,0.00048828125,0.000345224823286452,"[-0.00018835940364144593, 0.001164921903641446]",0.0006729475100942127,-0.001953125,0.0007715312387960625,"[-0.0034653262280402823, -0.0004409237719597177]",-4.0,0.0029296875,0.0029296875,0.0020507812499999997,0.0029296875,0.0008789062499999999,0.0,6.0,0.0,0.3,1.0,,,,,,
E-consensus-retarget-sawtooth,c10-unclipped,0.3,public-lock,4,104,4096,2.052978515625,2.054443359375,0.00146484375,0.0008455213811922539,"[-0.00019237815713681766, 0.0031220656571368174]",0.0007135212272565109,-0.003173828125,0.0009443665228258454,"[-0.005024786509738657, -0.001322869740261343]",-2.1666666666666665,0.0048828125,0.0048828125,0.00341796875,0.0048828125,0.00146484375,0.0,3.3333333333333335,0.0,0.3,1.0,,,,,,
E-consensus-retarget-sawtooth,c10-unclipped,0.3,public-lock,10,261,4096,3.5009765625,3.50439453125,0.00341796875,0.0010345495312013432,"[0.0013902516688453674, 0.0054456858311546326]",0.0009762900976290098,-0.0048828125,0.001142716158041251,"[-0.007122536169760852, -0.002643088830239148]",-1.4285714285714286,0.007568359375,0.007568359375,0.0052978515625,0.007568359375,0.0022705078124999997,0.0,2.2142857142857144,0.0,0.3,1.0,,,,,,
E-consensus-retarget-sawtooth,c10-unclipped,0.3,public-lock,25,652,4096,5.326416015625,5.33251953125,0.006103515625,0.0015982892236684194,"[0.002970868746609898, 0.009236162503390103]",0.0011458954026676445,-0.0048828125,0.001142716158041251,"[-0.007122536169760852, -0.002643088830239148]",-0.8,0.00830078125,0.00830078125,0.005810546874999999,0.00830078125,0.002490234375,0.0,1.36,0.0,0.3,1.0,,,,,,
E-consensus-retarget-sawtooth,c10-unclipped,0.3,public-lock,50,1304,4096,6.7119140625,6.71875,0.0068359375,0.0017910961240648342,"[0.003325389096832925, 0.010346485903167075]",0.0010184781027207915,-0.00537109375,0.0011932375953501257,"[-0.007709839436886246, -0.0030323480631137536]",-0.7857142857142857,0.0087890625,0.0087890625,0.00615234375,0.0087890625,0.0026367187499999997,0.0,1.2857142857142858,0.0,0.3,1.0,,,,,,
E-consensus-retarget-sawtooth,c10-unclipped,0.3,public-lock,100,2609,4096,8.09521484375,8.103271484375,0.008056640625,0.0020535608858284534,"[0.004031661288776231, 0.012081619961223769]",0.0009952349357621086,-0.005126953125,0.0012662146124762439,"[-0.007608733765453438, -0.002645172484546562]",-0.6363636363636364,0.0087890625,0.0087890625,0.00615234375,0.0087890625,0.0026367187499999997,0.0,1.0909090909090908,0.0,0.3,1.0,,,,,,
E-consensus-retarget-sawtooth,c10-unclipped,0.3,public-lock-budget-1R,1,26,4096,0.7255859375,0.72607421875,0.00048828125,0.000345224823286452,"[-0.00018835940364144593, 0.001164921903641446]",0.0006729475100942127,-0.001953125,0.0007715312387960625,"[-0.0034653262280402823, -0.0004409237719597177]",-4.0,0.0029296875,0.0029296875,0.0020507812499999997,0.0029296875,0.0008789062499999999,0.0,6.0,0.0,0.3,1.0,1,0.0029296875,,,,True
E-consensus-retarget-sawtooth,c10-unclipped,0.3,public-lock-budget-1R,4,104,4096,2.052978515625,2.054443359375,0.00146484375,0.0008455213811922539,"[-0.00019237815713681766, 0.0031220656571368174]",0.0007135212272565109,-0.003173828125,0.0009443665228258454,"[-0.005024786509738657, -0.001322869740261343]",-2.1666666666666665,0.0048828125,0.0048828125,0.00341796875,0.0048828125,0.00146484375,0.0,3.3333333333333335,0.0,0.3,1.0,1,0.0048828125,,,,True
E-consensus-retarget-sawtooth,c10-unclipped,0.3,public-lock-budget-1R,10,261,4096,3.5009765625,3.50439453125,0.00341796875,0.0010345495312013432,"[0.0013902516688453674, 0.0054456858311546326]",0.0009762900976290098,-0.004638671875,0.001116579007902232,"[-0.006827166730488375, -0.0024501770195116254]",-1.3571428571428572,0.007568359375,0.00732421875,0.005126953125,0.00732421875,0.002197265625,0.0,2.142857142857143,0.0,0.3,1.0,1,0.00732421875,,,,True
E-consensus-retarget-sawtooth,c10-unclipped,0.3,public-lock-budget-1R,25,652,4096,5.326416015625,5.33251953125,0.006103515625,0.0015982892236684194,"[0.002970868746609898, 0.009236162503390103]",0.0011458954026676445,-0.004638671875,0.001116579007902232,"[-0.006827166730488375, -0.0024501770195116254]",-0.76,0.00830078125,0.008056640625,0.0056396484374999995,0.008056640625,0.0024169921875,0.0,1.32,0.0,0.3,1.0,1,0.008056640625,,,,True
E-consensus-retarget-sawtooth,c10-unclipped,0.3,public-lock-budget-1R,50,1304,4096,6.7119140625,6.71875,0.0068359375,0.0017910961240648342,"[0.003325389096832925, 0.010346485903167075]",0.0010184781027207915,-0.005126953125,0.0011682562406730656,"[-0.007416735356719209, -0.0028371708932807913]",-0.75,0.0087890625,0.008544921875,0.0059814453125,0.008544921875,0.0025634765625,0.0,1.25,0.0,0.3,1.0,1,0.008544921875,,,,True
E-consensus-retarget-sawtooth,c10-unclipped,0.3,public-lock-budget-1R,100,2609,4096,8.09521484375,8.103271484375,0.008056640625,0.0020535608858284534,"[0.004031661288776231, 0.012081619961223769]",0.0009952349357621086,-0.0048828125,0.001242689429755222,"[-0.007318483782320235, -0.0024471412176797647]",-0.6060606060606061,0.0087890625,0.008544921875,0.0059814453125,0.008544921875,0.0025634765625,0.0,1.0606060606060606,0.0,0.3,1.0,1,0.008544921875,,,,True
E-consensus-retarget-sawtooth,c10-unclipped,0.5,public-lock,1,26,4096,0.73681640625,0.73681640625,0.0,0.0,"[0.0, 0.0]",0.0,-0.001708984375,0.0006454619924811455,"[-0.0029740898802630453, -0.00044387886973695475]",,0.004150390625,0.004150390625,0.0020751953125,0.004150390625,0.0020751953125,0.0,,0.0,0.5,1.0,,,,,,
E-consensus-retarget-sawtooth,c10-unclipped,0.5,public-lock,4,104,4096,2.071533203125,2.07373046875,0.002197265625,0.000809093449307695,"[0.000611442464356918, 0.0037830887856430823]",0.001060695344725987,-0.00341796875,0.0010906562854526257,"[-0.0055556550694871466, -0.0012802824305128539]",-1.5555555555555556,0.010009765625,0.010009765625,0.0050048828125,0.010009765625,0.0050048828125,0.0,4.555555555555555,0.0,0.5,1.0,,,,,,
E-consensus-retarget-sawtooth,c10-unclipped,0.5,public-lock,10,261,4096,3.566650390625,3.572021484375,0.00537109375,0.0014626162729463094,"[0.002504365855025234, 0.008237821644974766]",0.001505921007598056,-0.003173828125,0.0014436800664683928,"[-0.0060034410552780495, -0.0003442151947219501]",-0.5909090909090909,0.01318359375,0.01318359375,0.006591796875,0.01318359375,0.006591796875,0.0,2.4545454545454546,0.0,0.5,1.0,,,,,,
E-consensus-retarget-sawtooth,c10-unclipped,0.5,public-lock,25,652,4096,5.32177734375,5.330078125,0.00830078125,0.0019182190420273947,"[0.004541071927626306, 0.012060490572373694]",0.0015597761262501147,-0.002685546875,0.0016005825185771106,"[-0.0058226886114111365, 0.0004515948614111369]",-0.3235294117647059,0.014892578125,0.014892578125,0.0074462890625,0.014892578125,0.0074462890625,0.0,1.7941176470588236,0.0,0.5,1.0,,,,,,
E-consensus-retarget-sawtooth,c10-unclipped,0.5,public-lock,50,1304,4096,6.724365234375,6.7333984375,0.009033203125,0.0021379317065806968,"[0.004842856980101834, 0.013223549269898166]",0.0013433540282467415,-0.00341796875,0.0018905816942849439,"[-0.0071235088707984895, 0.0002875713707984899]",-0.3783783783783784,0.016357421875,0.016357421875,0.0081787109375,0.016357421875,0.0081787109375,0.0,1.8108108108108107,0.0,0.5,1.0,,,,,,
E-consensus-retarget-sawtooth,c10-unclipped,0.5,public-lock,100,2609,4096,8.074462890625,8.08544921875,0.010986328125,0.0027245045799531246,"[0.005646299148291876, 0.016326357101708124]",0.0013606264929096241,-0.002685546875,0.0020569885769279937,"[-0.0067172444857788675, 0.0013461507357788675]",-0.24444444444444444,0.016845703125,0.016845703125,0.0084228515625,0.016845703125,0.0084228515625,0.0,1.5333333333333334,0.0,0.5,1.0,,,,,,
E-consensus-retarget-sawtooth,c10-unclipped,0.5,public-lock-budget-1R,1,26,4096,0.73681640625,0.73681640625,0.0,0.0,"[0.0, 0.0]",0.0,-0.001708984375,0.0006454619924811455,"[-0.0029740898802630453, -0.00044387886973695475]",,0.004150390625,0.004150390625,0.0020751953125,0.004150390625,0.0020751953125,0.0,,0.0,0.5,1.0,1,0.004150390625,,,,True
E-consensus-retarget-sawtooth,c10-unclipped,0.5,public-lock-budget-1R,4,104,4096,2.071533203125,2.07373046875,0.002197265625,0.000809093449307695,"[0.000611442464356918, 0.0037830887856430823]",0.001060695344725987,-0.00341796875,0.0010906562854526257,"[-0.0055556550694871466, -0.0012802824305128539]",-1.5555555555555556,0.010009765625,0.010009765625,0.0050048828125,0.010009765625,0.0050048828125,0.0,4.555555555555555,0.0,0.5,1.0,1,0.010009765625,,,,True
E-consensus-retarget-sawtooth,c10-unclipped,0.5,public-lock-budget-1R,10,261,4096,3.566650390625,3.572021484375,0.00537109375,0.0014626162729463094,"[0.002504365855025234, 0.008237821644974766]",0.001505921007598056,-0.003173828125,0.0014436800664683928,"[-0.0060034410552780495, -0.0003442151947219501]",-0.5909090909090909,0.01318359375,0.01318359375,0.006591796875,0.01318359375,0.006591796875,0.0,2.4545454545454546,0.0,0.5,1.0,1,0.01318359375,,,,True
E-consensus-retarget-sawtooth,c10-unclipped,0.5,public-lock-budget-1R,25,652,4096,5.32177734375,5.330078125,0.00830078125,0.0019182190420273947,"[0.004541071927626306, 0.012060490572373694]",0.0015597761262501147,-0.002685546875,0.0016005825185771106,"[-0.0058226886114111365, 0.0004515948614111369]",-0.3235294117647059,0.014892578125,0.014892578125,0.0074462890625,0.014892578125,0.0074462890625,0.0,1.7941176470588236,0.0,0.5,1.0,1,0.014892578125,,,,True
E-consensus-retarget-sawtooth,c10-unclipped,0.5,public-lock-budget-1R,50,1304,4096,6.724365234375,6.7333984375,0.009033203125,0.0021379317065806968,"[0.004842856980101834, 0.013223549269898166]",0.0013433540282467415,-0.00341796875,0.0018905816942849439,"[-0.0071235088707984895, 0.0002875713707984899]",-0.3783783783783784,0.016357421875,0.016357421875,0.0081787109375,0.016357421875,0.0081787109375,0.0,1.8108108108108107,0.0,0.5,1.0,1,0.016357421875,,,,True
E-consensus-retarget-sawtooth,c10-unclipped,0.5,public-lock-budget-1R,100,2609,4096,8.074462890625,8.08544921875,0.010986328125,0.0027245045799531246,"[0.005646299148291876, 0.016326357101708124]",0.0013606264929096241,-0.002685546875,0.0020569885769279937,"[-0.0067172444857788675, 0.0013461507357788675]",-0.24444444444444444,0.016845703125,0.016845703125,0.0084228515625,0.016845703125,0.0084228515625,0.0,1.5333333333333334,0.0,0.5,1.0,1,0.016845703125,,,,True
E-consensus-retarget-sawtooth,c10-unclipped,1.0,public-lock,1,26,4096,0.7353515625,0.736083984375,0.000732421875,0.00042276069059612694,"[-9.618907856840883e-05, 0.0015610328285684087]",0.00099601593625498,0.000732421875,0.00042276069059612694,"[-9.618907856840883e-05, 0.0015610328285684087]",1.0,0.0087890625,0.0087890625,0.0,0.0087890625,0.0087890625,0.0,12.0,0.0,1.0,1.0,,,,,,
E-consensus-retarget-sawtooth,c10-unclipped,1.0,public-lock,4,104,4096,2.08251953125,2.086181640625,0.003662109375,0.0009439348617255532,"[0.0018119970460179157, 0.005512221703982084]",0.0017584994138335288,0.003662109375,0.0009439348617255532,"[0.0018119970460179157, 0.005512221703982084]",1.0,0.020751953125,0.020751953125,0.0,0.020751953125,0.020751953125,0.0,5.666666666666667,0.0,1.0,1.0,,,,,,
E-consensus-retarget-sawtooth,c10-unclipped,1.0,public-lock,10,261,4096,3.60205078125,3.609619140625,0.007568359375,0.0015967585305782983,"[0.004438712655066535, 0.010698006094933465]",0.0021011251186119017,0.007568359375,0.0015967585305782983,"[0.004438712655066535, 0.010698006094933465]",1.0,0.0263671875,0.0263671875,0.0,0.0263671875,0.0263671875,0.0,3.4838709677419355,0.0,1.0,1.0,,,,,,
E-consensus-retarget-sawtooth,c10-unclipped,1.0,public-lock,25,652,4096,5.39599609375,5.41162109375,0.015625,0.002478059245690592,"[0.010768003878446439, 0.02048199612155356]",0.0028956655506289022,0.015625,0.002478059245690592,"[0.010768003878446439, 0.02048199612155356]",1.0,0.031005859375,0.031005859375,0.0,0.031005859375,0.031005859375,0.0,1.984375,0.0,1.0,1.0,,,,,,
E-consensus-retarget-sawtooth,c10-unclipped,1.0,public-lock,50,1304,4096,6.781005859375,6.799560546875,0.0185546875,0.003170361438963968,"[0.012340779079630623, 0.024768595920369375]",0.0027362736273627364,0.0185546875,0.003170361438963968,"[0.012340779079630623, 0.024768595920369375]",1.0,0.03271484375,0.03271484375,0.0,0.03271484375,0.03271484375,0.0,1.763157894736842,0.0,1.0,1.0,,,,,,
E-consensus-retarget-sawtooth,c10-unclipped,1.0,public-lock,100,2609,4096,8.135009765625,8.156982421875,0.02197265625,0.0036708688832917664,"[0.014777753238748137, 0.029167559261251863]",0.002700999369766814,0.02197265625,0.0036708688832917664,"[0.014777753238748137, 0.029167559261251863]",1.0,0.033935546875,0.033935546875,0.0,0.033935546875,0.033935546875,0.0,1.5444444444444445,0.0,1.0,1.0,,,,,,
E-consensus-retarget-sawtooth,c10-unclipped,1.0,public-lock-budget-1R,1,26,4096,0.7353515625,0.73583984375,0.00048828125,0.000345224823286452,"[-0.00018835940364144593, 0.001164921903641446]",0.0006640106241699867,0.00048828125,0.000345224823286452,"[-0.00018835940364144593, 0.001164921903641446]",1.0,0.0087890625,0.008544921875,0.0,0.008544921875,0.008544921875,0.0,17.5,0.0,1.0,1.0,1,0.008544921875,,,,True
E-consensus-retarget-sawtooth,c10-unclipped,1.0,public-lock-budget-1R,4,104,4096,2.08251953125,2.0859375,0.00341796875,0.0009120394352943945,"[0.0016303714568229868, 0.005205566043177013]",0.0016412661195779601,0.00341796875,0.0009120394352943945,"[0.0016303714568229868, 0.005205566043177013]",1.0,0.020751953125,0.0205078125,0.0,0.0205078125,0.0205078125,0.0,6.0,0.0,1.0,1.0,1,0.0205078125,,,,True
E-consensus-retarget-sawtooth,c10-unclipped,1.0,public-lock-budget-1R,10,261,4096,3.60205078125,3.609130859375,0.007080078125,0.0015208246645339889,"[0.004099261782513382, 0.010060894467486618]",0.0019655686593466177,0.007080078125,0.0015208246645339889,"[0.004099261782513382, 0.010060894467486618]",1.0,0.0263671875,0.026123046875,0.0,0.026123046875,0.026123046875,0.0,3.689655172413793,0.0,1.0,1.0,1,0.026123046875,,,,True
E-consensus-retarget-sawtooth,c10-unclipped,1.0,public-lock-budget-1R,25,652,4096,5.39599609375,5.4111328125,0.01513671875,0.002430219908221445,"[0.010373487729885968, 0.01989994977011403]",0.0028051760021717493,0.01513671875,0.002430219908221445,"[0.010373487729885968, 0.01989994977011403]",1.0,0.031005859375,0.03076171875,0.0,0.03076171875,0.03076171875,0.0,2.032258064516129,0.0,1.0,1.0,1,0.03076171875,,,,True
E-consensus-retarget-sawtooth,c10-unclipped,1.0,public-lock-budget-1R,50,1304,4096,6.781005859375,6.799072265625,0.01806640625,0.0031332222221438053,"[0.011925290694598141, 0.02420752180540186]",0.002664266426642664,0.01806640625,0.0031332222221438053,"[0.011925290694598141, 0.02420752180540186]",1.0,0.03271484375,0.032470703125,0.0,0.032470703125,0.032470703125,0.0,1.7972972972972974,0.0,1.0,1.0,1,0.032470703125,,,,True
E-consensus-retarget-sawtooth,c10-unclipped,1.0,public-lock-budget-1R,100,2609,4096,8.135009765625,8.156494140625,0.021484375,0.0036389536001767272,"[0.014352025943653614, 0.028616724056346386]",0.002640977161549773,0.021484375,0.0036389536001767272,"[0.014352025943653614, 0.028616724056346386]",1.0,0.033935546875,0.033447265625,0.0,0.033447265625,0.033447265625,0.0,1.5568181818181819,0.0,1.0,1.0,1,0.033447265625,,,,True
E-consensus-retarget-sawtooth,raw-record,0.01,raw-net-creation,1,26,4096,0.29931640625,0.298828125,-0.00048828125,0.000345224823286452,"[-0.001164921903641446, 0.00018835940364144593]",-0.0016313213703099511,-0.00048828125,0.000345224823286452,"[-0.001164921903641446, 0.00018835940364144593]",,0.00048828125,0.00048828125,0.0004833984375,0.00048828125,4.8828125e-06,0.0,,0.0,0.01,1.0,,,,,,
E-consensus-retarget-sawtooth,raw-record,0.01,raw-net-creation,4,104,4096,0.97998046875,0.979248046875,-0.000732421875,0.0006459128443452066,"[-0.001998411049916605, 0.000533567299916605]",-0.0007473841554559044,-0.002197265625,0.0007317060948387837,"[-0.0036314095708840158, -0.000763121679115984]",,0.002197265625,0.002197265625,0.00217529296875,0.002197265625,2.197265625e-05,0.0,,0.0,0.01,1.0,,,,,,
E-consensus-retarget-sawtooth,raw-record,0.01,raw-net-creation,10,261,4096,1.7802734375,1.778076171875,-0.002197265625,0.0009450444490548709,"[-0.004049552745147547, -0.00034497850485245315]",-0.0012342292923752057,-0.005615234375,0.0011677079098029255,"[-0.007903941878213734, -0.0033265268717862662]",,0.005859375,0.005859375,0.0058007812499999995,0.005859375,5.859375e-05,0.0,,0.0,0.01,1.0,,,,,,
E-consensus-retarget-sawtooth,raw-record,0.01,raw-net-creation,25,652,4096,2.69091796875,2.694091796875,0.003173828125,0.0013139623026757585,"[0.0005984620117555134, 0.005749194238244487]",0.0011794592632915987,-0.008544921875,0.0014383468146643998,"[-0.011364081631742223, -0.0057257621182577765]",-2.6923076923076925,0.0087890625,0.0087890625,0.008701171875,0.0087890625,8.7890625e-05,0.0,2.769230769230769,0.0,0.01,1.0,,,,,,
E-consensus-retarget-sawtooth,raw-record,0.01,raw-net-creation,50,1304,4096,3.382568359375,3.38818359375,0.005615234375,0.0019966939107838055,"[0.0017017143098637414, 0.009528754440136258]",0.0016600505232767953,-0.009765625,0.0015367105321668813,"[-0.012777577643047088, -0.006753672356952912]",-1.7391304347826086,0.01025390625,0.01025390625,0.0101513671875,0.01025390625,0.0001025390625,0.0,1.826086956521739,0.0,0.01,1.0,,,,,,
E-consensus-retarget-sawtooth,raw-record,0.01,raw-net-creation,100,2609,4096,4.084716796875,4.090576171875,0.005859375,0.0024399869004537063,"[0.0010770006751107354, 0.010641749324889264]",0.0014344629729245114,-0.012451171875,0.0017328359524433907,"[-0.015847530341789047, -0.009054813408210955]",-2.125,0.012939453125,0.012939453125,0.01281005859375,0.012939453125,0.00012939453125,0.0,2.2083333333333335,0.0,0.01,1.0,,,,,,
E-consensus-retarget-sawtooth,raw-record,0.01,raw-net-creation-budget-1R,1,26,4096,0.29931640625,0.298828125,-0.00048828125,0.000345224823286452,"[-0.001164921903641446, 0.00018835940364144593]",-0.0016313213703099511,-0.00048828125,0.000345224823286452,"[-0.001164921903641446, 0.00018835940364144593]",,0.00048828125,0.00048828125,0.0004833984375,0.00048828125,4.8828125e-06,0.0,,0.0,0.01,1.0,1,0.00048828125,,,,True
E-consensus-retarget-sawtooth,raw-record,0.01,raw-net-creation-budget-1R,4,104,4096,0.97998046875,0.979248046875,-0.000732421875,0.0006459128443452066,"[-0.001998411049916605, 0.000533567299916605]",-0.0007473841554559044,-0.002197265625,0.0007317060948387837,"[-0.0036314095708840158, -0.000763121679115984]",,0.002197265625,0.002197265625,0.00217529296875,0.002197265625,2.197265625e-05,0.0,,0.0,0.01,1.0,1,0.002197265625,,,,True
E-consensus-retarget-sawtooth,raw-record,0.01,raw-net-creation-budget-1R,10,261,4096,1.7802734375,1.7783203125,-0.001953125,0.0009130921385134076,"[-0.0037427855914862786, -0.00016346440851372122]",-0.0010970927043335162,-0.00537109375,0.0011421810532785727,"[-0.0076097686144260025, -0.0031324188855739975]",,0.005859375,0.005615234375,0.00555908203125,0.005615234375,5.615234375e-05,0.0,,0.0,0.01,1.0,1,0.005615234375,,,,True
E-consensus-retarget-sawtooth,raw-record,0.01,raw-net-creation-budget-1R,25,652,4096,2.69091796875,2.694091796875,0.003173828125,0.0013139623026757585,"[0.0005984620117555134, 0.005749194238244487]",0.0011794592632915987,-0.00830078125,0.0014178246317365518,"[-0.011079717528203642, -0.005521844971796358]",-2.6153846153846154,0.0087890625,0.008544921875,0.00845947265625,0.008544921875,8.544921875000001e-05,0.0,2.6923076923076925,0.0,0.01,1.0,1,0.008544921875,,,,True
E-consensus-retarget-sawtooth,raw-record,0.01,raw-net-creation-budget-1R,50,1304,4096,3.382568359375,3.38818359375,0.005615234375,0.0019966939107838055,"[0.0017017143098637414, 0.009528754440136258]",0.0016600505232767953,-0.009521484375,0.0015175671126722464,"[-0.012495915915837603, -0.006547052834162397]",-1.6956521739130435,0.01025390625,0.010009765625,0.009909667968749999,0.010009765625,0.00010009765625000001,0.0,1.7826086956521738,0.0,0.01,1.0,1,0.010009765625,,,,True
E-consensus-retarget-sawtooth,raw-record,0.01,raw-net-creation-budget-1R,100,2609,4096,4.084716796875,4.090576171875,0.005859375,0.0024399869004537063,"[0.0010770006751107354, 0.010641749324889264]",0.0014344629729245114,-0.01220703125,0.0017159753320447133,"[-0.015570342900807638, -0.008843719599192362]",-2.0833333333333335,0.012939453125,0.0126953125,0.012568359375,0.0126953125,0.000126953125,0.0,2.1666666666666665,0.0,0.01,1.0,1,0.0126953125,,,,True
E-consensus-retarget-sawtooth,raw-record,0.1,raw-net-creation,1,26,4096,0.287353515625,0.279541015625,-0.0078125,0.0013758305156353226,"[-0.010509127810645232, -0.005115872189354768]",-0.027187765505522515,-0.0087890625,0.0014585703004017126,"[-0.011647860288787356, -0.005930264711212644]",,0.0087890625,0.0087890625,0.00791015625,0.0087890625,0.00087890625,0.0,,0.0,0.1,1.0,,,,,,
E-consensus-retarget-sawtooth,raw-record,0.1,raw-net-creation,4,104,4096,0.98046875,0.961181640625,-0.019287109375,0.0023096550697845313,"[-0.023814033311777682, -0.014760185438222318]",-0.019671314741035856,-0.028076171875,0.0026272016964924137,"[-0.03322548720012513, -0.02292685654987487]",,0.029052734375,0.029052734375,0.026147460937500002,0.029052734375,0.0029052734375,0.0,,0.0,0.1,1.0,,,,,,
E-consensus-retarget-sawtooth,raw-record,0.1,raw-net-creation,10,261,4096,1.762451171875,1.746826171875,-0.015625,0.003039897372914263,"[-0.021583198850911957, -0.009666801149088045]",-0.008865493835711318,-0.052734375,0.0035434958023724057,"[-0.059679626772649916, -0.045789123227350084]",,0.056396484375,0.056396484375,0.0507568359375,0.056396484375,0.0056396484375,0.0,,0.0,0.1,1.0,,,,,,
E-consensus-retarget-sawtooth,raw-record,0.1,raw-net-creation,25,652,4096,2.696533203125,2.712890625,0.016357421875,0.005027208032725394,"[0.006504094130858229, 0.02621074961914177]",0.006066093254866455,-0.087158203125,0.004567256873520815,"[-0.0961100265971008, -0.0782063796528992]",-5.3283582089552235,0.096435546875,0.096435546875,0.0867919921875,0.096435546875,0.0096435546875,0.0,5.895522388059701,0.0,0.1,1.0,,,,,,
E-consensus-retarget-sawtooth,raw-record,0.1,raw-net-creation,50,1304,4096,3.3896484375,3.432373046875,0.042724609375,0.0063273751061176525,"[0.030322954167009402, 0.055126264582990595]",0.012604436761740133,-0.10595703125,0.005063312101098913,"[-0.11588112296815387, -0.09603293953184613]",-2.48,0.12060546875,0.12060546875,0.108544921875,0.12060546875,0.012060546875000001,0.0,2.822857142857143,0.0,0.1,1.0,,,,,,
E-consensus-retarget-sawtooth,raw-record,0.1,raw-net-creation,100,2609,4096,4.08447265625,4.1513671875,0.06689453125,0.008235716672272336,"[0.05075252657234622, 0.08303653592765378]",0.016377764494919306,-0.12646484375,0.005516799591047973,"[-0.13727777094845403, -0.11565191655154597]",-1.8905109489051095,0.14697265625,0.14697265625,0.13227539062500002,0.14697265625,0.014697265625,0.0,2.197080291970803,0.0,0.1,1.0,,,,,,
E-consensus-retarget-sawtooth,raw-record,0.1,raw-net-creation-budget-1R,1,26,4096,0.287353515625,0.279541015625,-0.0078125,0.0013758305156353226,"[-0.010509127810645232, -0.005115872189354768]",-0.027187765505522515,-0.0087890625,0.0014585703004017126,"[-0.011647860288787356, -0.005930264711212644]",,0.0087890625,0.0087890625,0.00791015625,0.0087890625,0.00087890625,0.0,,0.0,0.1,1.0,1,0.0087890625,,,,True
E-consensus-retarget-sawtooth,raw-record,0.1,raw-net-creation-budget-1R,4,104,4096,0.98046875,0.9619140625,-0.0185546875,0.002245702302879182,"[-0.022956264013643195, -0.014153110986356804]",-0.018924302788844622,-0.02734375,0.002571770795986875,"[-0.03238442076013427, -0.022303079239865724]",,0.029052734375,0.0283203125,0.02548828125,0.0283203125,0.0028320312500000003,0.0,,0.0,0.1,1.0,1,0.0283203125,,,,True
E-consensus-retarget-sawtooth,raw-record,0.1,raw-net-creation-budget-1R,10,261,4096,1.762451171875,1.747802734375,-0.0146484375,0.0030214164145135982,"[-0.020570413672446653, -0.008726461327553347]",-0.00831140047097936,-0.05126953125,0.003463722603971953,"[-0.05805842755378503, -0.04448063494621497]",,0.056396484375,0.054931640625,0.0494384765625,0.054931640625,0.0054931640625,0.0,,0.0,0.1,1.0,1,0.054931640625,,,,True
E-consensus-retarget-sawtooth,raw-record,0.1,raw-net-creation-budget-1R,25,652,4096,2.696533203125,2.71435546875,0.017822265625,0.004954307581041799,"[0.008111822766158074, 0.027532708483841928]",0.006609325486645541,-0.08203125,0.0043434721913780125,"[-0.0905444554951009, -0.0735180445048991]",-4.602739726027397,0.09619140625,0.091064453125,0.0819580078125,0.091064453125,0.009106445312500001,0.0,5.109589041095891,0.0,0.1,1.0,1,0.091064453125,,,,True
E-consensus-retarget-sawtooth,raw-record,0.1,raw-net-creation-budget-1R,50,1304,4096,3.3896484375,3.43310546875,0.04345703125,0.006216833590054618,"[0.03127203741349295, 0.05564202508650705]",0.01282051282051282,-0.09716796875,0.004730402141444211,"[-0.10643955694723066, -0.08789638055276934]",-2.235955056179775,0.1201171875,0.111083984375,0.0999755859375,0.111083984375,0.0111083984375,0.0,2.556179775280899,0.0,0.1,1.0,1,0.111083984375,,,,True
E-consensus-retarget-sawtooth,raw-record,0.1,raw-net-creation-budget-1R,100,2609,4096,4.08447265625,4.15087890625,0.06640625,0.007956875294946214,"[0.05081077442190542, 0.08200172557809458]",0.01625821876867902,-0.11376953125,0.005115841977165132,"[-0.12379658152524366, -0.10374248097475634]",-1.713235294117647,0.146240234375,0.13330078125,0.11997070312500001,0.13330078125,0.013330078125,0.0,2.0073529411764706,0.0,0.1,1.0,1,0.13330078125,,,,True
E-consensus-retarget-sawtooth,raw-record,0.2,raw-net-creation,1,26,4096,0.29443359375,0.276611328125,-0.017822265625,0.0020675191715048636,"[-0.021874603201149534, -0.013769928048850468]",-0.06053067993366501,-0.02001953125,0.002188813250998938,"[-0.02430960522195792, -0.01572945727804208]",,0.020263671875,0.020263671875,0.0162109375,0.020263671875,0.004052734375,0.0,,0.0,0.2,1.0,,,,,,
E-consensus-retarget-sawtooth,raw-record,0.2,raw-net-creation,4,104,4096,0.965087890625,0.927490234375,-0.03759765625,0.003313978054862331,"[-0.04409305323753017, -0.03110225926246983]",-0.03895775360485707,-0.061279296875,0.0037796675742446245,"[-0.06868744532051946, -0.053871148429480535]",,0.067626953125,0.067626953125,0.054101562500000006,0.067626953125,0.013525390625000001,0.0,,0.0,0.2,1.0,,,,,,
E-consensus-retarget-sawtooth,raw-record,0.2,raw-net-creation,10,261,4096,1.75341796875,1.73193359375,-0.021484375,0.004516224898468099,"[-0.030336175800997473, -0.012632574199002527]",-0.012252854358117515,-0.108154296875,0.004974655115145748,"[-0.11790462090068567, -0.09840397284931433]",,0.132080078125,0.132080078125,0.1056640625,0.132080078125,0.026416015625,0.0,,0.0,0.2,1.0,,,,,,
E-consensus-retarget-sawtooth,raw-record,0.2,raw-net-creation,25,652,4096,2.67529296875,2.709228515625,0.033935546875,0.007503158989310794,"[0.019229355255950844, 0.04864173849404915]",0.012684796495710896,-0.16015625,0.006054922125854955,"[-0.1720238973666757, -0.1482886026333243]",-4.719424460431655,0.2197265625,0.2197265625,0.17578125,0.2197265625,0.0439453125,0.0,6.474820143884892,0.0,0.2,1.0,,,,,,
E-consensus-retarget-sawtooth,raw-record,0.2,raw-net-creation,50,1304,4096,3.353515625,3.457275390625,0.103759765625,0.010134991133580944,"[0.08389518300318136, 0.12362434824681864]",0.03094059405940594,-0.193603515625,0.006981192694064404,"[-0.20728665330536622, -0.17992037794463378]",-1.8658823529411765,0.28125,0.28125,0.225,0.28125,0.05625,0.0,2.7105882352941175,0.0,0.2,1.0,,,,,,
E-consensus-retarget-sawtooth,raw-record,0.2,raw-net-creation,100,2609,4096,4.01318359375,4.177001953125,0.163818359375,0.012108189649779966,"[0.14008630766143126, 0.18755041108856874]",0.04082005110110719,-0.231201171875,0.00785930155158749,"[-0.2466054029161115, -0.2157969408338885]",-1.4113263785394934,0.342529296875,0.342529296875,0.2740234375,0.342529296875,0.068505859375,0.0,2.090909090909091,0.0,0.2,1.0,,,,,,
E-consensus-retarget-sawtooth,raw-record,0.2,raw-net-creation-budget-1R,1,26,4096,0.29443359375,0.276611328125,-0.017822265625,0.0020675191715048636,"[-0.021874603201149534, -0.013769928048850468]",-0.06053067993366501,-0.02001953125,0.002188813250998938,"[-0.02430960522195792, -0.01572945727804208]",,0.020263671875,0.020263671875,0.0162109375,0.020263671875,0.004052734375,0.0,,0.0,0.2,1.0,1,0.020263671875,,,,True
E-consensus-retarget-sawtooth,raw-record,0.2,raw-net-creation-budget-1R,4,104,4096,0.965087890625,0.929443359375,-0.03564453125,0.0031910366450157543,"[-0.041898963074230876, -0.02939009942576912]",-0.03693397419681255,-0.058837890625,0.0036773402174561935,"[-0.06604547745121414, -0.05163030379878586]",,0.0673828125,0.06494140625,0.051953125,0.06494140625,0.01298828125,0.0,,0.0,0.2,1.0,1,0.06494140625,,,,True
E-consensus-retarget-sawtooth,raw-record,0.2,raw-net-creation-budget-1R,10,261,4096,1.75341796875,1.736083984375,-0.017333984375,0.004579541851313666,"[-0.026309886403574782, -0.008358082346425216]",-0.009885825675299359,-0.09912109375,0.004758234845597862,"[-0.1084472340473718, -0.0897949534526282]",,0.131103515625,0.12158203125,0.09726562500000001,0.12158203125,0.024316406250000002,0.0,,0.0,0.2,1.0,1,0.12158203125,,,,True
E-consensus-retarget-sawtooth,raw-record,0.2,raw-net-creation-budget-1R,25,652,4096,2.67529296875,2.7119140625,0.03662109375,0.007269995087316785,"[0.022371903378859102, 0.0508702841211409]",0.013688629311918233,-0.1376953125,0.005665279423290851,"[-0.14879926016965006, -0.12659136483034994]",-3.76,0.2177734375,0.19091796875,0.152734375,0.19091796875,0.03818359375,0.0,5.213333333333333,0.0,0.2,1.0,1,0.19091796875,,,,True
E-consensus-retarget-sawtooth,raw-record,0.2,raw-net-creation-budget-1R,50,1304,4096,3.353515625,3.4482421875,0.0947265625,0.009721682174377924,"[0.07567206543821928, 0.11378105956178072]",0.028246942341292953,-0.15869140625,0.006286383842479973,"[-0.17101271858126074, -0.14637009391873926]",-1.675257731958763,0.277587890625,0.2333984375,0.18671875000000002,0.2333984375,0.046679687500000004,0.0,2.463917525773196,0.0,0.2,1.0,1,0.2333984375,,,,True
E-consensus-retarget-sawtooth,raw-record,0.2,raw-net-creation-budget-1R,100,2609,4096,4.01318359375,4.1611328125,0.14794921875,0.011411782034877025,"[0.12558212596164103, 0.17031631153835897]",0.03686579875897311,-0.180908203125,0.006927502988801197,"[-0.19448610898305035, -0.16733029726694965]",-1.2227722772277227,0.335205078125,0.272216796875,0.2177734375,0.272216796875,0.054443359375,0.0,1.83993399339934,0.0,0.2,1.0,1,0.272216796875,,,,True
E-consensus-retarget-sawtooth,raw-record,0.3,raw-net-creation,1,26,4096,0.311767578125,0.2822265625,-0.029541015625,0.0026459056314817038,"[-0.03472699066270414, -0.02435504058729586]",-0.0947533281127643,-0.031982421875,0.002749605213798584,"[-0.03737164809404522, -0.026593195655954777]",,0.033447265625,0.033447265625,0.023413085937499998,0.033447265625,0.0100341796875,0.0,,0.0,0.3,1.0,,,,,,
E-consensus-retarget-sawtooth,raw-record,0.3,raw-net-creation,4,104,4096,0.978271484375,0.9169921875,-0.061279296875,0.003994399151140738,"[-0.06910831921123585, -0.05345027453876415]",-0.06264037933616172,-0.08984375,0.004534853678370872,"[-0.09873206320960691, -0.08095543679039309]",,0.104736328125,0.104736328125,0.07331542968749999,0.104736328125,0.0314208984375,0.0,,0.0,0.3,1.0,,,,,,
E-consensus-retarget-sawtooth,raw-record,0.3,raw-net-creation,10,261,4096,1.781005859375,1.72607421875,-0.054931640625,0.005771108449072099,"[-0.06624301318518132, -0.04362026806481869]",-0.030843043180260453,-0.160400390625,0.006077916305843793,"[-0.17231310658445384, -0.14848767466554616]",,0.206787109375,0.206787109375,0.1447509765625,0.206787109375,0.0620361328125,0.0,,0.0,0.3,1.0,,,,,,
E-consensus-retarget-sawtooth,raw-record,0.3,raw-net-creation,25,652,4096,2.69140625,2.732421875,0.041015625,0.00892177970900616,"[0.023528936770347925, 0.058502313229652075]",0.015239477503628448,-0.212646484375,0.00744533631604946,"[-0.22723934355445694, -0.19805362519554306]",-5.184523809523809,0.327880859375,0.327880859375,0.22951660156249998,0.327880859375,0.0983642578125,0.0,7.994047619047619,0.0,0.3,1.0,,,,,,
E-consensus-retarget-sawtooth,raw-record,0.3,raw-net-creation,50,1304,4096,3.366455078125,3.5009765625,0.134521484375,0.011813607141922165,"[0.11136681437683256, 0.15767615437316745]",0.03995938791790558,-0.25244140625,0.008552853509370587,"[-0.2692049991283664, -0.23567781337163365]",-1.8765880217785844,0.4287109375,0.4287109375,0.30009765624999996,0.4287109375,0.12861328125,0.0,3.1869328493647915,0.0,0.3,1.0,,,,,,
E-consensus-retarget-sawtooth,raw-record,0.3,raw-net-creation,100,2609,4096,4.05224609375,4.300048828125,0.247802734375,0.015070440084393927,"[0.21826467180958792, 0.2773407969404121]",0.06115194601759248,-0.291748046875,0.009688247969717777,"[-0.3107370128956468, -0.2727590808543532]",-1.1773399014778325,0.525634765625,0.525634765625,0.3679443359375,0.525634765625,0.1576904296875,0.0,2.121182266009852,0.0,0.3,1.0,,,,,,
E-consensus-retarget-sawtooth,raw-record,0.3,raw-net-creation-budget-1R,1,26,4096,0.311767578125,0.2822265625,-0.029541015625,0.0026459056314817038,"[-0.03472699066270414, -0.02435504058729586]",-0.0947533281127643,-0.031982421875,0.002749605213798584,"[-0.03737164809404522, -0.026593195655954777]",,0.033447265625,0.033447265625,0.023413085937499998,0.033447265625,0.0100341796875,0.0,,0.0,0.3,1.0,1,0.033447265625,,,,True
E-consensus-retarget-sawtooth,raw-record,0.3,raw-net-creation-budget-1R,4,104,4096,0.978271484375,0.923095703125,-0.05517578125,0.0038415565775570654,"[-0.06270523214201185, -0.047646330357988154]",-0.056401297728974294,-0.08349609375,0.004350376699855426,"[-0.09202283208171663, -0.07496935541828337]",,0.104736328125,0.09814453125,0.068701171875,0.09814453125,0.029443359375,0.0,,0.0,0.3,1.0,1,0.09814453125,,,,True
E-consensus-retarget-sawtooth,raw-record,0.3,raw-net-creation-budget-1R,10,261,4096,1.781005859375,1.737060546875,-0.0439453125,0.005557706553877928,"[-0.054838417345600736, -0.033052207654399264]",-0.02467443454420836,-0.1396484375,0.005600617719589411,"[-0.15062564823039526, -0.12867122676960474]",,0.205322265625,0.182861328125,0.1280029296875,0.182861328125,0.0548583984375,0.0,,0.0,0.3,1.0,1,0.182861328125,,,,True
E-consensus-retarget-sawtooth,raw-record,0.3,raw-net-creation-budget-1R,25,652,4096,2.69140625,2.727294921875,0.035888671875,0.008485491192070605,"[0.019257109138541614, 0.05252023461145838]",0.013334542815674892,-0.171875,0.00676224271875105,"[-0.18512899572875205, -0.15862100427124795]",-4.789115646258503,0.3212890625,0.26904296875,0.188330078125,0.26904296875,0.08071289062499999,0.0,7.496598639455782,0.0,0.3,1.0,1,0.26904296875,,,,True
E-consensus-retarget-sawtooth,raw-record,0.3,raw-net-creation-budget-1R,50,1304,4096,3.366455078125,3.48486328125,0.118408203125,0.011075685006614301,"[0.09669986051203597, 0.14011654573796403]",0.03517296395677714,-0.191650390625,0.007715764207995115,"[-0.20677328847267043, -0.17652749277732957]",-1.6185567010309279,0.417724609375,0.33447265625,0.23413085937499997,0.33447265625,0.100341796875,0.0,2.8247422680412373,0.0,0.3,1.0,1,0.33447265625,,,,True
E-consensus-retarget-sawtooth,raw-record,0.3,raw-net-creation-budget-1R,100,2609,4096,4.05224609375,4.251953125,0.19970703125,0.013679297704728177,"[0.17289560774873278, 0.22651845475126722]",0.04928304615013857,-0.213623046875,0.00870863837513784,"[-0.23069197809027017, -0.19655411565972983]",-1.069682151589242,0.507568359375,0.391845703125,0.2742919921875,0.391845703125,0.1175537109375,0.0,1.9621026894865525,0.0,0.3,1.0,1,0.391845703125,,,,True
E-consensus-retarget-sawtooth,raw-record,0.5,raw-net-creation,1,26,4096,0.31103515625,0.2626953125,-0.04833984375,0.0033870999173505555,"[-0.05497855958800709, -0.04170112791199291]",-0.1554160125588697,-0.05224609375,0.0035114674145761814,"[-0.059128569882569315, -0.045363617617430685]",,0.055419921875,0.055419921875,0.0277099609375,0.055419921875,0.0277099609375,0.0,,0.0,0.5,1.0,,,,,,
E-consensus-retarget-sawtooth,raw-record,0.5,raw-net-creation,4,104,4096,0.999267578125,0.88720703125,-0.112060546875,0.0053804228278878,"[-0.12260617561766009, -0.10151491813233991]",-0.11214268262887857,-0.155517578125,0.005818921595920604,"[-0.16692266445300438, -0.14411249179699562]",,0.1982421875,0.1982421875,0.09912109375,0.1982421875,0.09912109375,0.0,,0.0,0.5,1.0,,,,,,
E-consensus-retarget-sawtooth,raw-record,0.5,raw-net-creation,10,261,4096,1.772705078125,1.7001953125,-0.072509765625,0.007428018530067755,"[-0.0870686819439328, -0.0579508493060672]",-0.04090345682412891,-0.228515625,0.007510411725134658,"[-0.24323603198126392, -0.21379521801873608]",,0.377197265625,0.377197265625,0.1885986328125,0.377197265625,0.1885986328125,0.0,,0.0,0.5,1.0,,,,,,
E-consensus-retarget-sawtooth,raw-record,0.5,raw-net-creation,25,652,4096,2.6826171875,2.7880859375,0.10546875,0.011401576203861612,"[0.08312166064043125, 0.12781583935956875]",0.039315617036767385,-0.271484375,0.009406455975149188,"[-0.2899210287112924, -0.2530477212887076]",-2.574074074074074,0.619140625,0.619140625,0.3095703125,0.619140625,0.3095703125,0.0,5.87037037037037,0.0,0.5,1.0,,,,,,
E-consensus-retarget-sawtooth,raw-record,0.5,raw-net-creation,50,1304,4096,3.396240234375,3.689208984375,0.29296875,0.015424224206567597,"[0.2627372705551275, 0.3232002294448725]",0.08626266982963122,-0.287353515625,0.011381550806574025,"[-0.3096613552058851, -0.2650456760441149]",-0.9808333333333333,0.82421875,0.82421875,0.412109375,0.82421875,0.412109375,0.0,2.8133333333333335,0.0,0.5,1.0,,,,,,
E-consensus-retarget-sawtooth,raw-record,0.5,raw-net-creation,100,2609,4096,4.0859375,4.573486328125,0.487548828125,0.01910992835992843,"[0.4500933685395403, 0.5250042877104597]",0.1193236137667304,-0.28955078125,0.013172972837931932,"[-0.3153698080123466, -0.2637317544876534]",-0.5938908362543815,1.01220703125,1.01220703125,0.506103515625,1.01220703125,0.506103515625,0.0,2.076114171256885,0.0,0.5,1.0,,,,,,
E-consensus-retarget-sawtooth,raw-record,0.5,raw-net-creation-budget-1R,1,26,4096,0.31103515625,0.263671875,-0.04736328125,0.0033193847657745283,"[-0.05386927539091808, -0.04085728710908192]",-0.152276295133438,-0.051025390625,0.0034386938534805445,"[-0.05776523057782187, -0.04428555067217813]",,0.055419921875,0.05419921875,0.027099609375,0.05419921875,0.027099609375,0.0,,0.0,0.5,1.0,1,0.05419921875,,,,True
E-consensus-retarget-sawtooth,raw-record,0.5,raw-net-creation-budget-1R,4,104,4096,0.999267578125,0.9013671875,-0.097900390625,0.005212578074314431,"[-0.10811704365065629, -0.08768373759934371]",-0.09797214756902028,-0.13916015625,0.005506997178803024,"[-0.14995387072045394, -0.12836644177954606]",,0.197998046875,0.179443359375,0.0897216796875,0.179443359375,0.0897216796875,0.0,,0.0,0.5,1.0,1,0.179443359375,,,,True
E-consensus-retarget-sawtooth,raw-record,0.5,raw-net-creation-budget-1R,10,261,4096,1.772705078125,1.72900390625,-0.043701171875,0.007030995578740368,"[-0.05748192320933112, -0.02992042054066888]",-0.02465225175595648,-0.1796875,0.006774354536631009,"[-0.1929652348917968, -0.1664097651082032]",,0.37060546875,0.3076171875,0.15380859375,0.3076171875,0.15380859375,0.0,,0.0,0.5,1.0,1,0.3076171875,,,,True
E-consensus-retarget-sawtooth,raw-record,0.5,raw-net-creation-budget-1R,25,652,4096,2.6826171875,2.79150390625,0.10888671875,0.010896231131195514,"[0.0875301057328568, 0.1302433317671432]",0.04058973425555151,-0.178955078125,0.00859058739860428,"[-0.19579262942626438, -0.16211752682373562]",-1.6434977578475336,0.592529296875,0.4462890625,0.22314453125,0.4462890625,0.22314453125,0.0,4.098654708520179,0.0,0.5,1.0,1,0.4462890625,,,,True
E-consensus-retarget-sawtooth,raw-record,0.5,raw-net-creation-budget-1R,50,1304,4096,3.396240234375,3.63916015625,0.242919921875,0.013758943608656479,"[0.2159523924020333, 0.2698874513479667]",0.07152613040040257,-0.15869140625,0.010117176427856754,"[-0.17852107204859924, -0.13886174045140076]",-0.6532663316582915,0.768310546875,0.534912109375,0.2674560546875,0.534912109375,0.2674560546875,0.0,2.202010050251256,0.0,0.5,1.0,1,0.534912109375,,,,True
E-consensus-retarget-sawtooth,raw-record,0.5,raw-net-creation-budget-1R,100,2609,4096,4.0859375,4.429443359375,0.343505859375,0.016206898244895632,"[0.31174033881500457, 0.37527137993499543]",0.08407026768642448,-0.146484375,0.011730628074133153,"[-0.16947640602530098, -0.12349234397469902]",-0.42643923240938164,0.9208984375,0.602294921875,0.3011474609375,0.602294921875,0.3011474609375,0.0,1.7533759772565742,0.0,0.5,1.0,1,0.602294921875,,,,True
E-consensus-retarget-sawtooth,raw-record,1.0,raw-net-creation,1,26,4096,0.312255859375,0.217041015625,-0.09521484375,0.004676779884997135,"[-0.10438133232459439, -0.08604835517540561]",-0.3049257232212666,-0.09521484375,0.004676779884997135,"[-0.10438133232459439, -0.08604835517540561]",,0.111572265625,0.111572265625,0.0,0.111572265625,0.111572265625,0.0,,0.0,1.0,1.0,,,,,,
E-consensus-retarget-sawtooth,raw-record,1.0,raw-net-creation,4,104,4096,0.978515625,0.742919921875,-0.235595703125,0.007484730472284493,"[-0.2502657748506776, -0.2209256313993224]",-0.2407684630738523,-0.235595703125,0.007484730472284493,"[-0.2502657748506776, -0.2209256313993224]",,0.417236328125,0.417236328125,0.0,0.417236328125,0.417236328125,0.0,,0.0,1.0,1.0,,,,,,
E-consensus-retarget-sawtooth,raw-record,1.0,raw-net-creation,10,261,4096,1.77001953125,1.56689453125,-0.203125,0.01085666426130899,"[-0.2244040619521656, -0.1818459380478344]",-0.11475862068965517,-0.203125,0.01085666426130899,"[-0.2244040619521656, -0.1818459380478344]",,0.89697265625,0.89697265625,0.0,0.89697265625,0.89697265625,0.0,,0.0,1.0,1.0,,,,,,
E-consensus-retarget-sawtooth,raw-record,1.0,raw-net-creation,25,652,4096,2.68408203125,2.94384765625,0.259765625,0.016610068331589227,"[0.2272098910700851, 0.2923213589299149]",0.09678006185191923,0.259765625,0.016610068331589227,"[0.2272098910700851, 0.2923213589299149]",1.0,1.69873046875,1.69873046875,0.0,1.69873046875,1.69873046875,0.0,6.5394736842105265,0.0,1.0,1.0,,,,,,
E-consensus-retarget-sawtooth,raw-record,1.0,raw-net-creation,50,1304,4096,3.380615234375,4.2666015625,0.885986328125,0.022225888580643175,"[0.8424235865069394, 0.9295490697430606]",0.2620784285404781,0.885986328125,0.022225888580643175,"[0.8424235865069394, 0.9295490697430606]",1.0,2.47509765625,2.47509765625,0.0,2.47509765625,2.47509765625,0.0,2.793607054284927,0.0,1.0,1.0,,,,,,
E-consensus-retarget-sawtooth,raw-record,1.0,raw-net-creation,100,2609,4096,4.0634765625,5.767333984375,1.703857421875,0.02770638283221124,"[1.649552911523866, 1.758161932226134]",0.41931026195626053,1.703857421875,0.02770638283221124,"[1.649552911523866, 1.758161932226134]",1.0,3.364013671875,3.364013671875,0.0,3.364013671875,3.364013671875,0.0,1.9743516263074938,0.0,1.0,1.0,,,,,,
E-consensus-retarget-sawtooth,raw-record,1.0,raw-net-creation-budget-1R,1,26,4096,0.312255859375,0.22265625,-0.089599609375,0.004489795290667437,"[-0.09839960814470818, -0.08079961060529182]",-0.2869429241594996,-0.089599609375,0.004489795290667437,"[-0.09839960814470818, -0.08079961060529182]",,0.111572265625,0.10546875,0.0,0.10546875,0.10546875,0.0,,0.0,1.0,1.0,1,0.10546875,,,,True
E-consensus-retarget-sawtooth,raw-record,1.0,raw-net-creation-budget-1R,4,104,4096,0.978515625,0.793212890625,-0.185302734375,0.006820861704916336,"[-0.19867162331663601, -0.17193384543336399]",-0.18937125748502995,-0.185302734375,0.006820861704916336,"[-0.19867162331663601, -0.17193384543336399]",,0.412109375,0.34521484375,0.0,0.34521484375,0.34521484375,0.0,,0.0,1.0,1.0,1,0.34521484375,,,,True
E-consensus-retarget-sawtooth,raw-record,1.0,raw-net-creation-budget-1R,10,261,4096,1.77001953125,1.6982421875,-0.07177734375,0.009914935597662052,"[-0.09121061752141763, -0.052344069978582375]",-0.04055172413793103,-0.07177734375,0.009914935597662052,"[-0.09121061752141763, -0.052344069978582375]",,0.830810546875,0.584716796875,0.0,0.584716796875,0.584716796875,0.0,,0.0,1.0,1.0,1,0.584716796875,,,,True
E-consensus-retarget-sawtooth,raw-record,1.0,raw-net-creation-budget-1R,25,652,4096,2.68408203125,2.95263671875,0.2685546875,0.014545242812654126,"[0.2400460115871979, 0.2970633634128021]",0.10005457522284883,0.2685546875,0.014545242812654126,"[0.2400460115871979, 0.2970633634128021]",1.0,1.359375,0.787841796875,0.0,0.787841796875,0.787841796875,0.0,2.9336363636363636,0.0,1.0,1.0,1,0.787841796875,,,,True
E-consensus-retarget-sawtooth,raw-record,1.0,raw-net-creation-budget-1R,50,1304,4096,3.380615234375,3.913330078125,0.53271484375,0.018173263002441268,"[0.4970952482652151, 0.5683344392347849]",0.15757925904528056,0.53271484375,0.018173263002441268,"[0.4970952482652151, 0.5683344392347849]",1.0,1.75244140625,0.89208984375,0.0,0.89208984375,0.89208984375,0.0,1.6746104491292393,0.0,1.0,1.0,1,0.89208984375,,,,True
E-consensus-retarget-sawtooth,raw-record,1.0,raw-net-creation-budget-1R,100,2609,4096,4.0634765625,4.803955078125,0.740478515625,0.02137171878447966,"[0.6985899468074199, 0.7823670844425801]",0.1822278298485941,0.740478515625,0.02137171878447966,"[0.6985899468074199, 0.7823670844425801]",1.0,2.098388671875,0.94775390625,0.0,0.94775390625,0.94775390625,0.0,1.2799208704253215,0.0,1.0,1.0,1,0.94775390625,,,,True
