geology,scenario,alpha,model,policy,horizon,trials,honest_deposits_mean,attack_deposits_mean,delta_mean,elasticity,delta_median,delta_p90,delta_p95,delta_p99,delta_maximum,maximum_prefix_delta_observed,probability_any_state_raising_selection,registered_conditional_success_probability,honest_k0_epochs_mean,honest_k1_epochs_mean,honest_k_ge_2_epochs_mean,attacked_counterfactual_k0_epochs_mean,attacked_counterfactual_k1_epochs_mean,attacked_counterfactual_k_ge_2_epochs_mean,actual_attacked_k0_epochs_mean,actual_attacked_k1_epochs_mean,actual_attacked_k_ge_2_epochs_mean,honest_exact_p_k0_epochs_mean,honest_exact_p_k1_epochs_mean,honest_exact_p_k_ge_2_epochs_mean,attacked_counterfactual_exact_p_k0_epochs_mean,attacked_counterfactual_exact_p_k1_epochs_mean,attacked_counterfactual_exact_p_k_ge_2_epochs_mean,selectable_epochs_mean,selection_attempt_epochs_mean,state_raising_selection_epochs_mean,harmful_selection_epochs_mean,discarded_valid_candidates_mean,replacement_discoveries_mean,attacker_replacements_mean,honest_replacements_mean,withheld_bitcoin_blocks_mean,bitcoin_reward_cost_mean_R,extra_sha_trials_mean,R_per_expected_global_marginal_deposit,attacker_captured_marginal_deposits_retain_share,R_per_expected_attacker_captured_deposit,divergence_duration_mean,probability_reconvergence_given_divergence,reconvergence_time_mean_given_observed,probability_terminal_state_diverged,terminal_g1_relative_difference_mean,terminal_g2_relative_difference_mean,private_fork_or_orphan_cost_R,latency_cost_R
raw-record,A-constant,0.1,A,prefer-shallow,100,256,0.4140625,0.4140625,0.0,0.0,0.0,0.0,0.0,0.0,0.0,0.0,0.0,,99.5859375,0.4140625,0.0,99.5859375,0.4140625,0.0,99.5859375,0.4140625,0.0,99.56058206745229,0.4383574980010751,0.0010604345465728693,99.56058206745229,0.4383574980010751,0.0010604345465728693,0.0,0.0,0.0,0.0,0.0,0.0,0.0,0.0,0.0,0.0,0.0,,0.0,,0.0,,,0.0,0.0,0.0,0.0,0.0
raw-record,A-constant,0.1,A,prefer-shallow,476,256,1.46484375,1.46484375,0.0,0.0,0.0,0.0,0.0,0.0,0.0,0.0,0.0,,474.53515625,1.4609375,0.00390625,474.53515625,1.4609375,0.00390625,474.53515625,1.4609375,0.00390625,474.55092877081023,1.4460196432828218,0.0030515859072205703,474.55092877081023,1.4460196432828218,0.0030515859072205703,0.00390625,0.0,0.0,0.0,0.0,0.0,0.0,0.0,0.0,0.0,0.0,,0.0,,0.0,,,0.0,0.0,0.0,0.0,0.0
raw-record,A-constant,0.1,A,prefer-shallow,800,256,1.97265625,1.97265625,0.0,0.0,0.0,0.0,0.0,0.0,0.0,0.0,0.0,,798.02734375,1.96484375,0.0078125,798.02734375,1.96484375,0.0078125,798.02734375,1.96484375,0.0078125,798.073601134083,1.9226703575707471,0.0037285083461259944,798.073601134083,1.9226703575707471,0.0037285083461259944,0.0078125,0.0,0.0,0.0,0.0,0.0,0.0,0.0,0.0,0.0,0.0,,0.0,,0.0,,,0.0,0.0,0.0,0.0,0.0
raw-record,A-constant,0.1,A,prefer-shallow,2000,128,2.921875,2.921875,0.0,0.0,0.0,0.0,0.0,0.0,0.0,0.0,0.0,,1997.078125,2.9140625,0.0078125,1997.078125,2.9140625,0.0078125,1997.078125,2.9140625,0.0078125,1997.1737096031732,2.821695846356935,0.004594550478291955,1997.1737096031732,2.821695846356935,0.004594550478291955,0.0078125,0.0,0.0,0.0,0.0,0.0,0.0,0.0,0.0,0.0,0.0,,0.0,,0.0,,,0.0,0.0,0.0,0.0,0.0
raw-record,A-constant,0.1,A,prefer-shallow,10000,32,4.21875,4.21875,0.0,0.0,0.0,0.0,0.0,0.0,0.0,0.0,0.0,,9995.78125,4.1875,0.03125,9995.78125,4.1875,0.03125,9995.78125,4.1875,0.03125,9996.029470788213,3.965708838341236,0.004820373689248641,9996.029470788213,3.965708838341236,0.004820373689248641,0.03125,0.0,0.0,0.0,0.0,0.0,0.0,0.0,0.0,0.0,0.0,,0.0,,0.0,,,0.0,0.0,0.0,0.0,0.0
raw-record,A-constant,0.1,B,prefer-shallow,100,256,0.4453125,0.4453125,0.0,0.0,0.0,0.0,0.0,0.0,0.0,0.0,0.0,,99.5546875,0.4453125,0.0,99.5546875,0.4453125,0.0,99.5546875,0.4453125,0.0,99.55511707105101,0.4438106403573279,0.001072288591582893,99.55511707105101,0.4438106403573279,0.001072288591582893,0.0,0.0,0.0,0.0,0.0,0.0,0.0,0.0,0.0,0.0,0.0,,0.0,,0.0,,,0.0,0.0,0.0,0.0,0.0
raw-record,A-constant,0.1,B,prefer-shallow,476,256,1.48828125,1.48828125,0.0,0.0,0.0,0.0,0.0,0.0,0.0,0.0,0.0,,474.51171875,1.48828125,0.0,474.51171875,1.48828125,0.0,474.51171875,1.48828125,0.0,474.4986267466062,1.4981719874098616,0.0032012659844363202,474.4986267466062,1.4981719874098616,0.0032012659844363202,0.0,0.0,0.0,0.0,0.0,0.0,0.0,0.0,0.0,0.0,0.0,,0.0,,0.0,,,0.0,0.0,0.0,0.0,0.0
raw-record,A-constant,0.1,B,prefer-shallow,800,256,2.0390625,2.0390625,0.0,0.0,0.0,0.0,0.0,0.0,0.0,0.0,0.0,,797.9609375,2.0390625,0.0,797.9609375,2.0390625,0.0,797.9609375,2.0390625,0.0,798.0063710296939,1.9897157050247203,0.003913265281087011,798.0063710296939,1.9897157050247203,0.003913265281087011,0.0,0.0,0.0,0.0,0.0,0.0,0.0,0.0,0.0,0.0,0.0,,0.0,,0.0,,,0.0,0.0,0.0,0.0,0.0
raw-record,A-constant,0.1,B,prefer-shallow,2000,128,2.9375,2.9375,0.0,0.0,0.0,0.0,0.0,0.0,0.0,0.0,0.0,,1997.0625,2.9375,0.0,1997.0625,2.9375,0.0,1997.0625,2.9375,0.0,1997.1803591710209,2.815144767364149,0.004496061615524697,1997.1803591710209,2.815144767364149,0.004496061615524697,0.0,0.0,0.0,0.0,0.0,0.0,0.0,0.0,0.0,0.0,0.0,,0.0,,0.0,,,0.0,0.0,0.0,0.0,0.0
raw-record,A-constant,0.1,B,prefer-shallow,10000,32,4.8125,4.8125,0.0,0.0,0.0,0.0,0.0,0.0,0.0,0.0,0.0,,9995.1875,4.8125,0.0,9995.1875,4.8125,0.0,9995.1875,4.8125,0.0,9995.604719681975,4.390764987555333,0.0045153303602187425,9995.604719681975,4.390764987555333,0.0045153303602187425,0.0,0.0,0.0,0.0,0.0,0.0,0.0,0.0,0.0,0.0,0.0,,0.0,,0.0,,,0.0,0.0,0.0,0.0,0.0
raw-record,A-constant,0.3,A,prefer-shallow,100,256,0.40234375,0.40234375,0.0,0.0,0.0,0.0,0.0,0.0,0.0,0.0,0.0,,99.59765625,0.3984375,0.00390625,99.59765625,0.3984375,0.00390625,99.59765625,0.3984375,0.00390625,99.55894982233188,0.4399865652619074,0.0010636124061434563,99.55894982233188,0.4399865652619074,0.0010636124061434563,0.00390625,0.0,0.0,0.0,0.0,0.0,0.0,0.0,0.0,0.0,0.0,,0.0,,0.0,,,0.0,0.0,0.0,0.0,0.0
raw-record,A-constant,0.3,A,prefer-shallow,476,256,1.4609375,1.4609375,0.0,0.0,0.0,0.0,0.0,0.0,0.0,0.0,0.0,,474.5390625,1.45703125,0.00390625,474.5390625,1.45703125,0.00390625,474.5390625,1.45703125,0.00390625,474.55287277051366,1.4440530878757885,0.0030741416113232683,474.55287277051366,1.4440530878757885,0.0030741416113232683,0.00390625,0.0,0.0,0.0,0.0,0.0,0.0,0.0,0.0,0.0,0.0,,0.0,,0.0,,,0.0,0.0,0.0,0.0,0.0
raw-record,A-constant,0.3,A,prefer-shallow,800,256,1.9140625,1.9140625,0.0,0.0,0.0,0.0,0.0,0.0,0.0,0.0,0.0,,798.0859375,1.91015625,0.00390625,798.0859375,1.91015625,0.00390625,798.0859375,1.91015625,0.00390625,798.1040385444933,1.892297953183909,0.0036635023230967676,798.1040385444933,1.892297953183909,0.0036635023230967676,0.00390625,0.0,0.0,0.0,0.0,0.0,0.0,0.0,0.0,0.0,0.0,,0.0,,0.0,,,0.0,0.0,0.0,0.0,0.0
raw-record,A-constant,0.3,A,prefer-shallow,2000,128,2.84375,2.84375,0.0,0.0,0.0,0.0,0.0,0.0,0.0,0.0,0.0,,1997.15625,2.84375,0.0,1997.15625,2.84375,0.0,1997.15625,2.84375,0.0,1997.1809841516706,2.814501423609404,0.004514424714746461,1997.1809841516706,2.814501423609404,0.004514424714746461,0.0,0.0,0.0,0.0,0.0,0.0,0.0,0.0,0.0,0.0,0.0,,0.0,,0.0,,,0.0,0.0,0.0,0.0,0.0
raw-record,A-constant,0.3,A,prefer-shallow,10000,32,4.6875,4.6875,0.0,0.0,0.0,0.0,0.0,0.0,0.0,0.0,0.0,,9995.3125,4.6875,0.0,9995.3125,4.6875,0.0,9995.3125,4.6875,0.0,9995.392380497098,4.6023014755081855,0.005318027241153936,9995.392380497098,4.6023014755081855,0.005318027241153936,0.0,0.0,0.0,0.0,0.0,0.0,0.0,0.0,0.0,0.0,0.0,,0.0,,0.0,,,0.0,0.0,0.0,0.0,0.0
raw-record,A-constant,0.3,B,prefer-shallow,100,256,0.44140625,0.44140625,0.0,0.0,0.0,0.0,0.0,0.0,0.0,0.0,0.0,,99.55859375,0.44140625,0.0,99.55859375,0.44140625,0.0,99.55859375,0.44140625,0.0,99.5585134331535,0.440425312612724,0.0010612542337030688,99.5585134331535,0.440425312612724,0.0010612542337030688,0.0,0.0,0.0,0.0,0.0,0.0,0.0,0.0,0.0,0.0,0.0,,0.0,,0.0,,,0.0,0.0,0.0,0.0,0.0
raw-record,A-constant,0.3,B,prefer-shallow,476,256,1.5078125,1.5078125,0.0,0.0,0.0,0.0,0.0,0.0,0.0,0.0,0.0,,474.4921875,1.5078125,0.0,474.4921875,1.5078125,0.0,474.4921875,1.5078125,0.0,474.56004016066146,1.4369468397272358,0.003012999611379687,474.56004016066146,1.4369468397272358,0.003012999611379687,0.0,0.0,0.0,0.0,0.0,0.0,0.0,0.0,0.0,0.0,0.0,,0.0,,0.0,,,0.0,0.0,0.0,0.0,0.0
raw-record,A-constant,0.3,B,prefer-shallow,800,256,1.92578125,1.92578125,0.0,0.0,0.0,0.0,0.0,0.0,0.0,0.0,0.0,,798.07421875,1.92578125,0.0,798.07421875,1.92578125,0.0,798.07421875,1.92578125,0.0,798.0868713733538,1.9094751406856614,0.0036534859604955647,798.0868713733538,1.9094751406856614,0.0036534859604955647,0.0,0.0,0.0,0.0,0.0,0.0,0.0,0.0,0.0,0.0,0.0,,0.0,,0.0,,,0.0,0.0,0.0,0.0,0.0
raw-record,A-constant,0.3,B,prefer-shallow,2000,128,2.7421875,2.7421875,0.0,0.0,0.0,0.0,0.0,0.0,0.0,0.0,0.0,,1997.2578125,2.7421875,0.0,1997.2578125,2.7421875,0.0,1997.2578125,2.7421875,0.0,1997.2008062420261,2.7949633397233447,0.004230418258492008,1997.2008062420261,2.7949633397233447,0.004230418258492008,0.0,0.0,0.0,0.0,0.0,0.0,0.0,0.0,0.0,0.0,0.0,,0.0,,0.0,,,0.0,0.0,0.0,0.0,0.0
raw-record,A-constant,0.3,B,prefer-shallow,10000,32,4.46875,4.46875,0.0,0.0,0.0,0.0,0.0,0.0,0.0,0.0,0.0,,9995.53125,4.46875,0.0,9995.53125,4.46875,0.0,9995.53125,4.46875,0.0,9995.644874993637,4.350700604978172,0.0044244012698682255,9995.644874993637,4.350700604978172,0.0044244012698682255,0.0,0.0,0.0,0.0,0.0,0.0,0.0,0.0,0.0,0.0,0.0,,0.0,,0.0,,,0.0,0.0,0.0,0.0,0.0
raw-record,A-constant,0.5,A,prefer-shallow,100,256,0.48828125,0.48828125,0.0,0.0,0.0,0.0,0.0,0.0,0.0,0.0,0.0,,99.51171875,0.48828125,0.0,99.51171875,0.48828125,0.0,99.51171875,0.48828125,0.0,99.55661756532302,0.44231717280190386,0.0010652618750138152,99.55661756532302,0.44231717280190386,0.0010652618750138152,0.0,0.0,0.0,0.0,0.0,0.0,0.0,0.0,0.0,0.0,0.0,,0.0,,0.0,,,0.0,0.0,0.0,0.0,0.0
raw-record,A-constant,0.5,A,prefer-shallow,476,256,1.47265625,1.47265625,0.0,0.0,0.0,0.0,0.0,0.0,0.0,0.0,0.0,,474.52734375,1.47265625,0.0,474.52734375,1.47265625,0.0,474.52734375,1.47265625,0.0,474.54462537475706,1.45232636762845,0.003048257615160333,474.54462537475706,1.45232636762845,0.003048257615160333,0.0,0.0,0.0,0.0,0.0,0.0,0.0,0.0,0.0,0.0,0.0,,0.0,,0.0,,,0.0,0.0,0.0,0.0,0.0
raw-record,A-constant,0.5,A,prefer-shallow,800,256,1.92578125,1.92578125,0.0,0.0,0.0,0.0,0.0,0.0,0.0,0.0,0.0,,798.07421875,1.92578125,0.0,798.07421875,1.92578125,0.0,798.07421875,1.92578125,0.0,798.0421453393104,1.9541080340080315,0.003746626682580143,798.0421453393104,1.9541080340080315,0.003746626682580143,0.0,0.0,0.0,0.0,0.0,0.0,0.0,0.0,0.0,0.0,0.0,,0.0,,0.0,,,0.0,0.0,0.0,0.0,0.0
raw-record,A-constant,0.5,A,prefer-shallow,2000,128,2.9375,2.9375,0.0,0.0,0.0,0.0,0.0,0.0,0.0,0.0,0.0,,1997.0625,2.9375,0.0,1997.0625,2.9375,0.0,1997.0625,2.9375,0.0,1997.0843188946844,2.9111680255261145,0.004513079795917783,1997.0843188946844,2.9111680255261145,0.004513079795917783,0.0,0.0,0.0,0.0,0.0,0.0,0.0,0.0,0.0,0.0,0.0,,0.0,,0.0,,,0.0,0.0,0.0,0.0,0.0
raw-record,A-constant,0.5,A,prefer-shallow,10000,32,4.6875,4.6875,0.0,0.0,0.0,0.0,0.0,0.0,0.0,0.0,0.0,,9995.3125,4.6875,0.0,9995.3125,4.6875,0.0,9995.3125,4.6875,0.0,9995.435726445672,4.559236338221001,0.005037215819650743,9995.435726445672,4.559236338221001,0.005037215819650743,0.0,0.0,0.0,0.0,0.0,0.0,0.0,0.0,0.0,0.0,0.0,,0.0,,0.0,,,0.0,0.0,0.0,0.0,0.0
raw-record,A-constant,0.5,B,prefer-shallow,100,256,0.5,0.5,0.0,0.0,0.0,0.0,0.0,0.0,0.0,0.0,0.0,,99.5,0.49609375,0.00390625,99.5,0.49609375,0.00390625,99.5,0.49609375,0.00390625,99.56285539299631,0.4360973889729426,0.001047218030680412,99.56285539299631,0.4360973889729426,0.001047218030680412,0.00390625,0.0,0.0,0.0,0.0,0.0,0.0,0.0,0.0,0.0,0.0,,0.0,,0.0,,,0.0,0.0,0.0,0.0,0.0
raw-record,A-constant,0.5,B,prefer-shallow,476,256,1.51171875,1.51171875,0.0,0.0,0.0,0.0,0.0,0.0,0.0,0.0,0.0,,474.48828125,1.5078125,0.00390625,474.48828125,1.5078125,0.00390625,474.48828125,1.5078125,0.00390625,474.53809525896594,1.4588322621589542,0.003072478875704467,474.53809525896594,1.4588322621589542,0.003072478875704467,0.00390625,0.0,0.0,0.0,0.0,0.0,0.0,0.0,0.0,0.0,0.0,,0.0,,0.0,,,0.0,0.0,0.0,0.0,0.0
raw-record,A-constant,0.5,B,prefer-shallow,800,256,2.046875,2.046875,0.0,0.0,0.0,0.0,0.0,0.0,0.0,0.0,0.0,,797.953125,2.04296875,0.00390625,797.953125,2.04296875,0.00390625,797.953125,2.04296875,0.00390625,798.0529767132927,1.9432974488393668,0.003725837868571191,798.0529767132927,1.9432974488393668,0.003725837868571191,0.00390625,0.0,0.0,0.0,0.0,0.0,0.0,0.0,0.0,0.0,0.0,,0.0,,0.0,,,0.0,0.0,0.0,0.0,0.0
raw-record,A-constant,0.5,B,prefer-shallow,2000,128,2.75,2.75,0.0,0.0,0.0,0.0,0.0,0.0,0.0,0.0,0.0,,1997.25,2.7421875,0.0078125,1997.25,2.7421875,0.0078125,1997.25,2.7421875,0.0078125,1997.181260744468,2.814531480614457,0.004207774916381638,1997.181260744468,2.814531480614457,0.004207774916381638,0.0078125,0.0,0.0,0.0,0.0,0.0,0.0,0.0,0.0,0.0,0.0,,0.0,,0.0,,,0.0,0.0,0.0,0.0,0.0
raw-record,A-constant,0.5,B,prefer-shallow,10000,32,4.34375,4.34375,0.0,0.0,0.0,0.0,0.0,0.0,0.0,0.0,0.0,,9995.65625,4.34375,0.0,9995.65625,4.34375,0.0,9995.65625,4.34375,0.0,9995.627621481164,4.367702087207945,0.004676431738822414,9995.627621481164,4.367702087207945,0.004676431738822414,0.0,0.0,0.0,0.0,0.0,0.0,0.0,0.0,0.0,0.0,0.0,,0.0,,0.0,,,0.0,0.0,0.0,0.0,0.0
raw-record,D-growth-0.75,0.1,A,prefer-shallow,100,256,21.6328125,21.953125,0.3203125,0.014806789454676778,0.0,1.0,2.0,5.0,10.0,10.0,0.24609375,,78.3671875,16.203125,5.4296875,78.046875,16.44140625,5.51171875,78.046875,16.6484375,5.3046875,77.93761048339444,16.742061484056194,5.320328032549374,77.66393497586338,16.890871512078046,5.4451935120585695,5.51171875,0.32421875,0.30078125,0.0,0.33203125,0.33203125,0.03515625,0.296875,0.33203125,0.33203125,2.3324592114285704e+34,1.0365853658536586,0.032031250000000004,10.365853658536585,1.34765625,0.9523809523809523,4.866666666666666,0.01953125,1.2054400680573889e-18,1.2054400680573889e-18,0.0,0.0
raw-record,D-growth-0.75,0.1,A,prefer-shallow,476,256,171.73046875,172.92578125,1.1953125,0.006960398516934695,0.0,3.0,5.0,9.0,11.0,11.0,0.71484375,,304.26953125,74.625,97.10546875,303.07421875,75.3203125,97.60546875,303.07421875,76.203125,96.72265625,304.01672078475104,74.84246185004211,97.14081736520697,302.838934327364,75.43797651154948,97.72308916108668,97.60546875,1.41015625,1.30078125,0.0,1.4375,1.4375,0.15625,1.28125,1.4375,1.4375,9.034881378281101e+71,1.2026143790849673,0.11953125,12.026143790849673,5.66796875,1.0,4.923497267759563,0.0,0.0,0.0,0.0,0.0
raw-record,D-growth-0.75,0.1,A,prefer-shallow,800,256,495.73046875,496.92578125,1.1953125,0.00241121451141387,0.0,3.0,5.0,9.0,11.0,11.0,0.71484375,,304.26953125,74.625,421.10546875,303.07421875,75.3203125,421.60546875,303.07421875,76.203125,420.72265625,304.01672078475104,74.84246185004211,421.140817365207,302.838934327364,75.43797651154948,421.7230891610867,421.60546875,1.41015625,1.30078125,0.0,1.4375,1.4375,0.15625,1.28125,1.4375,1.4375,9.034881378281101e+71,1.2026143790849673,0.11953125,12.026143790849673,5.66796875,1.0,4.923497267759563,0.0,0.0,0.0,0.0,0.0
raw-record,D-growth-0.75,0.1,A,prefer-shallow,2000,128,1695.875,1696.921875,1.046875,0.0006173067000810791,0.0,3.0,5.0,7.0,9.0,9.0,0.6640625,,304.125,74.8984375,1620.9765625,303.078125,75.5,1621.421875,303.078125,76.3125,1620.609375,303.6026415628283,75.12600672763364,1621.271351709538,302.56161190355147,75.62947568488627,1621.8089124115625,1621.421875,1.2265625,1.1328125,0.0,1.25,1.25,0.109375,1.140625,1.25,1.25,2.956062606742004e+71,1.1940298507462686,0.1046875,11.940298507462686,5.2421875,1.0,5.141176470588236,0.0,0.0,0.0,0.0,0.0
raw-record,D-growth-0.75,0.1,A,prefer-shallow,10000,32,9696.75,9698.0625,1.3125,0.0001353546291283162,0.0,4.0,6.0,7.0,7.0,7.0,0.59375,,303.25,75.84375,9620.90625,301.9375,76.875,9621.1875,301.9375,77.75,9620.3125,304.7829223558201,74.4214200507145,9620.795657593466,303.6273066183371,74.95719265194123,9621.415500729721,9621.1875,1.09375,1.0625,0.0,1.09375,1.09375,0.03125,1.0625,1.09375,1.09375,9.895897748478646e+70,0.8333333333333334,0.13125,8.333333333333332,5.78125,1.0,5.631578947368421,0.0,0.0,0.0,0.0,0.0
raw-record,D-growth-0.75,0.1,B,prefer-shallow,100,256,22.4140625,22.6640625,0.25,0.011153712094806553,0.0,1.0,2.0,4.0,8.0,8.0,0.33203125,,77.5859375,17.078125,5.3359375,77.3359375,17.16796875,5.49609375,77.3359375,17.453125,5.2109375,77.6612996578853,16.87807139402605,5.460628948088657,77.37042115295775,17.016764810515802,5.6128140365264585,5.49609375,0.41015625,0.390625,0.0,0.42578125,0.42578125,0.42578125,0.0,0.0,0.0,4.074265543513175e+34,,0.025,,1.40625,0.9176470588235294,3.923076923076923,0.03515625,1.5976761520214607e-18,1.5976761520214607e-18,0.0,0.0
raw-record,D-growth-0.75,0.1,B,prefer-shallow,476,256,172.671875,173.76171875,1.08984375,0.006311646004886436,0.0,3.0,5.0,7.0,9.0,9.0,0.7578125,,303.328125,75.19140625,97.48046875,302.23828125,75.71875,98.04296875,302.23828125,76.75390625,97.0078125,303.6037973150915,75.11445842148419,97.28174426342436,302.4572415218139,75.68146286058162,97.86129561760458,98.04296875,1.65234375,1.5234375,0.0,1.6875,1.6875,1.6875,0.0,0.0,0.0,8.296235375617893e+71,,0.10898437500000001,,6.06640625,1.0,4.139175257731959,0.0,0.0,0.0,0.0,0.0
raw-record,D-growth-0.75,0.1,B,prefer-shallow,800,256,496.671875,497.76171875,1.08984375,0.002194293264542108,0.0,3.0,5.0,7.0,9.0,9.0,0.7578125,,303.328125,75.19140625,421.48046875,302.23828125,75.71875,422.04296875,302.23828125,76.75390625,421.0078125,303.6037973150915,75.11445842148419,421.28174426342434,302.4572415218139,75.68146286058162,421.8612956176046,422.04296875,1.65234375,1.5234375,0.0,1.6875,1.6875,1.6875,0.0,0.0,0.0,8.296235375617893e+71,,0.10898437500000001,,6.06640625,1.0,4.139175257731959,0.0,0.0,0.0,0.0,0.0
raw-record,D-growth-0.75,0.1,B,prefer-shallow,2000,128,1697.203125,1698.265625,1.0625,0.0006260299573747249,0.0,3.0,4.0,6.0,7.0,7.0,0.75,,302.796875,75.9609375,1621.2421875,301.734375,76.4296875,1621.8359375,301.734375,77.421875,1620.84375,303.7171311652865,75.21889761749698,1621.0639712172165,302.6483057856421,75.71518434460161,1621.6365098697563,1621.8359375,1.765625,1.5859375,0.0,1.8125,1.8125,1.8125,0.0,0.0,0.0,1.0754785899944043e+72,,0.10625000000000001,,5.875,1.0,3.78125,0.0,0.0,0.0,0.0,0.0
raw-record,D-growth-0.75,0.1,B,prefer-shallow,10000,32,9696.71875,9697.875,1.15625,0.00011924136708615995,0.0,3.0,5.0,7.0,7.0,7.0,0.78125,,303.28125,74.65625,9622.0625,302.125,75.3125,9622.5625,302.125,76.34375,9621.53125,304.104074703829,74.98409667674589,9620.911828619424,303.0390816051856,75.47905072304215,9621.481867671773,9622.5625,1.75,1.53125,0.0,1.78125,1.78125,1.78125,0.0,0.0,0.0,1.5506073017926642e+72,,0.115625,,5.78125,1.0,3.8,0.0,0.0,0.0,0.0,0.0
raw-record,D-growth-0.75,0.3,A,prefer-shallow,100,256,22.125,22.7734375,0.6484375,0.029307909604519775,0.0,2.0,3.0,8.0,10.0,10.0,0.5390625,,77.875,16.765625,5.359375,77.2265625,17.078125,5.6953125,77.2265625,17.7421875,5.03125,77.69893059673078,16.87741570889944,5.423653694369777,77.05835699232092,17.17987399072417,5.761769016954908,5.6953125,1.01171875,0.92578125,0.0,1.0703125,1.0703125,0.30859375,0.76171875,1.0703125,1.0703125,7.110884102297058e+34,1.6506024096385543,0.19453125,5.502008032128514,3.4453125,0.9710144927536232,4.358208955223881,0.03125,2.357488636979654e-18,2.357488636979654e-18,0.0,0.0
raw-record,D-growth-0.75,0.3,A,prefer-shallow,476,256,173.07421875,176.171875,3.09765625,0.017897849098336607,2.0,7.0,8.0,11.0,25.0,25.0,0.984375,,302.92578125,75.19921875,97.875,299.828125,76.6875,99.484375,299.828125,79.7109375,96.4609375,302.01515635250144,75.86624946422673,98.11859418327195,298.9136397507085,77.34515056294495,99.74120968634666,99.484375,4.68359375,4.31640625,0.0,4.93359375,4.93359375,1.3125,3.62109375,4.93359375,4.93359375,2.063132839680631e+72,1.5926860025220682,0.9292968749999999,5.308953341740228,16.0625,1.0,4.361111111111111,0.0,0.0,0.0,0.0,0.0
raw-record,D-growth-0.75,0.3,A,prefer-shallow,800,256,497.07421875,500.171875,3.09765625,0.006231778139268061,2.0,7.0,8.0,11.0,25.0,25.0,0.984375,,302.92578125,75.19921875,421.875,299.828125,76.6875,423.484375,299.828125,79.7109375,420.4609375,302.01515635250144,75.86624946422673,422.11859418327197,298.9136397507085,77.34515056294495,423.7412096863467,423.484375,4.68359375,4.31640625,0.0,4.93359375,4.93359375,1.3125,3.62109375,4.93359375,4.93359375,2.063132839680631e+72,1.5926860025220682,0.9292968749999999,5.308953341740228,16.0625,1.0,4.361111111111111,0.0,0.0,0.0,0.0,0.0
raw-record,D-growth-0.75,0.3,A,prefer-shallow,2000,128,1697.1328125,1700.2890625,3.15625,0.0018597542730616435,2.0,7.0,8.0,11.0,13.0,13.0,0.984375,,302.8671875,75.5390625,1621.59375,299.7109375,77.015625,1623.2734375,299.7109375,79.96875,1620.3203125,302.1815925027142,75.85420959355844,1621.9641979037274,299.0078828270938,77.36548571260087,1623.6266314603054,1623.2734375,4.6015625,4.2890625,0.0,4.8203125,4.8203125,1.1484375,3.671875,4.8203125,4.8203125,2.176144980259034e+72,1.5272277227722773,0.9468749999999999,5.090759075907592,16.375,1.0,4.992063492063492,0.0,0.0,0.0,0.0,0.0
raw-record,D-growth-0.75,0.3,A,prefer-shallow,10000,32,9695.5625,9698.625,3.0625,0.00031586615010733004,2.0,6.0,7.0,9.0,9.0,9.0,0.96875,,304.4375,75.96875,9619.59375,301.375,77.71875,9620.90625,301.375,80.46875,9618.15625,304.84310607548184,74.32855197738041,9620.828341947137,302.0532179140938,75.54517385920109,9622.401608226706,9620.90625,4.15625,4.03125,0.0,4.46875,4.46875,1.21875,3.25,4.46875,4.46875,2.9361147427819745e+72,1.4591836734693877,0.91875,4.863945578231292,14.34375,1.0,3.2580645161290325,0.0,0.0,0.0,0.0,0.0
raw-record,D-growth-0.75,0.3,B,prefer-shallow,100,256,22.01953125,22.73828125,0.71875,0.03264147596239134,0.0,2.0,4.0,6.0,9.0,9.0,0.61328125,,77.98046875,16.51171875,5.5078125,77.26171875,16.8828125,5.85546875,77.26171875,17.56640625,5.171875,77.69573081081639,16.914732847288345,5.389536341895274,77.03429703655681,17.256231626980814,5.709471336462382,5.85546875,1.078125,0.96484375,0.0,1.1328125,1.1328125,1.1328125,0.0,0.0,0.0,1.0884713900172064e+35,,0.21562499999999998,,3.453125,0.9490445859872612,4.496644295302014,0.06640625,5.392222620439838e-18,5.392222620439838e-18,0.0,0.0
raw-record,D-growth-0.75,0.3,B,prefer-shallow,476,256,172.21875,175.26171875,3.04296875,0.017669207040464527,2.0,6.0,8.0,14.0,17.0,17.0,0.98828125,,303.78125,74.68359375,97.53515625,300.73828125,76.01953125,99.2421875,300.73828125,79.01953125,96.2421875,303.1845780567624,75.26433947640722,97.55108246683051,300.02240834029453,76.75591374982604,99.22167790987955,99.2421875,4.65625,4.30078125,0.0,4.94921875,4.94921875,4.94921875,0.0,0.0,0.0,1.3880186973696056e+72,,0.912890625,,15.56640625,1.0,4.3438735177865615,0.0,0.0,0.0,0.0,0.0
raw-record,D-growth-0.75,0.3,B,prefer-shallow,800,256,496.21875,499.26171875,3.04296875,0.006132313117954531,2.0,6.0,8.0,14.0,17.0,17.0,0.98828125,,303.78125,74.68359375,421.53515625,300.73828125,76.01953125,423.2421875,300.73828125,79.01953125,420.2421875,303.1845780567624,75.26433947640722,421.5510824668305,300.02240834029453,76.75591374982604,423.22167790987953,423.2421875,4.65625,4.30078125,0.0,4.94921875,4.94921875,4.94921875,0.0,0.0,0.0,1.3880186973696056e+72,,0.912890625,,15.56640625,1.0,4.3438735177865615,0.0,0.0,0.0,0.0,0.0
raw-record,D-growth-0.75,0.3,B,prefer-shallow,2000,128,1696.6796875,1699.609375,2.9296875,0.0017267180844940716,2.0,6.0,8.0,15.0,17.0,17.0,0.984375,,303.3203125,75.4375,1621.2421875,300.390625,76.8359375,1622.7734375,300.390625,79.765625,1619.84375,303.1931309740685,75.2267253063406,1621.580143719591,300.12996506602,76.63989369457109,1623.230141239409,1622.7734375,4.53125,4.1953125,0.0,4.8203125,4.8203125,4.8203125,0.0,0.0,0.0,1.39855927380229e+72,,0.87890625,,14.828125,1.0,4.111111111111111,0.0,0.0,0.0,0.0,0.0
raw-record,D-growth-0.75,0.3,B,prefer-shallow,10000,32,9695.0625,9698.0625,3.0,0.00030943585974819657,2.0,6.0,8.0,11.0,11.0,11.0,0.9375,,304.9375,74.15625,9620.90625,301.9375,75.71875,9622.34375,301.9375,78.59375,9619.46875,303.65153209614135,74.59626806287643,9621.752199840983,300.57027364681704,75.9588143151638,9623.47091203802,9622.34375,4.5,4.09375,0.0,4.71875,4.71875,4.71875,0.0,0.0,0.0,3.317860585922836e+72,,0.8999999999999999,,14.28125,1.0,5.466666666666667,0.0,0.0,0.0,0.0,0.0
raw-record,D-growth-0.75,0.5,A,prefer-shallow,100,256,21.81640625,23.1328125,1.31640625,0.0603401969561325,0.0,4.0,6.0,9.0,11.0,11.0,0.76171875,,78.18359375,16.69921875,5.1171875,76.8671875,17.35546875,5.77734375,76.8671875,18.5390625,4.59375,78.21989069262183,16.589135913924142,5.190973393454027,76.906688643584,17.267926391617788,5.825384964798209,5.77734375,1.70703125,1.625,0.0,1.8828125,1.8828125,0.92578125,0.95703125,1.8828125,1.8828125,1.0264307857660686e+35,1.4302670623145401,0.658203125,2.8605341246290803,6.23828125,0.9692307692307692,5.068783068783069,0.0625,4.258695445124538e-18,4.258695445124538e-18,0.0,0.0
raw-record,D-growth-0.75,0.5,A,prefer-shallow,476,256,172.24609375,177.97265625,5.7265625,0.03324639981857353,5.0,11.0,13.0,16.0,20.0,20.0,0.9921875,,303.75390625,75.1171875,97.12890625,298.02734375,77.93359375,100.0390625,298.02734375,83.16015625,94.8125,303.9327019556757,74.79452759667254,97.27277044765184,298.15539405395583,77.62144457350843,100.22316137253584,100.0390625,7.55859375,7.17578125,0.0,8.5,8.5,4.19140625,4.30859375,8.5,8.5,2.501477082997579e+72,1.4843110504774897,2.86328125,2.9686221009549794,27.70703125,1.0,4.830708661417323,0.0,0.0,0.0,0.0,0.0
raw-record,D-growth-0.75,0.5,A,prefer-shallow,800,256,496.24609375,501.97265625,5.7265625,0.011539763379749525,5.0,11.0,13.0,16.0,20.0,20.0,0.9921875,,303.75390625,75.1171875,421.12890625,298.02734375,77.93359375,424.0390625,298.02734375,83.16015625,418.8125,303.9327019556757,74.79452759667254,421.27277044765185,298.15539405395583,77.62144457350843,424.22316137253586,424.0390625,7.55859375,7.17578125,0.0,8.5,8.5,4.19140625,4.30859375,8.5,8.5,2.501477082997579e+72,1.4843110504774897,2.86328125,2.9686221009549794,27.70703125,1.0,4.830708661417323,0.0,0.0,0.0,0.0,0.0
raw-record,D-growth-0.75,0.5,A,prefer-shallow,2000,128,1695.1875,1701.1484375,5.9609375,0.003516388305128489,5.0,11.0,13.0,16.0,16.0,16.0,0.984375,,304.8125,74.25,1620.9375,298.8515625,77.296875,1623.8515625,298.8515625,82.40625,1618.7421875,305.19703099888636,73.96221480276502,1620.8407541983488,299.2009654061576,76.86790191000101,1623.9311326838415,1623.8515625,7.5078125,7.1171875,0.0,8.5,8.5,4.3125,4.1875,8.5,8.5,3.0145456392543355e+72,1.4259501965923984,2.98046875,2.851900393184797,28.09375,1.0,5.015873015873016,0.0,0.0,0.0,0.0,0.0
raw-record,D-growth-0.75,0.5,A,prefer-shallow,10000,32,9695.0625,9701.3125,6.25,0.0006446580411420762,5.0,11.0,15.0,16.0,16.0,16.0,0.96875,,304.9375,73.90625,9621.15625,298.6875,77.09375,9624.21875,298.6875,82.34375,9618.96875,305.45194340858467,74.0660331838137,9620.482023407601,299.1046703535954,77.22815964393845,9623.667170002465,9624.21875,7.4375,7.125,0.0,8.4375,8.4375,4.875,3.5625,8.4375,8.4375,6.816210419375804e+71,1.35,3.125,2.7,29.21875,1.0,5.387096774193548,0.0,0.0,0.0,0.0,0.0
raw-record,D-growth-0.75,0.5,B,prefer-shallow,100,256,21.890625,23.13671875,1.24609375,0.05692362598144183,1.0,4.0,5.0,8.0,9.0,9.0,0.7890625,,78.109375,16.78125,5.109375,76.86328125,17.359375,5.77734375,76.86328125,18.54296875,4.59375,78.36930460795186,16.412808854351212,5.217886537696929,77.02775053151899,17.084639908745704,5.8876095597353135,5.77734375,1.72265625,1.6484375,0.0,1.90625,1.90625,1.90625,0.0,0.0,0.0,1.2327423888959397e+35,,0.623046875,,6.453125,0.9851485148514851,5.180904522613066,0.05859375,4.299501934045174e-18,4.299501934045174e-18,0.0,0.0
raw-record,D-growth-0.75,0.5,B,prefer-shallow,476,256,172.7890625,179.0078125,6.21875,0.035990414613193474,6.0,13.0,14.0,18.0,20.0,20.0,0.99609375,,303.2109375,75.16796875,97.62109375,296.9921875,78.12109375,100.88671875,296.9921875,83.70703125,95.30078125,302.48744545417946,75.59408562482925,97.9184689209914,296.2239816803274,78.57608680312751,101.19993151654518,100.88671875,8.06640625,7.66015625,0.0,9.00390625,9.00390625,9.00390625,0.0,0.0,0.0,3.0920534478436116e+72,,3.109375,,29.4609375,1.0,5.141176470588236,0.0,0.0,0.0,0.0,0.0
raw-record,D-growth-0.75,0.5,B,prefer-shallow,800,256,496.7890625,503.0078125,6.21875,0.012517888314016574,6.0,13.0,14.0,18.0,20.0,20.0,0.99609375,,303.2109375,75.16796875,421.62109375,296.9921875,78.12109375,424.88671875,296.9921875,83.70703125,419.30078125,302.48744545417946,75.59408562482925,421.9184689209914,296.2239816803274,78.57608680312751,425.1999315165452,424.88671875,8.06640625,7.66015625,0.0,9.00390625,9.00390625,9.00390625,0.0,0.0,0.0,3.0920534478436116e+72,,3.109375,,29.4609375,1.0,5.141176470588236,0.0,0.0,0.0,0.0,0.0
raw-record,D-growth-0.75,0.5,B,prefer-shallow,2000,128,1697.6640625,1703.90625,6.2421875,0.003676927395640149,6.0,12.0,13.0,17.0,18.0,18.0,1.0,,302.3359375,75.4296875,1622.234375,296.09375,78.4609375,1625.4453125,296.09375,84.234375,1619.671875,302.0690196823567,75.85414020818202,1622.0768401094613,295.774677473353,78.87016370770007,1625.355158818947,1625.4453125,8.3359375,7.859375,0.0,9.21875,9.21875,9.21875,0.0,0.0,0.0,3.511284524014001e+72,,3.12109375,,29.7734375,1.0,4.703125,0.0,0.0,0.0,0.0,0.0
raw-record,D-growth-0.75,0.5,B,prefer-shallow,10000,32,9698.78125,9704.96875,6.1875,0.0006379667548435531,6.0,11.0,14.0,18.0,18.0,18.0,1.0,,301.21875,75.9375,9622.84375,295.03125,78.65625,9626.3125,295.03125,84.65625,9620.3125,301.62974617687286,75.92958199576402,9622.440671827364,295.72796375714915,78.7106905218709,9625.56134572098,9626.3125,8.71875,8.3125,0.0,9.625,9.625,9.625,0.0,0.0,0.0,1.0672588970643e+72,,3.09375,,28.90625,1.0,4.625,0.0,0.0,0.0,0.0,0.0
raw-record,H-adaptive-lambda-half,0.1,A,prefer-shallow,100,256,35.68359375,35.90625,0.22265625,0.0062397372742200325,0.0,1.0,2.0,3.0,3.0,3.0,0.36328125,,64.31640625,27.671875,8.01171875,64.09375,27.69140625,8.21484375,64.09375,28.02734375,7.87890625,64.5424982682811,27.614822343540347,7.842679388178647,64.30932697361104,27.660708483163166,8.029964543225889,8.21484375,0.44140625,0.41796875,0.0,0.4453125,0.4453125,0.03515625,0.41015625,0.4453125,0.4453125,2.307964462719639e+53,2.0,0.022265625,20.0,1.0546875,0.978494623655914,2.6483516483516483,0.0078125,1.8976176023944562e-25,1.8976176023944562e-25,0.0,0.0
raw-record,H-adaptive-lambda-half,0.1,A,prefer-shallow,476,256,178.75390625,179.484375,0.73046875,0.004086449159764865,0.0,2.0,3.0,5.0,5.0,5.0,0.7265625,,297.24609375,138.35546875,40.3984375,296.515625,138.546875,40.9375,296.515625,139.5078125,39.9765625,297.41656886582604,138.36344557954303,40.21998555462895,296.71920968588,138.51680349678983,40.76398681732816,40.9375,1.2890625,1.2265625,0.0,1.30859375,1.30859375,0.1171875,1.19140625,1.30859375,1.30859375,2.419198476379231e+71,1.7914438502673797,0.073046875,17.914438502673796,3.328125,1.0,2.7795698924731185,0.0,0.0,0.0,0.0,0.0
raw-record,H-adaptive-lambda-half,0.1,A,prefer-shallow,800,256,306.27734375,307.0078125,0.73046875,0.002384991135995511,0.0,2.0,3.0,5.0,5.0,5.0,0.7265625,,493.72265625,236.48828125,69.7890625,492.9921875,236.6796875,70.328125,492.9921875,237.640625,69.3671875,493.92031620781535,236.63969331992016,69.43999047225978,493.2229570278693,236.79305123716696,69.98399173495895,70.328125,1.2890625,1.2265625,0.0,1.30859375,1.30859375,0.1171875,1.19140625,1.30859375,1.30859375,2.419198476379231e+71,1.7914438502673797,0.073046875,17.914438502673796,3.328125,1.0,2.7795698924731185,0.0,0.0,0.0,0.0,0.0
raw-record,H-adaptive-lambda-half,0.1,A,prefer-shallow,2000,128,778.484375,779.3984375,0.9140625,0.0011741565140597715,0.0,3.0,4.0,5.0,5.0,5.0,0.7578125,,1221.515625,601.78125,176.703125,1220.6015625,602.0,177.3984375,1220.6015625,603.0078125,176.390625,1221.6245577042823,600.6876289784645,177.68781331727612,1220.7974171616595,600.8619594697518,178.34062336861174,177.3984375,1.34375,1.296875,0.0,1.3671875,1.3671875,0.1171875,1.25,1.3671875,1.3671875,2.1077595958871938e+71,1.4957264957264957,0.09140625000000001,14.957264957264956,3.53125,1.0,2.9381443298969074,0.0,0.0,0.0,0.0,0.0
raw-record,H-adaptive-lambda-half,0.1,A,prefer-shallow,10000,32,3915.46875,3916.3125,0.84375,0.00021549144020112533,1.0,2.0,4.0,4.0,4.0,4.0,0.75,,6084.53125,3017.65625,897.8125,6083.6875,3017.75,898.5625,6083.6875,3018.8125,897.5,6073.66708738211,3027.1958398790302,899.1370727397488,6072.938920541446,3027.3606679869317,899.7004114725114,898.5625,1.46875,1.375,0.0,1.5,1.5,0.21875,1.28125,1.5,1.5,1.335860587524978e+71,1.7777777777777777,0.084375,17.777777777777775,3.75,1.0,3.0,0.0,0.0,0.0,0.0,0.0
raw-record,H-adaptive-lambda-half,0.1,B,prefer-shallow,100,256,35.33984375,35.54296875,0.203125,0.005747761688957666,0.0,1.0,2.0,3.0,4.0,4.0,0.3203125,,64.66015625,27.35546875,7.984375,64.45703125,27.4296875,8.11328125,64.45703125,27.703125,7.83984375,64.57846761335148,27.582090791083864,7.839441595564745,64.36898266671878,27.6283542173304,8.0026631159509,8.11328125,0.3984375,0.37890625,0.0,0.40234375,0.40234375,0.40234375,0.0,0.0,0.0,2.3251053064900165e+44,,0.0203125,,1.07421875,0.975609756097561,2.9875,0.01171875,3.288182871660797e-22,3.288182871660797e-22,0.0,0.0
raw-record,H-adaptive-lambda-half,0.1,B,prefer-shallow,476,256,178.86328125,179.58984375,0.7265625,0.004062110987355041,0.0,2.0,3.0,5.0,6.0,6.0,0.67578125,,297.13671875,138.546875,40.31640625,296.41015625,138.75390625,40.8359375,296.41015625,139.6796875,39.91015625,297.50608342619256,138.29340717288216,40.200509400923266,296.84088711151423,138.43865355114428,40.72045933733953,40.8359375,1.234375,1.17578125,0.0,1.2578125,1.2578125,1.2578125,0.0,0.0,0.0,4.32613869744876e+71,,0.07265625,,3.28125,1.0,3.1271676300578033,0.0,0.0,0.0,0.0,0.0
raw-record,H-adaptive-lambda-half,0.1,B,prefer-shallow,800,256,306.16015625,306.88671875,0.7265625,0.002373145182898044,0.0,2.0,3.0,5.0,6.0,6.0,0.67578125,,493.83984375,236.70703125,69.453125,493.11328125,236.9140625,69.97265625,493.11328125,237.83984375,69.046875,494.00983076818187,236.56965491325928,69.4205143185541,493.34463445350355,236.71490129152141,69.94046425497032,69.97265625,1.234375,1.17578125,0.0,1.2578125,1.2578125,1.2578125,0.0,0.0,0.0,4.32613869744876e+71,,0.07265625,,3.28125,1.0,3.1271676300578033,0.0,0.0,0.0,0.0,0.0
raw-record,H-adaptive-lambda-half,0.1,B,prefer-shallow,2000,128,776.2734375,777.03125,0.7578125,0.0009762185119209364,0.0,3.0,3.0,5.0,6.0,6.0,0.6875,,1223.7265625,599.8203125,176.453125,1222.96875,600.0625,176.96875,1222.96875,601.0,176.03125,1221.8650989570483,600.5128218797796,177.6220791631951,1221.212874862388,600.6512603683598,178.13586476927523,176.96875,1.2265625,1.1953125,0.0,1.2421875,1.2421875,1.2421875,0.0,0.0,0.0,3.9045957821927277e+71,,0.07578125000000001,,3.2734375,1.0,3.0454545454545454,0.0,0.0,0.0,0.0,0.0
raw-record,H-adaptive-lambda-half,0.1,B,prefer-shallow,10000,32,3931.3125,3931.8125,0.5,0.0001271839875359692,0.0,2.0,3.0,3.0,3.0,3.0,0.84375,,6068.6875,3034.8125,896.5,6068.1875,3035.0,896.8125,6068.1875,3035.9375,895.875,6073.913719467707,3026.996544601305,899.0897359318778,6073.40196704242,3027.144154096563,899.453878861906,896.8125,1.3125,1.25,0.0,1.3125,1.3125,1.3125,0.0,0.0,0.0,1.1670837997541036e+71,,0.05,,3.5,1.0,2.6296296296296298,0.0,0.0,0.0,0.0,0.0
raw-record,H-adaptive-lambda-half,0.3,A,prefer-shallow,100,256,35.73046875,36.55859375,0.828125,0.023176997922816224,0.0,3.0,4.0,5.0,7.0,7.0,0.69140625,,64.26953125,28.1875,7.54296875,63.44140625,28.38671875,8.171875,63.44140625,29.45703125,7.1015625,64.60468678334647,27.561525649814325,7.833787566839291,63.745849791183154,27.738997301806858,8.51515290701007,8.171875,1.3671875,1.32421875,0.0,1.421875,1.421875,0.44921875,0.97265625,1.421875,1.421875,5.846552622210275e+45,1.7169811320754718,0.24843749999999998,5.723270440251573,3.734375,0.9887005649717514,3.3314285714285714,0.04296875,3.7424409466930154e-19,3.7424409466930154e-19,0.0,0.0
raw-record,H-adaptive-lambda-half,0.3,A,prefer-shallow,476,256,178.796875,181.171875,2.375,0.013283229922223192,2.0,5.0,7.0,8.0,10.0,10.0,0.9609375,,297.203125,138.6875,40.109375,294.828125,139.20703125,41.96484375,294.828125,142.22265625,38.94921875,297.54973645314993,138.2569027705167,40.19336077633138,295.1717659641109,138.7578201125656,42.07041392332161,41.96484375,3.9453125,3.7734375,0.0,4.1015625,4.1015625,1.2421875,2.859375,4.1015625,4.1015625,8.019682210598256e+71,1.7269736842105263,0.7125,5.756578947368421,10.44921875,1.0,3.3008130081300813,0.0,0.0,0.0,0.0,0.0
raw-record,H-adaptive-lambda-half,0.3,A,prefer-shallow,800,256,306.48828125,308.86328125,2.375,0.007749072787754426,2.0,5.0,7.0,8.0,10.0,10.0,0.9609375,,493.51171875,236.92578125,69.5625,491.13671875,237.4453125,71.41796875,491.13671875,240.4609375,68.40234375,494.05348379513924,236.53315051089382,69.4133656939622,491.6755133061002,237.03406785294274,71.29041884095228,71.41796875,3.9453125,3.7734375,0.0,4.1015625,4.1015625,1.2421875,2.859375,4.1015625,4.1015625,8.019682210598256e+71,1.7269736842105263,0.7125,5.756578947368421,10.44921875,1.0,3.3008130081300813,0.0,0.0,0.0,0.0,0.0
raw-record,H-adaptive-lambda-half,0.3,A,prefer-shallow,2000,128,779.4375,781.484375,2.046875,0.0026260925346804588,2.0,4.0,5.0,8.0,10.0,10.0,0.9609375,,1220.5625,600.984375,178.453125,1218.515625,601.3046875,180.1796875,1218.515625,604.2578125,177.2265625,1221.9022252206194,600.4742801039575,177.62349467544615,1219.736483085339,600.936803444681,179.326713470003,180.1796875,3.828125,3.6796875,0.0,4.015625,4.015625,1.2578125,2.7578125,4.015625,4.015625,6.954927501327423e+71,1.9618320610687023,0.6140625,6.539440203562341,9.6015625,1.0,3.2357723577235773,0.0,0.0,0.0,0.0,0.0
raw-record,H-adaptive-lambda-half,0.3,A,prefer-shallow,10000,32,3930.9375,3932.875,1.9375,0.0004928849670085062,1.0,5.0,5.0,8.0,8.0,8.0,0.96875,,6069.0625,3026.25,904.6875,6067.125,3026.59375,906.28125,6067.125,3029.5625,903.3125,6073.707458724074,3027.1471538224746,899.1453874543412,6071.650557568193,3027.5823819874167,900.7670604452785,906.28125,3.90625,3.6875,0.0,4.03125,4.03125,1.46875,2.5625,4.03125,4.03125,3.8072509238335856e+71,2.0806451612903225,0.5812499999999999,6.935483870967743,8.625,1.0,2.7419354838709675,0.0,0.0,0.0,0.0,0.0
raw-record,H-adaptive-lambda-half,0.3,B,prefer-shallow,100,256,35.6484375,36.42578125,0.77734375,0.02180582949813719,0.0,3.0,4.0,5.0,9.0,9.0,0.72265625,,64.3515625,27.890625,7.7578125,63.57421875,28.015625,8.41015625,63.57421875,29.10546875,7.3203125,64.53859803296515,27.610141171686504,7.851260795348423,63.72517262075408,27.788255499390033,8.486571879855967,8.41015625,1.44140625,1.3671875,0.0,1.4921875,1.4921875,1.4921875,0.0,0.0,0.0,1.2508532372812397e+46,,0.23320312499999998,,3.640625,0.9837837837837838,2.8736263736263736,0.0546875,2.7548592381486757e-19,2.7548592381486757e-19,0.0,0.0
raw-record,H-adaptive-lambda-half,0.3,B,prefer-shallow,476,256,179.09375,181.22265625,2.12890625,0.011887105217239574,2.0,5.0,6.0,8.0,10.0,10.0,0.9765625,,296.90625,138.32421875,40.76953125,294.77734375,138.64453125,42.578125,294.77734375,141.640625,39.58203125,297.39172603209744,138.3728595750884,40.23541439281218,295.16959200968313,138.84681484558322,41.98359314473173,42.578125,3.95703125,3.765625,0.0,4.140625,4.140625,4.140625,0.0,0.0,0.0,1.1318796136008849e+72,,0.638671875,,10.01953125,1.0,2.828,0.0,0.0,0.0,0.0,0.0
raw-record,H-adaptive-lambda-half,0.3,B,prefer-shallow,800,256,306.375,308.50390625,2.12890625,0.0069486944104447165,2.0,5.0,6.0,8.0,10.0,10.0,0.9765625,,493.625,236.390625,69.984375,491.49609375,236.7109375,71.79296875,491.49609375,239.70703125,68.796875,493.89547337408675,236.64910731546553,69.455419310443,491.67333935167244,237.12306258596035,71.20359806236242,71.79296875,3.95703125,3.765625,0.0,4.140625,4.140625,4.140625,0.0,0.0,0.0,1.1318796136008849e+72,,0.638671875,,10.01953125,1.0,2.828,0.0,0.0,0.0,0.0,0.0
raw-record,H-adaptive-lambda-half,0.3,B,prefer-shallow,2000,128,777.6875,779.5234375,1.8359375,0.0023607650888049507,2.0,4.0,5.0,6.0,7.0,7.0,0.9765625,,1222.3125,598.0546875,179.6328125,1220.4765625,598.203125,181.3203125,1220.4765625,601.078125,178.4453125,1221.7308652381073,600.6044997082762,177.66463505363959,1219.7224024245502,601.0528244326845,179.22477314278814,181.3203125,3.734375,3.5859375,0.0,3.90625,3.90625,3.90625,0.0,0.0,0.0,9.44152292791913e+71,,0.55078125,,9.4921875,1.0,2.736,0.0,0.0,0.0,0.0,0.0
raw-record,H-adaptive-lambda-half,0.3,B,prefer-shallow,10000,32,3906.0,3907.90625,1.90625,0.00048803123399897595,2.0,4.0,5.0,5.0,5.0,5.0,0.96875,,6094.0,3002.65625,903.34375,6092.09375,3002.65625,905.25,6092.09375,3005.75,902.15625,6074.021253082578,3026.9277113125854,899.0510356057258,6072.000975411927,3027.363869961807,900.6351546271545,905.25,3.78125,3.59375,0.0,3.96875,3.96875,3.96875,0.0,0.0,0.0,1.0183156678915357e+72,,0.571875,,8.84375,1.0,2.3548387096774195,0.0,0.0,0.0,0.0,0.0
raw-record,H-adaptive-lambda-half,0.5,A,prefer-shallow,100,256,35.453125,36.8828125,1.4296875,0.04032613486117232,1.0,4.0,5.0,8.0,13.0,13.0,0.89453125,,64.546875,27.60546875,7.84765625,63.1171875,27.78515625,9.09765625,63.1171875,29.6953125,7.1875,64.64172736090947,27.53312903285116,7.825143606239456,63.203151808725615,27.783518292466937,9.013329898807525,9.09765625,2.59765625,2.45703125,0.0,2.82421875,2.82421875,1.3359375,1.48828125,2.82421875,2.82421875,1.5940295118101922e+48,1.9754098360655739,0.71484375,3.9508196721311477,6.0859375,0.9868995633187773,3.02212389380531,0.04296875,6.755935561490657e-21,6.755935561490657e-21,0.0,0.0
raw-record,H-adaptive-lambda-half,0.5,A,prefer-shallow,476,256,178.24609375,182.23828125,3.9921875,0.022397054633911156,4.0,8.0,10.0,13.0,15.0,15.0,1.0,,297.75390625,137.9921875,40.25390625,293.76171875,138.5546875,43.68359375,293.76171875,143.88671875,38.3515625,297.62307749011,138.20499181913723,40.17193069075074,293.5900312756854,138.92038500903092,43.4895837152818,43.68359375,7.05859375,6.75390625,0.0,7.6953125,7.6953125,3.67578125,4.01953125,7.6953125,7.6953125,1.5457599197812405e+72,1.9275929549902153,1.99609375,3.8551859099804306,17.19921875,1.0,3.171875,0.0,0.0,0.0,0.0,0.0
raw-record,H-adaptive-lambda-half,0.5,A,prefer-shallow,800,256,305.9453125,309.9375,3.9921875,0.013048696407139756,4.0,8.0,10.0,13.0,15.0,15.0,1.0,,494.0546875,236.29296875,69.65234375,490.0625,236.85546875,73.08203125,490.0625,242.1875,67.75,494.1268248320993,236.48123955951436,69.39193560838157,490.09377861767473,237.19663274940805,72.70958863291237,73.08203125,7.05859375,6.75390625,0.0,7.6953125,7.6953125,3.67578125,4.01953125,7.6953125,7.6953125,1.5457599197812405e+72,1.9275929549902153,1.99609375,3.8551859099804306,17.19921875,1.0,3.171875,0.0,0.0,0.0,0.0,0.0
raw-record,H-adaptive-lambda-half,0.5,A,prefer-shallow,2000,128,775.640625,779.484375,3.84375,0.004955581072097661,3.0,7.0,10.0,13.0,15.0,15.0,1.0,,1224.359375,598.0625,177.578125,1220.515625,598.65625,180.828125,1220.515625,604.0859375,175.3984375,1221.8915135449074,600.4890723701712,177.61941408494445,1217.9669896609005,601.201637643091,180.83137269603142,180.828125,7.015625,6.7109375,0.0,7.6640625,7.6640625,3.53125,4.1328125,7.6640625,7.6640625,1.3715333531623302e+72,1.9939024390243902,1.921875,3.9878048780487805,16.8828125,1.0,3.25,0.0,0.0,0.0,0.0,0.0
raw-record,H-adaptive-lambda-half,0.5,A,prefer-shallow,10000,32,3931.03125,3934.75,3.71875,0.0009459985849769065,3.0,8.0,11.0,15.0,15.0,15.0,1.0,,6068.96875,3034.6875,896.34375,6065.25,3035.4375,899.3125,6065.25,3040.4375,894.3125,6073.676729667525,3027.18225204242,899.1410182909445,6070.282341651718,3027.852732850484,901.8649254986867,899.3125,6.59375,6.21875,0.0,7.09375,7.09375,3.34375,3.75,7.09375,7.09375,1.4409058927848888e+72,1.9075630252100841,1.859375,3.8151260504201683,16.34375,1.0,3.625,0.0,0.0,0.0,0.0,0.0
raw-record,H-adaptive-lambda-half,0.5,B,prefer-shallow,100,256,35.609375,36.94140625,1.33203125,0.037406757349714784,1.0,4.0,5.0,7.0,9.0,9.0,0.8125,,64.390625,27.75390625,7.85546875,63.05859375,27.91796875,9.0234375,63.05859375,29.78125,7.16015625,64.5330242332327,27.614823323416545,7.85215244335084,63.19163625658568,27.869547105535172,8.938816637879224,9.0234375,2.390625,2.29296875,0.0,2.62109375,2.62109375,2.62109375,0.0,0.0,0.0,1.769207277278368e+48,,0.666015625,,5.97265625,0.9903846153846154,3.3980582524271843,0.07421875,1.244720874699227e-21,1.244720874699227e-21,0.0,0.0
raw-record,H-adaptive-lambda-half,0.5,B,prefer-shallow,476,256,178.375,182.4609375,4.0859375,0.02290644709180098,4.0,8.0,9.0,11.0,12.0,12.0,1.0,,297.625,138.35546875,40.01953125,293.5390625,138.9296875,43.53125,293.5390625,144.51953125,37.94140625,297.3785615197686,138.3872137788841,40.23422470134532,293.1471893913131,139.16046377211268,43.69234683657238,43.53125,7.375,7.0625,0.0,8.140625,8.140625,8.140625,0.0,0.0,0.0,1.5799403428375814e+72,,2.04296875,,18.35546875,1.0,3.30859375,0.0,0.0,0.0,0.0,0.0
raw-record,H-adaptive-lambda-half,0.5,B,prefer-shallow,800,256,305.47265625,309.55859375,4.0859375,0.013375788033401108,4.0,8.0,9.0,11.0,12.0,12.0,1.0,,494.52734375,236.03125,69.44140625,490.44140625,236.60546875,72.953125,490.44140625,242.1953125,67.36328125,493.8823088617579,236.66346151926123,69.45422961897614,489.6509367333024,237.4367115124898,72.91235175420294,72.953125,7.375,7.0625,0.0,8.140625,8.140625,8.140625,0.0,0.0,0.0,1.5799403428375814e+72,,2.04296875,,18.35546875,1.0,3.30859375,0.0,0.0,0.0,0.0,0.0
raw-record,H-adaptive-lambda-half,0.5,B,prefer-shallow,2000,128,775.9453125,780.0078125,4.0625,0.005235549380292184,4.0,9.0,10.0,11.0,12.0,12.0,1.0,,1224.0546875,598.890625,177.0546875,1219.9921875,599.5078125,180.5,1219.9921875,605.125,174.8828125,1221.5839467730532,600.7121100213881,177.70394320558185,1217.4663927921583,601.5174223814751,181.0161848263893,180.5,7.4140625,7.0625,0.0,8.109375,8.109375,8.109375,0.0,0.0,0.0,1.8040088703804626e+72,,2.03125,,18.65625,1.0,3.1640625,0.0,0.0,0.0,0.0,0.0
raw-record,H-adaptive-lambda-half,0.5,B,prefer-shallow,10000,32,3903.1875,3906.84375,3.65625,0.0009367343997694192,3.0,8.0,10.0,11.0,11.0,11.0,1.0,,6096.8125,2999.28125,903.90625,6093.15625,2999.75,907.09375,6093.15625,3005.34375,901.5,6073.578092044418,3027.2582077027528,899.1637002537191,6069.859582628666,3028.035319459634,902.1050979125869,907.09375,7.09375,6.96875,0.0,7.5625,7.5625,7.5625,0.0,0.0,0.0,1.4128994171587984e+72,,1.828125,,19.28125,1.0,3.4375,0.0,0.0,0.0,0.0,0.0
vanilla-c10,A-constant,0.1,A,prefer-shallow,100,256,1.1171875,1.1171875,0.0,0.0,0.0,0.0,0.0,0.0,0.0,0.0,0.0,,98.8828125,1.10546875,0.01171875,98.8828125,1.10546875,0.01171875,98.8828125,1.10546875,0.01171875,98.94092887057653,1.0527391189345554,0.0063320104888523,98.94092887057653,1.0527391189345554,0.0063320104888523,0.01171875,0.0,0.0,0.0,0.0,0.0,0.0,0.0,0.0,0.0,0.0,,0.0,,0.0,,,0.0,0.0,0.0,0.0,0.0
vanilla-c10,A-constant,0.1,A,prefer-shallow,476,256,3.0625,3.0625,0.0,0.0,0.0,0.0,0.0,0.0,0.0,0.0,0.0,,472.9375,3.0390625,0.0234375,472.9375,3.0390625,0.0234375,472.9375,3.0390625,0.0234375,473.0018912532856,2.984986186265858,0.013122560449385479,473.0018912532856,2.984986186265858,0.013122560449385479,0.0234375,0.0,0.0,0.0,0.0,0.0,0.0,0.0,0.0,0.0,0.0,,0.0,,0.0,,,0.0,0.0,0.0,0.0,0.0
vanilla-c10,A-constant,0.1,A,prefer-shallow,800,256,4.05859375,4.05859375,0.0,0.0,0.0,0.0,0.0,0.0,0.0,0.0,0.0,,795.94140625,4.03515625,0.0234375,795.94140625,4.03515625,0.0234375,795.94140625,4.03515625,0.0234375,796.0920270421491,3.8931195137907415,0.014853444059743185,796.0920270421491,3.8931195137907415,0.014853444059743185,0.0234375,0.0,0.0,0.0,0.0,0.0,0.0,0.0,0.0,0.0,0.0,,0.0,,0.0,,,0.0,0.0,0.0,0.0,0.0
vanilla-c10,A-constant,0.1,A,prefer-shallow,2000,128,5.6796875,5.6796875,0.0,0.0,0.0,0.0,0.0,0.0,0.0,0.0,0.0,,1994.3203125,5.640625,0.0390625,1994.3203125,5.640625,0.0390625,1994.3203125,5.640625,0.0390625,1994.3670726548285,5.616354484123114,0.016572861044795904,1994.3670726548285,5.616354484123114,0.016572861044795904,0.0390625,0.0,0.0,0.0,0.0,0.0,0.0,0.0,0.0,0.0,0.0,,0.0,,0.0,,,0.0,0.0,0.0,0.0,0.0
vanilla-c10,A-constant,0.1,A,prefer-shallow,10000,32,8.625,8.625,0.0,0.0,0.0,0.0,0.0,0.0,0.0,0.0,0.0,,9991.375,8.59375,0.03125,9991.375,8.59375,0.03125,9991.375,8.59375,0.03125,9991.63189717755,8.351963783789028,0.01613903833244575,9991.63189717755,8.351963783789028,0.01613903833244575,0.03125,0.0,0.0,0.0,0.0,0.0,0.0,0.0,0.0,0.0,0.0,,0.0,,0.0,,,0.0,0.0,0.0,0.0,0.0
vanilla-c10,A-constant,0.1,B,prefer-shallow,100,256,1.046875,1.046875,0.0,0.0,0.0,0.0,0.0,0.0,0.0,0.0,0.0,,98.953125,1.03515625,0.01171875,98.953125,1.03515625,0.01171875,98.953125,1.03515625,0.01171875,98.96200638976538,1.0318552870729676,0.006138323161586187,98.96200638976538,1.0318552870729676,0.006138323161586187,0.01171875,0.0,0.0,0.0,0.0,0.0,0.0,0.0,0.0,0.0,0.0,,0.0,,0.0,,,0.0,0.0,0.0,0.0,0.0
vanilla-c10,A-constant,0.1,B,prefer-shallow,476,256,2.953125,2.953125,0.0,0.0,0.0,0.0,0.0,0.0,0.0,0.0,0.0,,473.046875,2.9296875,0.0234375,473.046875,2.9296875,0.0234375,473.046875,2.9296875,0.0234375,472.9767104613749,3.010226569509812,0.013062969116213172,472.9767104613749,3.010226569509812,0.013062969116213172,0.0234375,0.0,0.0,0.0,0.0,0.0,0.0,0.0,0.0,0.0,0.0,,0.0,,0.0,,,0.0,0.0,0.0,0.0,0.0
vanilla-c10,A-constant,0.1,B,prefer-shallow,800,256,3.87109375,3.87109375,0.0,0.0,0.0,0.0,0.0,0.0,0.0,0.0,0.0,,796.12890625,3.84765625,0.0234375,796.12890625,3.84765625,0.0234375,796.12890625,3.84765625,0.0234375,796.0059211989505,3.979119595297464,0.014959205751898196,796.0059211989505,3.979119595297464,0.014959205751898196,0.0234375,0.0,0.0,0.0,0.0,0.0,0.0,0.0,0.0,0.0,0.0,,0.0,,0.0,,,0.0,0.0,0.0,0.0,0.0
vanilla-c10,A-constant,0.1,B,prefer-shallow,2000,128,5.7109375,5.7109375,0.0,0.0,0.0,0.0,0.0,0.0,0.0,0.0,0.0,,1994.2890625,5.671875,0.0390625,1994.2890625,5.671875,0.0390625,1994.2890625,5.671875,0.0390625,1994.300794673689,5.682633698401347,0.016571627913022673,1994.300794673689,5.682633698401347,0.016571627913022673,0.0390625,0.0,0.0,0.0,0.0,0.0,0.0,0.0,0.0,0.0,0.0,,0.0,,0.0,,,0.0,0.0,0.0,0.0,0.0
vanilla-c10,A-constant,0.1,B,prefer-shallow,10000,32,8.71875,8.71875,0.0,0.0,0.0,0.0,0.0,0.0,0.0,0.0,0.0,,9991.28125,8.65625,0.0625,9991.28125,8.65625,0.0625,9991.28125,8.65625,0.0625,9991.318397854444,8.663328578276005,0.01827356745799583,9991.318397854444,8.663328578276005,0.01827356745799583,0.0625,0.0,0.0,0.0,0.0,0.0,0.0,0.0,0.0,0.0,0.0,,0.0,,0.0,,,0.0,0.0,0.0,0.0,0.0
vanilla-c10,A-constant,0.3,A,prefer-shallow,100,256,1.05078125,1.05078125,0.0,0.0,0.0,0.0,0.0,0.0,0.0,0.0,0.0,,98.94921875,1.05078125,0.0,98.94921875,1.05078125,0.0,98.94921875,1.05078125,0.0,98.94355919893059,1.0501674954324611,0.006273305636875236,98.94355919893059,1.0501674954324611,0.006273305636875236,0.0,0.0,0.0,0.0,0.0,0.0,0.0,0.0,0.0,0.0,0.0,,0.0,,0.0,,,0.0,0.0,0.0,0.0,0.0
vanilla-c10,A-constant,0.3,A,prefer-shallow,476,256,3.140625,3.140625,0.0,0.0,0.0,0.0,0.0,0.0,0.0,0.0,0.00390625,,472.859375,3.13671875,0.00390625,472.859375,3.13671875,0.00390625,472.859375,3.140625,0.0,472.94953607781235,3.0371577288517635,0.01330619333696573,472.94953607781235,3.0371577288517635,0.01330619333696573,0.00390625,0.00390625,0.00390625,0.0,0.00390625,0.00390625,0.0,0.00390625,0.00390625,0.00390625,2.110724704663905e+21,,0.0,,1.4296875,0.0,,0.00390625,1.6879726511449138e-09,0.0,0.0,0.0
vanilla-c10,A-constant,0.3,A,prefer-shallow,800,256,4.1484375,4.1484375,0.0,0.0,0.0,0.0,0.0,0.0,0.0,0.0,0.00390625,,795.8515625,4.14453125,0.00390625,795.8515625,4.14453125,0.00390625,795.8515625,4.1484375,0.0,796.0112304048457,3.973588565188807,0.015181029966697677,796.0112304048457,3.973588565188807,0.015181029966697677,0.00390625,0.00390625,0.00390625,0.0,0.00390625,0.00390625,0.0,0.00390625,0.00390625,0.00390625,2.110724704663905e+21,,0.0,,2.6953125,0.0,,0.00390625,1.6879726511449138e-09,0.0,0.0,0.0
vanilla-c10,A-constant,0.3,A,prefer-shallow,2000,128,6.0234375,6.0234375,0.0,0.0,0.0,0.0,0.0,0.0,0.0,0.0,0.0,,1993.9765625,6.0234375,0.0,1993.9765625,6.0234375,0.0,1993.9765625,6.0234375,0.0,1994.1863099744094,5.796259913408435,0.017430112176052108,1994.1863099744094,5.796259913408435,0.017430112176052108,0.0,0.0,0.0,0.0,0.0,0.0,0.0,0.0,0.0,0.0,0.0,,0.0,,0.0,,,0.0,0.0,0.0,0.0,0.0
vanilla-c10,A-constant,0.3,A,prefer-shallow,10000,32,9.5625,9.5625,0.0,0.0,0.0,0.0,0.0,0.0,0.0,0.0,0.0,,9990.4375,9.5625,0.0,9990.4375,9.5625,0.0,9990.4375,9.5625,0.0,9991.218834040545,8.762225134835752,0.01894082445745288,9991.218834040545,8.762225134835752,0.01894082445745288,0.0,0.0,0.0,0.0,0.0,0.0,0.0,0.0,0.0,0.0,0.0,,0.0,,0.0,,,0.0,0.0,0.0,0.0,0.0
vanilla-c10,A-constant,0.3,B,prefer-shallow,100,256,1.109375,1.109375,0.0,0.0,0.0,0.0,0.0,0.0,0.0,0.0,0.0,,98.890625,1.109375,0.0,98.890625,1.109375,0.0,98.890625,1.109375,0.0,98.94615222253098,1.0475903984654937,0.006257379003459783,98.94615222253098,1.0475903984654937,0.006257379003459783,0.0,0.0,0.0,0.0,0.0,0.0,0.0,0.0,0.0,0.0,0.0,,0.0,,0.0,,,0.0,0.0,0.0,0.0,0.0
vanilla-c10,A-constant,0.3,B,prefer-shallow,476,256,3.09375,3.09765625,0.00390625,0.0012626262626262627,0.0,0.0,0.0,0.0,1.0,1.0,0.00390625,,472.90625,3.08203125,0.01171875,472.90234375,3.0859375,0.01171875,472.90234375,3.08984375,0.0078125,472.9801891793879,3.0067480711367627,0.013062749476179625,472.97924331896485,3.0076902392041736,0.013066441831844624,0.01171875,0.00390625,0.00390625,0.0,0.00390625,0.00390625,0.00390625,0.0,0.0,0.0,2.110724704663905e+21,,0.001171875,,0.6875,0.0,,0.00390625,5.161930758575041e-09,2.5460082657967263e-09,0.0,0.0
vanilla-c10,A-constant,0.3,B,prefer-shallow,800,256,4.015625,4.0234375,0.0078125,0.0019455252918287938,0.0,0.0,0.0,0.0,2.0,2.0,0.00390625,,795.984375,4.00390625,0.01171875,795.9765625,4.01171875,0.01171875,795.9765625,4.015625,0.0078125,795.9706303656308,4.014149623916226,0.015220010453056687,795.9682273367179,4.016543945677473,0.015228717604724598,0.01171875,0.00390625,0.00390625,0.0,0.00390625,0.00390625,0.00390625,0.0,0.0,0.0,2.110724704663905e+21,,0.00234375,,1.953125,0.0,,0.00390625,3.2233368474219903e-09,1.938593911153051e-09,0.0,0.0
vanilla-c10,A-constant,0.3,B,prefer-shallow,2000,128,5.7109375,5.7265625,0.015625,0.0027359781121751026,0.0,0.0,0.0,0.0,2.0,2.0,0.0078125,,1994.2890625,5.6953125,0.015625,1994.2734375,5.7109375,0.015625,1994.2734375,5.71875,0.0078125,1994.2161582045853,5.7663757204481545,0.01746607496640684,1994.20457317619,5.777932682024463,0.017494141784961195,0.015625,0.0078125,0.0078125,0.0,0.0078125,0.0078125,0.0078125,0.0,0.0,0.0,4.22144940932781e+21,,0.0046875,,13.28125,0.0,,0.0078125,0.0,2.075004656265249e-09,0.0,0.0
vanilla-c10,A-constant,0.3,B,prefer-shallow,10000,32,8.9375,8.9375,0.0,0.0,0.0,0.0,0.0,0.0,0.0,0.0,0.0,,9991.0625,8.90625,0.03125,9991.0625,8.90625,0.03125,9991.0625,8.90625,0.03125,9990.47059153076,9.51018273687145,0.019225732126695174,9990.47059153076,9.51018273687145,0.019225732126695174,0.03125,0.0,0.0,0.0,0.0,0.0,0.0,0.0,0.0,0.0,0.0,,0.0,,0.0,,,0.0,0.0,0.0,0.0,0.0
vanilla-c10,A-constant,0.5,A,prefer-shallow,100,256,1.0390625,1.0390625,0.0,0.0,0.0,0.0,0.0,0.0,0.0,0.0,0.0,,98.9609375,1.0390625,0.0,98.9609375,1.0390625,0.0,98.9609375,1.0390625,0.0,98.97079095456215,1.0231616945424968,0.006047350895282788,98.97079095456215,1.0231616945424968,0.006047350895282788,0.0,0.0,0.0,0.0,0.0,0.0,0.0,0.0,0.0,0.0,0.0,,0.0,,0.0,,,0.0,0.0,0.0,0.0,0.0
vanilla-c10,A-constant,0.5,A,prefer-shallow,476,256,2.88671875,2.88671875,0.0,0.0,0.0,0.0,0.0,0.0,0.0,0.0,0.00390625,,473.11328125,2.87109375,0.015625,473.11328125,2.87109375,0.015625,473.11328125,2.875,0.01171875,473.03575517371775,2.951655865467983,0.012588960815347501,473.0355794898751,2.9518312044460786,0.01258930567992471,0.015625,0.00390625,0.00390625,0.0,0.00390625,0.00390625,0.0,0.00390625,0.00390625,0.00390625,2.110724704663905e+21,,0.0,,0.2734375,0.0,,0.00390625,1.7381314858968304e-09,1.2654492243848954e-09,0.0,0.0
vanilla-c10,A-constant,0.5,A,prefer-shallow,800,256,3.82421875,3.82421875,0.0,0.0,0.0,0.0,0.0,0.0,0.0,0.0,0.00390625,,796.17578125,3.80859375,0.015625,796.17578125,3.80859375,0.015625,796.17578125,3.8125,0.01171875,796.0922333541314,3.893334247648792,0.0144323982199074,796.0909761562078,3.89458970708979,0.014434136702446893,0.015625,0.00390625,0.00390625,0.0,0.00390625,0.00390625,0.0,0.00390625,0.00390625,0.00390625,2.110724704663905e+21,,0.0,,1.5390625,0.0,,0.00390625,0.0,1.7381314858968304e-09,0.0,0.0
vanilla-c10,A-constant,0.5,A,prefer-shallow,2000,128,5.5234375,5.5234375,0.0,0.0,0.0,0.0,0.0,0.0,0.0,0.0,0.0,,1994.4765625,5.5,0.0234375,1994.4765625,5.5,0.0234375,1994.4765625,5.5,0.0234375,1994.1698713194853,5.813564564849859,0.016564115666574803,1994.1698713194853,5.813564564849859,0.016564115666574803,0.0234375,0.0,0.0,0.0,0.0,0.0,0.0,0.0,0.0,0.0,0.0,,0.0,,0.0,,,0.0,0.0,0.0,0.0,0.0
vanilla-c10,A-constant,0.5,A,prefer-shallow,10000,32,9.25,9.25,0.0,0.0,0.0,0.0,0.0,0.0,0.0,0.0,0.0,,9990.75,9.25,0.0,9990.75,9.25,0.0,9990.75,9.25,0.0,9991.049661255694,8.933266946335992,0.017071797780448542,9991.049661255694,8.933266946335992,0.017071797780448542,0.0,0.0,0.0,0.0,0.0,0.0,0.0,0.0,0.0,0.0,0.0,,0.0,,0.0,,,0.0,0.0,0.0,0.0,0.0
vanilla-c10,A-constant,0.5,B,prefer-shallow,100,256,1.08984375,1.08984375,0.0,0.0,0.0,0.0,0.0,0.0,0.0,0.0,0.0,,98.91015625,1.08984375,0.0,98.91015625,1.08984375,0.0,98.91015625,1.08984375,0.0,98.94064982346622,1.053026539409236,0.006323637124484896,98.94064982346622,1.053026539409236,0.006323637124484896,0.0,0.0,0.0,0.0,0.0,0.0,0.0,0.0,0.0,0.0,0.0,,0.0,,0.0,,,0.0,0.0,0.0,0.0,0.0
vanilla-c10,A-constant,0.5,B,prefer-shallow,476,256,3.08203125,3.0859375,0.00390625,0.0012674271229404308,0.0,0.0,0.0,0.0,1.0,1.0,0.00390625,,472.91796875,3.07421875,0.0078125,472.9140625,3.078125,0.0078125,472.9140625,3.08203125,0.00390625,473.0785668539824,2.9088531988721567,0.012579947146490494,473.0782437322672,2.909175367997394,0.012580899736453448,0.0078125,0.00390625,0.00390625,0.0,0.00390625,0.00390625,0.00390625,0.0,0.0,0.0,2.110724704663905e+21,,0.001953125,,0.69921875,0.0,,0.00390625,1.9281545531176483e-09,3.020514594694394e-10,0.0,0.0
vanilla-c10,A-constant,0.5,B,prefer-shallow,800,256,4.00390625,4.0078125,0.00390625,0.000975609756097561,0.0,0.0,0.0,0.0,1.0,1.0,0.00390625,,795.99609375,3.99609375,0.0078125,795.9921875,4.0,0.0078125,795.9921875,4.00390625,0.00390625,796.1540746148414,3.8315605665996655,0.014364818559446628,796.1534278643978,3.8322057373417615,0.014366398260946114,0.0078125,0.00390625,0.00390625,0.0,0.00390625,0.00390625,0.00390625,0.0,0.0,0.0,2.110724704663905e+21,,0.001953125,,1.96484375,0.0,,0.00390625,1.1302226110708081e-09,7.979319420468401e-10,0.0,0.0
vanilla-c10,A-constant,0.5,B,prefer-shallow,2000,128,5.8828125,5.8828125,0.0,0.0,0.0,0.0,0.0,0.0,0.0,0.0,0.0,,1994.1171875,5.8828125,0.0,1994.1171875,5.8828125,0.0,1994.1171875,5.8828125,0.0,1994.4915012762283,5.492793987944494,0.015704735831968474,1994.4915012762283,5.492793987944494,0.015704735831968474,0.0,0.0,0.0,0.0,0.0,0.0,0.0,0.0,0.0,0.0,0.0,,0.0,,0.0,,,0.0,0.0,0.0,0.0,0.0
vanilla-c10,A-constant,0.5,B,prefer-shallow,10000,32,8.625,8.625,0.0,0.0,0.0,0.0,0.0,0.0,0.0,0.0,0.0,,9991.375,8.625,0.0,9991.375,8.625,0.0,9991.375,8.625,0.0,9991.569076684858,8.414083532936226,0.016839782210726757,9991.569076684858,8.414083532936226,0.016839782210726757,0.0,0.0,0.0,0.0,0.0,0.0,0.0,0.0,0.0,0.0,0.0,,0.0,,0.0,,,0.0,0.0,0.0,0.0,0.0
vanilla-c10,D-growth-0.75,0.1,A,prefer-shallow,100,256,40.77734375,41.359375,0.58203125,0.014273397835041671,0.0,2.0,3.0,6.0,9.0,9.0,0.58203125,,59.22265625,25.54296875,15.234375,58.640625,25.7265625,15.6328125,58.640625,26.2109375,15.1484375,58.95587719214628,25.904117002211088,15.140005805642632,58.41610831131507,26.023488807037307,15.560402881647622,15.6328125,0.921875,0.84375,0.0,0.953125,0.953125,0.1015625,0.8515625,0.953125,0.953125,6.000077375895573e+34,1.6375838926174497,0.058203125,16.375838926174495,4.08984375,0.9463087248322147,5.553191489361702,0.05859375,2.483194789256432e-18,1.2118734307610475e-18,0.0,0.0
vanilla-c10,D-growth-0.75,0.1,A,prefer-shallow,476,256,253.5859375,256.12890625,2.54296875,0.01002803536769463,2.0,6.0,6.0,9.0,10.0,10.0,0.96484375,,222.4140625,112.765625,140.8203125,219.87109375,113.34765625,142.78125,219.87109375,115.6015625,140.52734375,222.26937561873868,113.35337697487142,140.37724740638987,219.82540710438045,113.77868296085892,142.3959099347606,142.78125,4.32421875,3.8515625,0.0,4.48046875,4.48046875,0.4609375,4.01953125,4.48046875,4.48046875,2.4365001537143707e+72,1.7619047619047619,0.25429687500000003,17.619047619047617,18.328125,1.0,5.384615384615385,0.0,0.0,0.0,0.0,0.0
vanilla-c10,D-growth-0.75,0.1,A,prefer-shallow,800,256,577.5859375,580.12890625,2.54296875,0.004402753919194925,2.0,6.0,6.0,9.0,10.0,10.0,0.96484375,,222.4140625,112.765625,464.8203125,219.87109375,113.34765625,466.78125,219.87109375,115.6015625,464.52734375,222.26937561873868,113.35337697487142,464.37724740638987,219.82540710438045,113.77868296085892,466.3959099347606,466.78125,4.32421875,3.8515625,0.0,4.48046875,4.48046875,0.4609375,4.01953125,4.48046875,4.48046875,2.4365001537143707e+72,1.7619047619047619,0.25429687500000003,17.619047619047617,18.328125,1.0,5.384615384615385,0.0,0.0,0.0,0.0,0.0
vanilla-c10,D-growth-0.75,0.1,A,prefer-shallow,2000,128,1777.78125,1780.2109375,2.4296875,0.001366696549420802,2.0,5.0,6.0,9.0,9.0,9.0,0.953125,,222.21875,113.3515625,1664.4296875,219.7890625,113.890625,1666.3203125,219.7890625,116.0,1664.2109375,222.53194047607028,113.13476442652586,1664.3332950974038,220.21830097389528,113.58194746741411,1666.1997515586907,1666.3203125,4.1015625,3.6171875,0.0,4.234375,4.234375,0.390625,3.84375,4.234375,4.234375,1.8691623826446313e+72,1.742765273311897,0.24296875,17.427652733118972,17.1796875,1.0,5.245901639344262,0.0,0.0,0.0,0.0,0.0
vanilla-c10,D-growth-0.75,0.1,A,prefer-shallow,10000,32,9777.46875,9780.34375,2.875,0.00029404338418366206,2.0,5.0,9.0,9.0,9.0,9.0,0.96875,,222.53125,111.90625,9665.5625,219.65625,112.75,9667.59375,219.65625,115.0,9665.34375,220.64309698166292,113.3212155840453,9666.035687434292,217.91719882943647,113.89115937302597,9668.191641797537,9667.59375,4.6875,4.03125,0.0,4.875,4.875,0.28125,4.59375,4.875,4.875,2.865548011582708e+72,1.6956521739130435,0.28750000000000003,16.956521739130434,19.5,1.0,6.451612903225806,0.0,0.0,0.0,0.0,0.0
vanilla-c10,D-growth-0.75,0.1,B,prefer-shallow,100,256,40.125,40.796875,0.671875,0.01674454828660436,0.0,2.0,4.0,7.0,8.0,8.0,0.60546875,,59.875,25.49609375,14.62890625,59.203125,25.60546875,15.19140625,59.203125,26.1328125,14.6640625,59.510055765150554,25.679148019647176,14.81079621520227,58.844329228949,25.815597227579175,15.340073543471823,15.19140625,1.02734375,0.92578125,0.0,1.0546875,1.0546875,1.0546875,0.0,0.0,0.0,5.969011882575944e+34,,0.0671875,,4.4921875,0.967741935483871,5.346666666666667,0.05859375,1.7326261271461062e-18,2.973153026979044e-18,0.0,0.0
vanilla-c10,D-growth-0.75,0.1,B,prefer-shallow,476,256,253.62890625,256.1171875,2.48828125,0.009810716320904373,2.0,6.0,8.0,12.0,12.0,12.0,0.9765625,,222.37109375,112.45703125,141.171875,219.8828125,112.78515625,143.33203125,219.8828125,115.0625,141.0546875,221.60224092660363,113.22724782590149,141.1705112474949,219.1218223494781,113.668153448622,143.21002420189987,143.33203125,4.41796875,3.87890625,0.0,4.51953125,4.51953125,4.51953125,0.0,0.0,0.0,1.8885205679550278e+72,,0.248828125,,18.50390625,1.0,5.404,0.0,0.0,0.0,0.0,0.0
vanilla-c10,D-growth-0.75,0.1,B,prefer-shallow,800,256,577.62890625,580.1171875,2.48828125,0.00430775056974566,2.0,6.0,8.0,12.0,12.0,12.0,0.9765625,,222.37109375,112.45703125,465.171875,219.8828125,112.78515625,467.33203125,219.8828125,115.0625,465.0546875,221.60224092660363,113.22724782590149,465.17051124749486,219.1218223494781,113.668153448622,467.2100242018999,467.33203125,4.41796875,3.87890625,0.0,4.51953125,4.51953125,4.51953125,0.0,0.0,0.0,1.8885205679550278e+72,,0.248828125,,18.50390625,1.0,5.404,0.0,0.0,0.0,0.0,0.0
vanilla-c10,D-growth-0.75,0.1,B,prefer-shallow,2000,128,1777.9140625,1780.34375,2.4296875,0.0013665944554055183,2.0,6.0,7.0,12.0,12.0,12.0,0.984375,,222.0859375,112.9921875,1664.921875,219.65625,113.390625,1666.953125,219.65625,115.6171875,1664.7265625,221.83776672413381,113.16468150915124,1664.9975517667149,219.38774156541822,113.61435561079308,1666.9979028237888,1666.953125,4.2890625,3.828125,0.0,4.3671875,4.3671875,4.3671875,0.0,0.0,0.0,1.9706157217570147e+72,,0.24296875,,18.1640625,1.0,5.420634920634921,0.0,0.0,0.0,0.0,0.0
vanilla-c10,D-growth-0.75,0.1,B,prefer-shallow,10000,32,9779.125,9781.96875,2.84375,0.00029079800084363375,2.0,7.0,8.0,9.0,9.0,9.0,0.96875,,220.875,113.375,9665.75,218.03125,113.875,9668.09375,218.03125,116.375,9665.59375,217.88417327015424,115.15280325701981,9666.963023472827,215.22551715561656,115.60172959259648,9669.172753251787,9668.09375,4.59375,4.1875,0.0,4.65625,4.65625,4.65625,0.0,0.0,0.0,1.7017055062777757e+71,,0.284375,,19.46875,1.0,5.032258064516129,0.0,0.0,0.0,0.0,0.0
vanilla-c10,D-growth-0.75,0.3,A,prefer-shallow,100,256,40.55859375,42.3671875,1.80859375,0.044592121737455456,1.0,4.0,6.0,9.0,11.0,11.0,0.94140625,,59.44140625,25.50390625,15.0546875,57.6328125,25.7734375,16.59375,57.6328125,27.453125,14.9140625,59.30799648221474,25.883237192612704,14.808766325172556,57.5638639810431,26.20867295137777,16.227463067579134,16.59375,3.015625,2.7890625,0.0,3.203125,3.203125,0.8984375,2.3046875,3.203125,3.203125,2.0351751194509467e+35,1.7710583153347732,0.542578125,5.903527717782577,11.94140625,0.966804979253112,5.7296137339055795,0.12109375,3.762022189898142e-18,1.2439093984266302e-17,0.0,0.0
vanilla-c10,D-growth-0.75,0.3,A,prefer-shallow,476,256,254.1640625,262.3515625,8.1875,0.03221344480988535,8.0,14.0,17.0,19.0,22.0,22.0,1.0,,221.8359375,112.37890625,141.78515625,213.6484375,113.6328125,148.71875,213.6484375,121.37890625,140.97265625,221.5669313050411,113.46175483726608,140.97131385769276,213.40488494635895,114.84843272991037,147.74668232373065,148.71875,14.32421875,12.92578125,0.00390625,15.6640625,15.6640625,4.4609375,11.203125,15.6640625,15.6640625,7.885809075835042e+72,1.9131679389312977,2.45625,6.377226463104326,56.05859375,1.0,5.91015625,0.0,0.0,0.0,0.0,0.0
vanilla-c10,D-growth-0.75,0.3,A,prefer-shallow,800,256,578.1640625,586.3515625,8.1875,0.014161205323964598,8.0,14.0,17.0,19.0,22.0,22.0,1.0,,221.8359375,112.37890625,465.78515625,213.6484375,113.6328125,472.71875,213.6484375,121.37890625,464.97265625,221.5669313050411,113.46175483726608,464.9713138576928,213.40488494635895,114.84843272991037,471.7466823237307,472.71875,14.32421875,12.92578125,0.00390625,15.6640625,15.6640625,4.4609375,11.203125,15.6640625,15.6640625,7.885809075835042e+72,1.9131679389312977,2.45625,6.377226463104326,56.05859375,1.0,5.91015625,0.0,0.0,0.0,0.0,0.0
vanilla-c10,D-growth-0.75,0.3,A,prefer-shallow,2000,128,1779.1875,1787.0546875,7.8671875,0.004421786630133136,7.0,13.0,17.0,19.0,22.0,22.0,1.0,,220.8125,112.6953125,1666.4921875,212.9453125,113.7265625,1673.328125,212.9453125,121.5,1665.5546875,220.60388541670937,113.80464797231504,1665.5914666109757,212.681894255427,115.02689545945978,1672.2912102851133,1673.328125,14.5625,13.140625,0.0078125,16.03125,16.03125,4.65625,11.375,16.03125,16.03125,1.1691759009595015e+73,2.0377358490566038,2.3601562499999997,6.79245283018868,55.2890625,1.0,5.9921875,0.0,0.0,0.0,0.0,0.0
vanilla-c10,D-growth-0.75,0.3,A,prefer-shallow,10000,32,9776.96875,9785.5,8.53125,0.0008725864036335393,8.0,15.0,18.0,18.0,18.0,18.0,1.0,,223.03125,112.25,9664.71875,214.5,113.46875,9672.03125,214.5,121.5625,9663.9375,223.85666785893713,112.72756323810347,9663.41576890296,215.50479984295595,114.38265613996667,9670.112544017078,9672.03125,14.6875,13.34375,0.03125,15.96875,15.96875,4.5625,11.40625,15.96875,15.96875,8.14514337202827e+72,1.8717948717948718,2.5593749999999997,6.23931623931624,57.40625,1.0,7.625,0.0,0.0,0.0,0.0,0.0
vanilla-c10,D-growth-0.75,0.3,B,prefer-shallow,100,256,40.23046875,41.77734375,1.546875,0.038450334983979026,1.0,4.0,5.0,7.0,10.0,10.0,0.9453125,,59.76953125,25.75390625,14.4765625,58.22265625,25.97265625,15.8046875,58.22265625,27.6015625,14.17578125,59.385279647761905,25.867814162865724,14.74690618937237,57.789704005503516,26.110184644752543,16.10011134974394,15.8046875,3.046875,2.75,0.0,3.34765625,3.34765625,3.34765625,0.0,0.0,0.0,1.8886097769180204e+35,,0.4640625,,11.29296875,0.9752066115702479,5.61864406779661,0.1328125,6.683106408260145e-18,6.8149695209976e-18,0.0,0.0
vanilla-c10,D-growth-0.75,0.3,B,prefer-shallow,476,256,253.765625,261.703125,7.9375,0.03127886213903085,7.0,14.0,17.0,23.0,24.0,24.0,1.0,,222.234375,113.77734375,139.98828125,214.296875,115.1484375,146.5546875,214.296875,122.89453125,138.80859375,221.9154365297959,113.48262088617835,140.60194258402572,214.1437607896577,114.68485993072898,147.1713792796133,146.5546875,14.05078125,12.71875,0.0,15.24609375,15.24609375,15.24609375,0.0,0.0,0.0,7.263347350632495e+72,,2.38125,,54.109375,1.0,5.8359375,0.0,0.0,0.0,0.0,0.0
vanilla-c10,D-growth-0.75,0.3,B,prefer-shallow,800,256,577.765625,585.703125,7.9375,0.013738269735240826,7.0,14.0,17.0,23.0,24.0,24.0,1.0,,222.234375,113.77734375,463.98828125,214.296875,115.1484375,470.5546875,214.296875,122.89453125,462.80859375,221.9154365297959,113.48262088617835,464.6019425840257,214.1437607896577,114.68485993072898,471.1713792796133,470.5546875,14.05078125,12.71875,0.0,15.24609375,15.24609375,15.24609375,0.0,0.0,0.0,7.263347350632495e+72,,2.38125,,54.109375,1.0,5.8359375,0.0,0.0,0.0,0.0,0.0
vanilla-c10,D-growth-0.75,0.3,B,prefer-shallow,2000,128,1778.09375,1786.2109375,8.1171875,0.004565106592382994,7.0,15.0,17.0,23.0,23.0,23.0,1.0,,221.90625,113.9453125,1664.1484375,213.7890625,115.4921875,1670.71875,213.7890625,123.1015625,1663.109375,221.88831647113958,113.59595704747466,1664.5157264813859,214.23056142394256,114.73562289131753,1671.03381568474,1670.71875,14.0546875,12.734375,0.0,15.15625,15.15625,15.15625,0.0,0.0,0.0,7.577346706237207e+72,,2.43515625,,53.921875,1.0,6.046875,0.0,0.0,0.0,0.0,0.0
vanilla-c10,D-growth-0.75,0.3,B,prefer-shallow,10000,32,9779.0625,9787.4375,8.375,0.000856421563928035,8.0,13.0,18.0,23.0,23.0,23.0,1.0,,220.9375,115.53125,9663.53125,212.5625,117.5625,9669.875,212.5625,125.15625,9662.28125,222.62172074291263,113.82260885548159,9663.555670401605,214.78502102122036,115.01251252748466,9670.202466451296,9669.875,14.125,12.8125,0.0,15.25,15.25,15.25,0.0,0.0,0.0,3.2861817131491034e+72,,2.5124999999999997,,52.125,1.0,6.09375,0.0,0.0,0.0,0.0,0.0
vanilla-c10,D-growth-0.75,0.5,A,prefer-shallow,100,256,40.40625,43.50390625,3.09765625,0.07666279969064192,3.0,7.0,8.0,11.0,12.0,12.0,0.98828125,,59.59375,25.5546875,14.8515625,56.49609375,25.99609375,17.5078125,56.49609375,29.1171875,14.38671875,59.7423540320678,25.751024319307948,14.50662164862425,56.65361904077113,26.23794631922982,17.108434639999043,17.5078125,5.44140625,5.00390625,0.00390625,6.2578125,6.2578125,3.17578125,3.08203125,6.2578125,6.2578125,3.7965601729986186e+35,2.020176544766709,1.548828125,4.040353089533418,19.51171875,0.9960474308300395,6.7023809523809526,0.21875,1.0377464406812598e-17,1.4823048868769803e-17,0.0,0.0
vanilla-c10,D-growth-0.75,0.5,A,prefer-shallow,476,256,254.0,268.234375,14.234375,0.05604084645669291,14.0,23.0,25.0,31.0,38.0,38.0,1.0,,222.0,113.63671875,140.36328125,207.765625,115.85546875,152.37890625,207.765625,129.66796875,138.56640625,222.54800298211967,113.20246320729825,140.24953381058205,208.38048234134646,114.98342657883536,152.63609107981813,152.37890625,24.26171875,22.359375,0.00390625,28.56640625,28.56640625,14.6015625,13.96484375,28.56640625,28.56640625,1.3643831899838807e+73,2.006860592755214,7.1171875,4.013721185510428,89.78515625,1.0,6.80078125,0.0,0.0,0.0,0.0,0.0
vanilla-c10,D-growth-0.75,0.5,A,prefer-shallow,800,256,578.0,592.234375,14.234375,0.024626946366782008,14.0,23.0,25.0,31.0,38.0,38.0,1.0,,222.0,113.63671875,464.36328125,207.765625,115.85546875,476.37890625,207.765625,129.66796875,462.56640625,222.54800298211967,113.20246320729825,464.249533810582,208.38048234134646,114.98342657883536,476.63609107981813,476.37890625,24.26171875,22.359375,0.00390625,28.56640625,28.56640625,14.6015625,13.96484375,28.56640625,28.56640625,1.3643831899838807e+73,2.006860592755214,7.1171875,4.013721185510428,89.78515625,1.0,6.80078125,0.0,0.0,0.0,0.0,0.0
vanilla-c10,D-growth-0.75,0.5,A,prefer-shallow,2000,128,1778.7890625,1793.0078125,14.21875,0.00799349979137844,13.0,23.0,25.0,31.0,38.0,38.0,1.0,,221.2109375,113.6640625,1665.125,206.9921875,115.6171875,1677.390625,206.9921875,129.40625,1663.6015625,221.7231838707366,113.4607763971625,1664.8160397321008,207.55803555802297,115.08564485586356,1677.3563195861134,1677.390625,24.4765625,22.5390625,0.0078125,28.7109375,28.7109375,14.4921875,14.21875,28.7109375,28.7109375,1.2547252151444913e+73,2.019230769230769,7.109375,4.038461538461538,90.0234375,1.0,7.3046875,0.0,0.0,0.0,0.0,0.0
vanilla-c10,D-growth-0.75,0.5,A,prefer-shallow,10000,32,9778.6875,9792.75,14.0625,0.0014380764289686117,12.0,25.0,28.0,38.0,38.0,38.0,1.0,,221.3125,113.4375,9665.25,207.25,114.53125,9678.21875,207.25,128.15625,9664.59375,222.6867495301805,113.4835733027171,9663.829677167103,208.04875840839497,115.22393421127774,9676.727307380328,9678.21875,24.46875,22.53125,0.0,28.90625,28.90625,14.53125,14.375,28.90625,28.90625,1.2359563720047255e+73,2.0555555555555554,7.03125,4.111111111111111,92.4375,1.0,7.6875,0.0,0.0,0.0,0.0,0.0
vanilla-c10,D-growth-0.75,0.5,B,prefer-shallow,100,256,41.0234375,43.8515625,2.828125,0.06893924966673015,2.0,6.0,7.0,11.0,13.0,13.0,0.9921875,,58.9765625,26.18359375,14.83984375,56.1484375,26.4296875,17.421875,56.1484375,29.41015625,14.44140625,58.86494750030746,26.04565656064254,15.089395939049998,55.9711728964272,26.394169100476557,17.63465800309624,17.421875,5.4296875,4.99609375,0.0,6.30859375,6.30859375,6.30859375,0.0,0.0,0.0,3.841560830486803e+35,,1.4140625,,19.14453125,0.9921259842519685,6.166666666666667,0.2578125,1.1661367261532744e-17,2.1071221730928205e-17,0.0,0.0
vanilla-c10,D-growth-0.75,0.5,B,prefer-shallow,476,256,254.15234375,268.74609375,14.59375,0.05742126861657163,14.0,23.0,26.0,29.0,34.0,34.0,1.0,,221.84765625,113.7734375,140.37890625,207.25390625,115.7734375,152.97265625,207.25390625,129.4453125,139.30078125,220.99724046453997,114.07692089091297,140.92583864454704,206.62884406832387,115.99083672324691,153.38031920842917,152.97265625,24.68359375,22.7734375,0.0,28.703125,28.703125,28.703125,0.0,0.0,0.0,1.6835998723763885e+73,,7.296875,,91.0078125,1.0,6.2578125,0.0,0.0,0.0,0.0,0.0
vanilla-c10,D-growth-0.75,0.5,B,prefer-shallow,800,256,578.15234375,592.74609375,14.59375,0.02524204936253015,14.0,23.0,26.0,29.0,34.0,34.0,1.0,,221.84765625,113.7734375,464.37890625,207.25390625,115.7734375,476.97265625,207.25390625,129.4453125,463.30078125,220.99724046453997,114.07692089091297,464.925838644547,206.62884406832387,115.99083672324691,477.38031920842917,476.97265625,24.68359375,22.7734375,0.0,28.703125,28.703125,28.703125,0.0,0.0,0.0,1.6835998723763885e+73,,7.296875,,91.0078125,1.0,6.2578125,0.0,0.0,0.0,0.0,0.0
vanilla-c10,D-growth-0.75,0.5,B,prefer-shallow,2000,128,1777.9921875,1792.4921875,14.5,0.008155266430269396,14.0,22.0,24.0,29.0,33.0,33.0,1.0,,222.0078125,113.3203125,1664.671875,207.5078125,115.640625,1676.8515625,207.5078125,129.0859375,1663.40625,220.96756283755008,114.1763290522136,1664.8561081102364,206.73414228912264,116.1715671498122,1677.0942905610652,1676.8515625,24.203125,22.4296875,0.0,27.9296875,27.9296875,27.9296875,0.0,0.0,0.0,1.9251646909504932e+73,,7.25,,89.390625,1.0,6.390625,0.0,0.0,0.0,0.0,0.0
vanilla-c10,D-growth-0.75,0.5,B,prefer-shallow,10000,32,9780.28125,9795.46875,15.1875,0.0015528694535241509,15.0,22.0,23.0,23.0,23.0,23.0,1.0,,219.71875,115.53125,9664.75,204.53125,117.90625,9677.5625,204.53125,131.3125,9664.15625,218.40637458501718,115.70784988500603,9665.885775529976,203.14175867316428,117.5743983370166,9679.283842989818,9677.5625,24.625,22.96875,0.0,27.9375,27.9375,27.9375,0.0,0.0,0.0,1.6683577244541832e+73,,7.59375,,91.75,1.0,7.71875,0.0,0.0,0.0,0.0,0.0
vanilla-c10,H-adaptive-lambda-half,0.1,A,prefer-shallow,100,256,38.05859375,38.328125,0.26953125,0.007082007595196551,0.0,1.0,2.0,4.0,6.0,6.0,0.35546875,,61.94140625,29.55859375,8.5,61.671875,29.6328125,8.6953125,61.671875,30.0,8.328125,61.97037175630504,29.404577407511393,8.62505083618365,61.72778671034664,29.463487703112172,8.808725586541268,8.6953125,0.47265625,0.4375,0.0,0.47265625,0.47265625,0.0234375,0.44921875,0.47265625,0.47265625,5.178797841700419e+33,1.7536231884057971,0.026953125,17.53623188405797,2.2421875,0.9560439560439561,5.471264367816092,0.02734375,8.197020366696983e-17,5.502038820194005e-16,0.0,0.0
vanilla-c10,H-adaptive-lambda-half,0.1,A,prefer-shallow,476,256,185.09765625,186.5625,1.46484375,0.007913896802785692,1.0,4.0,5.0,7.0,11.0,11.0,0.90234375,,290.90234375,143.05078125,42.046875,289.4375,143.328125,43.234375,289.4375,145.21484375,41.34765625,291.524991547538,142.4888639309054,41.98614452155481,290.03384896903844,142.84763715512958,43.11851387583026,43.234375,2.46875,2.32421875,0.0,2.484375,2.484375,0.23046875,2.25390625,2.484375,2.484375,1.5468160309132e+71,1.696,0.146484375,16.96,13.3984375,0.9913419913419913,6.074235807860262,0.02734375,7.369477169808896e-49,6.331564399693958e-47,0.0,0.0
vanilla-c10,H-adaptive-lambda-half,0.1,A,prefer-shallow,800,256,312.53125,314.0546875,1.5234375,0.004874512548745126,1.0,4.0,5.0,7.0,11.0,11.0,0.9296875,,487.46875,241.2109375,71.3203125,485.9453125,241.4765625,72.578125,485.9453125,243.51953125,70.53515625,488.16685069078903,240.67823143522494,71.15491787398135,486.5902356473838,241.06090650946965,72.3488578431419,72.578125,2.671875,2.51953125,0.0,2.6875,2.6875,0.25,2.4375,2.6875,2.6875,3.1779491323684903e+71,1.764102564102564,0.15234375,17.641025641025642,14.3125,1.0,6.033613445378151,0.0,0.0,0.0,0.0,0.0
vanilla-c10,H-adaptive-lambda-half,0.1,A,prefer-shallow,2000,128,785.53125,786.984375,1.453125,0.0018498627521183913,1.0,4.0,5.0,7.0,11.0,11.0,0.9296875,,1214.46875,604.6484375,180.8828125,1213.015625,605.0,181.984375,1213.015625,606.9375,180.046875,1215.9147804579168,604.6956238270268,179.38959571507885,1214.4284788485666,605.0656978858832,180.50582326557256,181.984375,2.625,2.453125,0.0,2.640625,2.640625,0.1796875,2.4609375,2.640625,2.640625,4.133428292132586e+71,1.8172043010752688,0.1453125,18.172043010752688,13.578125,1.0,5.46218487394958,0.0,0.0,0.0,0.0,0.0
vanilla-c10,H-adaptive-lambda-half,0.1,A,prefer-shallow,10000,32,3940.0625,3941.34375,1.28125,0.0003251851969353278,1.0,3.0,4.0,6.0,6.0,6.0,0.9375,,6059.9375,3039.6875,900.375,6058.65625,3039.71875,901.625,6058.65625,3042.0,899.34375,6067.843614570669,3031.282710101792,900.8736753284263,6066.398640933428,3031.608835836415,901.9925232310444,901.625,2.90625,2.71875,0.0,2.9375,2.9375,0.34375,2.59375,2.9375,2.9375,6.506269495804371e+71,2.292682926829268,0.12812500000000002,22.92682926829268,14.15625,1.0,6.133333333333334,0.0,0.0,0.0,0.0,0.0
vanilla-c10,H-adaptive-lambda-half,0.1,B,prefer-shallow,100,256,38.54296875,38.7734375,0.23046875,0.005979527718658153,0.0,1.0,1.0,5.0,7.0,7.0,0.34765625,,61.45703125,29.79296875,8.75,61.2265625,29.83984375,8.93359375,61.2265625,30.1953125,8.578125,62.008677803505584,29.380957249905464,8.610364946589039,61.747891843284826,29.44846376529382,8.803644391421438,8.93359375,0.4609375,0.43359375,0.0,0.4609375,0.4609375,0.4609375,0.0,0.0,0.0,1.312785526922239e+37,,0.023046875,,2.484375,0.9550561797752809,5.988235294117647,0.01953125,1.1213287164523796e-16,1.3984185723983804e-16,0.0,0.0
vanilla-c10,H-adaptive-lambda-half,0.1,B,prefer-shallow,476,256,185.80078125,187.27734375,1.4765625,0.007947019867549669,1.0,4.0,6.0,9.0,11.0,11.0,0.9140625,,290.19921875,143.359375,42.44140625,288.72265625,143.77734375,43.5,288.72265625,145.5703125,41.70703125,291.58952620786715,142.4483504428486,41.962123349282436,290.1656071775728,142.80654668742264,43.02784613500285,43.5,2.40234375,2.26953125,0.0,2.44140625,2.44140625,2.44140625,0.0,0.0,0.0,1.4773087077080626e+71,,0.14765625000000002,,13.23828125,0.9914529914529915,6.469827586206897,0.0234375,1.4566518879847399e-49,2.700299921855532e-49,0.0,0.0
vanilla-c10,H-adaptive-lambda-half,0.1,B,prefer-shallow,800,256,313.51171875,315.1015625,1.58984375,0.0050710823708244555,1.0,4.0,6.0,9.0,11.0,11.0,0.91796875,,486.48828125,242.2421875,71.26953125,484.8984375,242.70703125,72.39453125,484.8984375,244.6015625,70.5,488.2145094806043,240.6483789547096,71.13711156468142,486.693005862335,241.02856623870002,72.27842789896032,72.39453125,2.52734375,2.39453125,0.0,2.5703125,2.5703125,2.5703125,0.0,0.0,0.0,3.4808493364560734e+71,,0.158984375,,13.9921875,1.0,6.48936170212766,0.0,0.0,0.0,0.0,0.0
vanilla-c10,H-adaptive-lambda-half,0.1,B,prefer-shallow,2000,128,786.234375,787.703125,1.46875,0.0018680816391422723,1.0,4.0,6.0,6.0,8.0,8.0,0.9140625,,1213.765625,605.953125,180.28125,1212.296875,606.3828125,181.3203125,1212.296875,608.21875,179.484375,1216.0186539012777,604.6257468763336,179.35559922241114,1214.520747930947,604.9943958107307,180.48485625834456,181.3203125,2.546875,2.390625,0.0,2.59375,2.59375,2.59375,0.0,0.0,0.0,4.731246318705922e+71,,0.146875,,13.484375,1.0,6.410256410256411,0.0,0.0,0.0,0.0,0.0
vanilla-c10,H-adaptive-lambda-half,0.1,B,prefer-shallow,10000,32,3938.40625,3940.09375,1.6875,0.00042847281181315414,1.0,4.0,6.0,6.0,6.0,6.0,0.96875,,6061.59375,3038.59375,899.8125,6059.90625,3039.25,900.84375,6059.90625,3040.71875,899.375,6068.008443302885,3031.1709600078893,900.8205966901139,6066.575320965443,3031.5528127853727,901.871866250072,900.84375,2.25,2.15625,0.0,2.28125,2.28125,2.28125,0.0,0.0,0.0,3.1716537678735565e+71,,0.16875,,11.96875,1.0,6.225806451612903,0.0,0.0,0.0,0.0,0.0
vanilla-c10,H-adaptive-lambda-half,0.3,A,prefer-shallow,100,256,38.05078125,38.86328125,0.8125,0.02135304383533518,0.0,3.0,4.0,7.0,9.0,9.0,0.76171875,,61.94921875,29.45703125,8.59375,61.13671875,29.68359375,9.1796875,61.13671875,30.91015625,7.953125,61.96945603347274,29.406623141606207,8.62392082492114,61.10716587940835,29.612474875232483,9.280359245359245,9.1796875,1.5625,1.48046875,0.0,1.609375,1.609375,0.46875,1.140625,1.609375,1.609375,1.2795440501829642e+36,1.9807692307692308,0.24375,6.602564102564103,7.73046875,0.958974358974359,6.064171122994653,0.1015625,3.8657581634468885e-15,1.727621979089908e-14,0.0,0.0
vanilla-c10,H-adaptive-lambda-half,0.3,A,prefer-shallow,476,256,184.19921875,189.1953125,4.99609375,0.027123316721450536,5.0,9.0,11.0,13.0,16.0,16.0,1.0,,291.80078125,142.3828125,41.81640625,286.8046875,143.57421875,45.62109375,286.8046875,149.48828125,39.70703125,291.57409817103706,142.46095953189706,41.96494229706406,286.7025445490921,143.5958776169893,45.70157783391703,45.62109375,7.78125,7.4375,0.00390625,8.12890625,8.12890625,2.40234375,5.7265625,8.12890625,8.12890625,3.7084823488235526e+71,1.6270523846755278,1.498828125,5.423507948918426,41.390625,1.0,6.4453125,0.08203125,3.2610273732942347e-49,8.775411897771853e-48,0.0,0.0
vanilla-c10,H-adaptive-lambda-half,0.3,A,prefer-shallow,800,256,312.359375,317.74609375,5.38671875,0.017245260367165224,5.0,10.0,11.0,16.0,17.0,17.0,1.0,,487.640625,240.9765625,71.3828125,482.25390625,242.28125,75.46484375,482.25390625,248.6875,69.05859375,488.2100911730207,240.65423167846293,71.13567714851169,482.9609484511854,241.8904671884753,75.14858436033457,75.46484375,8.40234375,8.03125,0.00390625,8.765625,8.765625,2.59375,6.171875,8.765625,8.765625,1.5338722215993352e+72,1.627266134880348,1.616015625,5.424220449601161,44.8046875,1.0,6.4453125,0.0,0.0,0.0,0.0,0.0
vanilla-c10,H-adaptive-lambda-half,0.3,A,prefer-shallow,2000,128,781.0,786.5859375,5.5859375,0.007152288732394366,5.0,11.0,12.0,14.0,16.0,16.0,1.0,,1219.0,602.09375,178.90625,1213.4140625,603.515625,183.0703125,1213.4140625,610.0,176.5859375,1216.0082638135445,604.6379302217845,179.35380596469335,1210.7734730305826,605.884864655011,183.34166231442825,183.0703125,8.4375,8.125,0.0078125,8.765625,8.765625,2.671875,6.09375,8.765625,8.765625,9.98341360532151e+71,1.5692307692307692,1.67578125,5.230769230769231,45.140625,1.0,6.5234375,0.0,0.0,0.0,0.0,0.0
vanilla-c10,H-adaptive-lambda-half,0.3,A,prefer-shallow,10000,32,3927.21875,3932.78125,5.5625,0.0014163967820738277,5.0,10.0,13.0,13.0,13.0,13.0,1.0,,6072.78125,3021.875,905.34375,6067.21875,3022.96875,909.8125,6067.21875,3029.59375,903.1875,6068.053155094094,3031.142641476823,900.804203429971,6062.59397702578,3032.372710839535,905.033312135571,909.8125,8.53125,8.3125,0.0,8.875,8.875,3.0,5.875,8.875,8.875,8.283772360678032e+71,1.595505617977528,1.66875,5.318352059925094,45.875,1.0,6.4375,0.0,0.0,0.0,0.0,0.0
vanilla-c10,H-adaptive-lambda-half,0.3,B,prefer-shallow,100,256,37.515625,38.68359375,1.16796875,0.03113286130778842,0.0,4.0,5.0,8.0,9.0,9.0,0.77734375,,62.484375,28.9140625,8.6015625,61.31640625,29.3125,9.37109375,61.31640625,30.49609375,8.1875,61.97200278152114,29.40231431142108,8.625682907057866,60.956073786018614,29.627287503820728,9.416638710160736,9.37109375,1.65625,1.57421875,0.0,1.73828125,1.73828125,1.73828125,0.0,0.0,0.0,3.1527271616505013e+35,,0.350390625,,8.4921875,0.9346733668341709,7.204301075268817,0.109375,5.440666061386557e-13,1.1576648566709786e-13,0.0,0.0
vanilla-c10,H-adaptive-lambda-half,0.3,B,prefer-shallow,476,256,184.26953125,189.12109375,4.8515625,0.026328620185275476,4.0,9.0,11.0,16.0,19.0,19.0,1.0,,291.73046875,142.89453125,41.375,286.87890625,144.08984375,45.03125,286.87890625,149.86328125,39.2578125,291.53798359155735,142.47984777512985,41.98216863331097,286.770640427258,143.61227479106284,45.617084781677576,45.03125,7.7421875,7.359375,0.0,8.08203125,8.08203125,8.08203125,0.0,0.0,0.0,2.495112746775256e+71,,1.4554687499999999,,41.52734375,1.0,7.35546875,0.0625,1.2132784803501424e-44,2.690032747710664e-44,0.0,0.0
vanilla-c10,H-adaptive-lambda-half,0.3,B,prefer-shallow,800,256,312.35546875,317.6796875,5.32421875,0.017045383489864063,5.0,10.0,12.0,16.0,19.0,19.0,1.0,,487.64453125,241.25390625,71.1015625,482.3203125,242.61328125,75.06640625,482.3203125,248.9453125,68.734375,488.1759838778205,240.67119623969128,71.15281988248354,482.9114245219178,241.92749286511454,75.16108261296291,75.06640625,8.46484375,8.05078125,0.0,8.8359375,8.8359375,8.8359375,0.0,0.0,0.0,1.811307800237139e+72,,1.597265625,,45.91796875,1.0,7.35546875,0.0,0.0,0.0,0.0,0.0
vanilla-c10,H-adaptive-lambda-half,0.3,B,prefer-shallow,2000,128,783.9609375,788.9375,4.9765625,0.006347972535302501,5.0,9.0,11.0,12.0,17.0,17.0,1.0,,1216.0390625,604.7578125,179.203125,1211.0625,605.7109375,183.2265625,1211.0625,612.03125,176.90625,1215.9165947929007,604.6966866318958,179.38671857522593,1210.740559759269,605.9140669847571,183.3453732559958,183.2265625,8.3984375,7.9921875,0.0,8.78125,8.78125,8.78125,0.0,0.0,0.0,1.7418915443597794e+72,,1.49296875,,44.671875,1.0,7.1953125,0.0,0.0,0.0,0.0,0.0
vanilla-c10,H-adaptive-lambda-half,0.3,B,prefer-shallow,10000,32,3935.3125,3939.9375,4.625,0.001175256094655761,4.0,8.0,10.0,10.0,10.0,10.0,1.0,,6064.6875,3025.8125,909.5,6060.0625,3026.15625,913.78125,6060.0625,3032.34375,907.59375,6067.811238987718,3031.305373816455,900.883387196715,6062.852026242313,3032.4291146820397,904.718859076534,913.78125,8.0,7.71875,0.0,8.5,8.5,8.5,0.0,0.0,0.0,3.1098551397316433e+72,,1.3875,,42.6875,1.0,7.59375,0.0,0.0,0.0,0.0,0.0
vanilla-c10,H-adaptive-lambda-half,0.5,A,prefer-shallow,100,256,38.296875,39.9140625,1.6171875,0.04222766217870257,1.0,4.0,5.0,8.0,11.0,11.0,0.90234375,,61.703125,29.65625,8.640625,60.0859375,29.9765625,9.9375,60.0859375,32.078125,7.8359375,61.96007930378072,29.41322466324877,8.626696032970603,60.25267181646047,29.779904964542727,9.967423218996876,9.9375,2.80078125,2.6875,0.0,3.0234375,3.0234375,1.42578125,1.59765625,3.0234375,3.0234375,2.745021431302778e+36,1.8695652173913044,0.80859375,3.739130434782609,13.59375,0.9783549783549783,6.668141592920354,0.12890625,1.6811860317279472e-13,7.175480008732686e-14,0.0,0.0
vanilla-c10,H-adaptive-lambda-half,0.5,A,prefer-shallow,476,256,185.625,193.76171875,8.13671875,0.04383417508417509,7.0,14.0,16.0,21.0,26.0,26.0,1.0,,290.375,143.03515625,42.58984375,282.23828125,144.671875,49.08984375,282.23828125,155.1640625,38.59765625,291.496170530133,142.5116033843501,41.99222608551507,283.0599754223906,144.33674910879697,48.60327546881103,49.08984375,13.6640625,13.09375,0.0,14.82421875,14.82421875,7.41015625,7.4140625,14.82421875,14.82421875,8.960034334787127e+71,1.8218915026404225,4.068359375,3.643783005280845,68.60546875,1.0,7.17578125,0.12109375,2.3556747233583924e-48,1.1670469882290835e-48,0.0,0.0
vanilla-c10,H-adaptive-lambda-half,0.5,A,prefer-shallow,800,256,313.7265625,322.65625,8.9296875,0.028463281619642903,8.0,16.0,17.0,21.0,28.0,28.0,1.0,,486.2734375,241.53125,72.1953125,477.34375,243.4453125,79.2109375,477.34375,254.7734375,67.8828125,488.12801686626693,240.70717154845238,71.16481158527604,478.9972707496526,242.6934550172713,78.30927423307129,79.2109375,14.75,14.13671875,0.00390625,16.046875,16.046875,8.03515625,8.01171875,16.046875,16.046875,3.273331118487576e+72,1.7970253718285214,4.46484375,3.594050743657043,74.07421875,1.0,7.17578125,0.0,0.0,0.0,0.0,0.0
vanilla-c10,H-adaptive-lambda-half,0.5,A,prefer-shallow,2000,128,785.25,794.2109375,8.9609375,0.011411572747532633,8.0,16.0,17.0,21.0,24.0,24.0,1.0,,1214.75,604.46875,180.78125,1205.7890625,606.5625,187.6484375,1205.7890625,617.7421875,176.46875,1215.9255026264416,604.6872055141226,179.3872918594581,1206.849475878748,606.689138994738,186.4613851265355,187.6484375,14.4921875,13.890625,0.0,15.625,15.625,7.7109375,7.9140625,15.625,15.625,3.4060772905884025e+72,1.7436791630340018,4.48046875,3.4873583260680037,74.421875,1.0,7.2265625,0.0,0.0,0.0,0.0,0.0
vanilla-c10,H-adaptive-lambda-half,0.5,A,prefer-shallow,10000,32,3929.21875,3937.96875,8.75,0.0022269057939316816,9.0,15.0,17.0,21.0,21.0,21.0,1.0,,6070.78125,3021.1875,908.03125,6062.03125,3023.78125,914.1875,6062.03125,3034.84375,903.125,6067.835682213437,3031.286161679425,900.878156108026,6059.247989719737,3033.2769585361466,907.4750517450013,914.1875,14.1875,13.75,0.0,15.28125,15.28125,7.75,7.53125,15.28125,15.28125,3.984133971295664e+72,1.7464285714285714,4.375,3.492857142857143,74.53125,1.0,6.90625,0.0,0.0,0.0,0.0,0.0
vanilla-c10,H-adaptive-lambda-half,0.5,B,prefer-shallow,100,256,38.23046875,39.77734375,1.546875,0.04046183713088791,1.0,4.0,5.0,7.0,10.0,10.0,0.8984375,,61.76953125,29.25,8.98046875,60.22265625,29.5546875,10.22265625,60.22265625,31.6640625,8.11328125,61.952836679870344,29.417179645864604,8.629983674265137,60.36917293613282,29.74322998797074,9.887597075896513,10.22265625,2.7734375,2.63671875,0.0,3.078125,3.078125,3.078125,0.0,0.0,0.0,2.5906045847645807e+36,,0.7734375,,13.15234375,0.9652173913043478,6.81981981981982,0.1328125,5.047915797937983e-15,1.5751442678339313e-14,0.0,0.0
vanilla-c10,H-adaptive-lambda-half,0.5,B,prefer-shallow,476,256,183.53125,191.71484375,8.18359375,0.04458964753958795,8.0,14.0,16.0,19.0,23.0,23.0,1.0,,292.46875,141.51953125,42.01171875,284.28515625,143.37109375,48.34375,284.28515625,153.3125,38.40234375,291.4704770136645,142.52693168895505,42.002591297378686,283.2184224390589,144.30557066590507,48.476006895034615,48.34375,13.12890625,12.5390625,0.0,14.33203125,14.33203125,14.33203125,0.0,0.0,0.0,9.585693282638563e+71,,4.091796875,,66.87890625,1.0,7.05078125,0.109375,1.671589428777149e-46,2.981006331157681e-47,0.0,0.0
vanilla-c10,H-adaptive-lambda-half,0.5,B,prefer-shallow,800,256,310.24609375,319.22265625,8.9765625,0.02893368419727283,9.0,15.0,16.0,23.0,23.0,23.0,1.0,,489.75390625,239.27734375,70.96875,480.77734375,241.26953125,77.953125,480.77734375,252.17578125,67.046875,488.1206989895327,240.71076610476726,71.16853490569542,479.1355598725856,242.66106521451076,78.20337491289887,77.953125,14.36328125,13.71484375,0.0,15.6328125,15.6328125,15.6328125,0.0,0.0,0.0,3.738403828448174e+72,,4.48828125,,73.23828125,1.0,7.05078125,0.0,0.0,0.0,0.0,0.0
vanilla-c10,H-adaptive-lambda-half,0.5,B,prefer-shallow,2000,128,782.765625,791.4765625,8.7109375,0.0111284108828872,9.0,14.0,16.0,20.0,23.0,23.0,1.0,,1217.234375,602.21875,180.546875,1208.5234375,604.15625,187.3203125,1208.5234375,614.9609375,176.515625,1215.8507096429055,604.7394454824653,179.4098448746514,1207.1693145647453,606.6731317307532,186.15755370452322,187.3203125,14.21875,13.578125,0.0,15.5,15.5,15.5,0.0,0.0,0.0,3.35319945273501e+72,,4.35546875,,72.5859375,1.0,6.8984375,0.0,0.0,0.0,0.0,0.0
vanilla-c10,H-adaptive-lambda-half,0.5,B,prefer-shallow,10000,32,3928.15625,3937.34375,9.1875,0.002338883541101503,9.0,15.0,20.0,23.0,23.0,23.0,1.0,,6071.84375,3016.40625,911.75,6062.65625,3019.0,918.34375,6062.65625,3029.65625,907.6875,6067.753344390302,3031.338726248605,900.9079293619814,6059.028613868611,3033.352756433215,907.6186296990595,918.34375,13.96875,13.46875,0.0,14.875,14.875,14.875,0.0,0.0,0.0,2.936950418558869e+72,,4.59375,,72.59375,1.0,6.25,0.0,0.0,0.0,0.0,0.0
c10-eclip,A-constant,0.1,A,prefer-shallow,100,256,1.890625,1.890625,0.0,0.0,0.0,0.0,0.0,0.0,0.0,0.0,0.0,,98.109375,1.8515625,0.0390625,98.109375,1.8515625,0.0390625,98.109375,1.8515625,0.0390625,98.00048137500825,1.9781179833844535,0.0214006416072456,98.00048137500825,1.9781179833844535,0.0214006416072456,0.0390625,0.0,0.0,0.0,0.0,0.0,0.0,0.0,0.0,0.0,0.0,,0.0,,0.0,,,0.0,0.0,0.0,0.0,0.0
c10-eclip,A-constant,0.1,A,prefer-shallow,476,256,5.19921875,5.19921875,0.0,0.0,0.0,0.0,0.0,0.0,0.0,0.0,0.0,,470.80078125,5.12890625,0.0703125,470.80078125,5.12890625,0.0703125,470.80078125,5.12890625,0.0703125,470.7362114036276,5.222782462626723,0.0410061337448475,470.7362114036276,5.222782462626723,0.0410061337448475,0.0703125,0.0,0.0,0.0,0.0,0.0,0.0,0.0,0.0,0.0,0.0,,0.0,,0.0,,,0.0,0.0,0.0,0.0,0.0
c10-eclip,A-constant,0.1,A,prefer-shallow,800,256,6.37109375,6.37109375,0.0,0.0,0.0,0.0,0.0,0.0,0.0,0.0,0.0,,793.62890625,6.296875,0.07421875,793.62890625,6.296875,0.07421875,793.62890625,6.296875,0.07421875,793.4733565431263,6.482347217724283,0.044296239149118864,793.4733565431263,6.482347217724283,0.044296239149118864,0.07421875,0.0,0.0,0.0,0.0,0.0,0.0,0.0,0.0,0.0,0.0,,0.0,,0.0,,,0.0,0.0,0.0,0.0,0.0
c10-eclip,A-constant,0.1,A,prefer-shallow,2000,128,8.46875,8.46875,0.0,0.0,0.0,0.0,0.0,0.0,0.0,0.0,0.0,,1991.53125,8.375,0.09375,1991.53125,8.375,0.09375,1991.53125,8.375,0.09375,1991.2491130403175,8.703780026555018,0.04710693312499729,1991.2491130403175,8.703780026555018,0.04710693312499729,0.09375,0.0,0.0,0.0,0.0,0.0,0.0,0.0,0.0,0.0,0.0,,0.0,,0.0,,,0.0,0.0,0.0,0.0,0.0
c10-eclip,A-constant,0.1,A,prefer-shallow,10000,32,12.6875,12.6875,0.0,0.0,0.0,0.0,0.0,0.0,0.0,0.0,0.0,,9987.3125,12.5625,0.125,9987.3125,12.5625,0.125,9987.3125,12.5625,0.125,9987.804425891882,12.149524669525807,0.046049438684292565,9987.804425891882,12.149524669525807,0.046049438684292565,0.125,0.0,0.0,0.0,0.0,0.0,0.0,0.0,0.0,0.0,0.0,,0.0,,0.0,,,0.0,0.0,0.0,0.0,0.0
c10-eclip,A-constant,0.1,B,prefer-shallow,100,256,1.99609375,1.99609375,0.0,0.0,0.0,0.0,0.0,0.0,0.0,0.0,0.0,,98.00390625,1.9765625,0.01953125,98.00390625,1.9765625,0.01953125,98.00390625,1.9765625,0.01953125,98.00458940676963,1.9740710881459018,0.021339505084410047,98.00458940676963,1.9740710881459018,0.021339505084410047,0.01953125,0.0,0.0,0.0,0.0,0.0,0.0,0.0,0.0,0.0,0.0,,0.0,,0.0,,,0.0,0.0,0.0,0.0,0.0
c10-eclip,A-constant,0.1,B,prefer-shallow,476,256,5.1484375,5.1484375,0.0,0.0,0.0,0.0,0.0,0.0,0.0,0.0,0.0,,470.8515625,5.11328125,0.03515625,470.8515625,5.11328125,0.03515625,470.8515625,5.11328125,0.03515625,470.7894491823012,5.170203950541176,0.040346867156943696,470.7894491823012,5.170203950541176,0.040346867156943696,0.03515625,0.0,0.0,0.0,0.0,0.0,0.0,0.0,0.0,0.0,0.0,,0.0,,0.0,,,0.0,0.0,0.0,0.0,0.0
c10-eclip,A-constant,0.1,B,prefer-shallow,800,256,6.47265625,6.47265625,0.0,0.0,0.0,0.0,0.0,0.0,0.0,0.0,0.0,,793.52734375,6.4375,0.03515625,793.52734375,6.4375,0.03515625,793.52734375,6.4375,0.03515625,793.531219816174,6.425117278743832,0.04366290508215207,793.531219816174,6.425117278743832,0.04366290508215207,0.03515625,0.0,0.0,0.0,0.0,0.0,0.0,0.0,0.0,0.0,0.0,,0.0,,0.0,,,0.0,0.0,0.0,0.0,0.0
c10-eclip,A-constant,0.1,B,prefer-shallow,2000,128,8.8984375,8.8984375,0.0,0.0,0.0,0.0,0.0,0.0,0.0,0.0,0.0,,1991.1015625,8.859375,0.0390625,1991.1015625,8.859375,0.0390625,1991.1015625,8.859375,0.0390625,1991.3456317193206,8.60881380371375,0.045554476963303135,1991.3456317193206,8.60881380371375,0.045554476963303135,0.0390625,0.0,0.0,0.0,0.0,0.0,0.0,0.0,0.0,0.0,0.0,,0.0,,0.0,,,0.0,0.0,0.0,0.0,0.0
c10-eclip,A-constant,0.1,B,prefer-shallow,10000,32,12.375,12.375,0.0,0.0,0.0,0.0,0.0,0.0,0.0,0.0,0.0,,9987.625,12.34375,0.03125,9987.625,12.34375,0.03125,9987.625,12.34375,0.03125,9988.350701990023,11.607530401204261,0.0417676086278237,9988.350701990023,11.607530401204261,0.0417676086278237,0.03125,0.0,0.0,0.0,0.0,0.0,0.0,0.0,0.0,0.0,0.0,,0.0,,0.0,,,0.0,0.0,0.0,0.0,0.0
c10-eclip,A-constant,0.3,A,prefer-shallow,100,256,1.95703125,1.95703125,0.0,0.0,0.0,0.0,0.0,0.0,0.0,0.0,0.0,,98.04296875,1.94921875,0.0078125,98.04296875,1.94921875,0.0078125,98.04296875,1.94921875,0.0078125,98.01394829442812,1.9647929866094829,0.02125871896234491,98.01394829442812,1.9647929866094829,0.02125871896234491,0.0078125,0.0,0.0,0.0,0.0,0.0,0.0,0.0,0.0,0.0,0.0,,0.0,,0.0,,,0.0,0.0,0.0,0.0,0.0
c10-eclip,A-constant,0.3,A,prefer-shallow,476,256,5.0546875,5.0546875,0.0,0.0,0.0,0.0,0.0,0.0,0.0,0.0,0.00390625,,470.9453125,5.0390625,0.015625,470.9453125,5.0390625,0.015625,470.9453125,5.04296875,0.01171875,470.9389790726853,5.021988227389215,0.03903269992483004,470.938242946919,5.022720602074364,0.03903645100598497,0.015625,0.00390625,0.00390625,0.0,0.00390625,0.00390625,0.0,0.00390625,0.00390625,0.00390625,2.110724704663905e+21,,0.0,,0.5546875,0.0,,0.00390625,0.0,2.6028877902313618e-09,0.0,0.0
c10-eclip,A-constant,0.3,A,prefer-shallow,800,256,6.2265625,6.234375,0.0078125,0.0012547051442910915,0.0,0.0,0.0,0.0,2.0,2.0,0.00390625,,793.7734375,6.2109375,0.015625,793.765625,6.21875,0.015625,793.765625,6.22265625,0.01171875,793.6781380351282,6.279555327595513,0.042306637276391675,793.6764254398038,6.281259383776352,0.04231517641996581,0.015625,0.00390625,0.00390625,0.0,0.00390625,0.00390625,0.0,0.00390625,0.00390625,0.00390625,2.110724704663905e+21,0.5,0.00234375,1.6666666666666667,1.65234375,1.0,423.0,0.0,0.0,0.0,0.0,0.0
c10-eclip,A-constant,0.3,A,prefer-shallow,2000,128,8.6171875,8.6328125,0.015625,0.001813236627379873,0.0,0.0,0.0,0.0,2.0,2.0,0.0078125,,1991.3828125,8.5859375,0.03125,1991.3671875,8.6015625,0.03125,1991.3671875,8.609375,0.0234375,1991.4549016301305,8.500548939943853,0.04454942992574104,1991.4514764394817,8.503957052305534,0.0445665082128893,0.03125,0.0078125,0.0078125,0.0,0.0078125,0.0078125,0.0,0.0078125,0.0078125,0.0078125,4.22144940932781e+21,0.5,0.0046875,1.6666666666666667,3.3046875,1.0,423.0,0.0,0.0,0.0,0.0,0.0
c10-eclip,A-constant,0.3,A,prefer-shallow,10000,32,12.1875,12.1875,0.0,0.0,0.0,0.0,0.0,0.0,0.0,0.0,0.0,,9987.8125,12.1875,0.0,9987.8125,12.1875,0.0,9987.8125,12.1875,0.0,9987.894459800893,12.05959978687604,0.04594041256817816,9987.894459800893,12.05959978687604,0.04594041256817816,0.0,0.0,0.0,0.0,0.0,0.0,0.0,0.0,0.0,0.0,0.0,,0.0,,0.0,,,0.0,0.0,0.0,0.0,0.0
c10-eclip,A-constant,0.3,B,prefer-shallow,100,256,1.82421875,1.82421875,0.0,0.0,0.0,0.0,0.0,0.0,0.0,0.0,0.0,,98.17578125,1.8046875,0.01953125,98.17578125,1.8046875,0.01953125,98.17578125,1.8046875,0.01953125,98.00655373726715,1.9720666020042974,0.021379660728487872,98.00655373726715,1.9720666020042974,0.021379660728487872,0.01953125,0.0,0.0,0.0,0.0,0.0,0.0,0.0,0.0,0.0,0.0,,0.0,,0.0,,,0.0,0.0,0.0,0.0,0.0
c10-eclip,A-constant,0.3,B,prefer-shallow,476,256,4.98828125,4.98828125,0.0,0.0,0.0,0.0,0.0,0.0,0.0,0.0,0.00390625,,471.01171875,4.95703125,0.03125,471.01171875,4.95703125,0.03125,471.01171875,4.9609375,0.02734375,470.7479382386197,5.210718365684406,0.04134339569536429,470.7477422732528,5.21091349599762,0.04134423074907316,0.03125,0.00390625,0.00390625,0.0,0.00390625,0.00390625,0.00390625,0.0,0.0,0.0,2.110724704663905e+21,,0.0,,0.09765625,1.0,25.0,0.0,0.0,0.0,0.0,0.0
c10-eclip,A-constant,0.3,B,prefer-shallow,800,256,6.2734375,6.2734375,0.0,0.0,0.0,0.0,0.0,0.0,0.0,0.0,0.00390625,,793.7265625,6.234375,0.0390625,793.7265625,6.234375,0.0390625,793.7265625,6.23828125,0.03515625,793.4520741225502,6.503168755250917,0.044757122198582765,793.4518781571833,6.503363885564132,0.04475795725229163,0.0390625,0.00390625,0.00390625,0.0,0.00390625,0.00390625,0.00390625,0.0,0.0,0.0,2.110724704663905e+21,,0.0,,0.09765625,1.0,25.0,0.0,0.0,0.0,0.0,0.0
c10-eclip,A-constant,0.3,B,prefer-shallow,2000,128,8.2734375,8.2734375,0.0,0.0,0.0,0.0,0.0,0.0,0.0,0.0,0.0078125,,1991.7265625,8.2109375,0.0625,1991.7265625,8.2109375,0.0625,1991.7265625,8.21875,0.0546875,1991.0750180548844,8.87588899587385,0.04909294924035478,1991.0746261241507,8.876279256500279,0.04909461934777252,0.0625,0.0078125,0.0078125,0.0,0.0078125,0.0078125,0.0078125,0.0,0.0,0.0,4.22144940932781e+21,,0.0,,0.1953125,1.0,25.0,0.0,0.0,0.0,0.0,0.0
c10-eclip,A-constant,0.3,B,prefer-shallow,10000,32,11.9375,11.9375,0.0,0.0,0.0,0.0,0.0,0.0,0.0,0.0,0.03125,,9988.0625,11.90625,0.03125,9988.0625,11.90625,0.03125,9988.0625,11.9375,0.0,9987.353469150796,12.595893685481618,0.050637163818747465,9987.35190142786,12.597454727987332,0.05064384424841843,0.03125,0.03125,0.03125,0.0,0.03125,0.03125,0.03125,0.0,0.0,0.0,1.688579763731124e+22,,0.0,,0.78125,1.0,25.0,0.0,0.0,0.0,0.0,0.0
c10-eclip,A-constant,0.5,A,prefer-shallow,100,256,1.98828125,1.98828125,0.0,0.0,0.0,0.0,0.0,0.0,0.0,0.0,0.00390625,,98.01171875,1.96484375,0.0234375,98.01171875,1.96484375,0.0234375,98.01171875,1.96875,0.01953125,98.00469455843557,1.9739547791859988,0.021350662378378186,98.00300276246219,1.975624084775412,0.021373152762353603,0.0234375,0.00390625,0.00390625,0.0,0.00390625,0.00390625,0.0,0.00390625,0.00390625,0.00390625,2.110724704663905e+21,,0.0,,0.2734375,0.0,,0.00390625,0.0,1.2324874367829883e-08,0.0,0.0
c10-eclip,A-constant,0.5,A,prefer-shallow,476,256,5.3125,5.31640625,0.00390625,0.0007352941176470588,0.0,0.0,0.0,0.0,1.0,1.0,0.00390625,,470.6875,5.28125,0.03125,470.68359375,5.28515625,0.03125,470.68359375,5.2890625,0.02734375,470.7947429581766,5.164378061667442,0.040878980155117026,470.79152344909966,5.167554981008663,0.04092156989086049,0.03125,0.00390625,0.00390625,0.0,0.00390625,0.00390625,0.0,0.00390625,0.00390625,0.00390625,2.110724704663905e+21,1.0,0.001953125,2.0,0.53125,1.0,136.0,0.0,0.0,0.0,0.0,0.0
c10-eclip,A-constant,0.5,A,prefer-shallow,800,256,6.5,6.50390625,0.00390625,0.0006009615384615385,0.0,0.0,0.0,0.0,1.0,1.0,0.00390625,,793.5,6.46875,0.03125,793.49609375,6.47265625,0.03125,793.49609375,6.4765625,0.02734375,793.5659987904933,6.3899564849812265,0.04404472452587985,793.5627792814163,6.393133404322447,0.04408731426162331,0.03125,0.00390625,0.00390625,0.0,0.00390625,0.00390625,0.0,0.00390625,0.00390625,0.00390625,2.110724704663905e+21,1.0,0.001953125,2.0,0.53125,1.0,136.0,0.0,0.0,0.0,0.0,0.0
c10-eclip,A-constant,0.5,A,prefer-shallow,2000,128,8.5625,8.5703125,0.0078125,0.0009124087591240876,0.0,0.0,0.0,0.0,1.0,1.0,0.0078125,,1991.4375,8.5390625,0.0234375,1991.4296875,8.546875,0.0234375,1991.4296875,8.5546875,0.015625,1991.1095431928895,8.842374289509284,0.04808251759955364,1991.1031041747356,8.848728128191725,0.04816769707104057,0.0234375,0.0078125,0.0078125,0.0,0.0078125,0.0078125,0.0,0.0078125,0.0078125,0.0078125,4.22144940932781e+21,1.0,0.00390625,2.0,1.0625,1.0,136.0,0.0,0.0,0.0,0.0,0.0
c10-eclip,A-constant,0.5,A,prefer-shallow,10000,32,12.5625,12.5625,0.0,0.0,0.0,0.0,0.0,0.0,0.0,0.0,0.0,,9987.4375,12.5625,0.0,9987.4375,12.5625,0.0,9987.4375,12.5625,0.0,9988.405861951574,11.551399252675635,0.04273879552349324,9988.405861951574,11.551399252675635,0.04273879552349324,0.0,0.0,0.0,0.0,0.0,0.0,0.0,0.0,0.0,0.0,0.0,,0.0,,0.0,,,0.0,0.0,0.0,0.0,0.0
c10-eclip,A-constant,0.5,B,prefer-shallow,100,256,2.09765625,2.09765625,0.0,0.0,0.0,0.0,0.0,0.0,0.0,0.0,0.0,,97.90234375,2.08203125,0.015625,97.90234375,2.08203125,0.015625,97.90234375,2.08203125,0.015625,98.03705369484929,1.9421019719572736,0.020844333193403675,98.03705369484929,1.9421019719572736,0.020844333193403675,0.015625,0.0,0.0,0.0,0.0,0.0,0.0,0.0,0.0,0.0,0.0,,0.0,,0.0,,,0.0,0.0,0.0,0.0,0.0
c10-eclip,A-constant,0.5,B,prefer-shallow,476,256,5.1640625,5.1640625,0.0,0.0,0.0,0.0,0.0,0.0,0.0,0.0,0.00390625,,470.8359375,5.12890625,0.03515625,470.8359375,5.12890625,0.03515625,470.8359375,5.1328125,0.03125,470.9253965201616,5.035331658326941,0.0392718215108847,470.92500751679927,5.035714337221144,0.0392781459790188,0.03515625,0.00390625,0.00390625,0.0,0.00390625,0.00390625,0.00390625,0.0,0.0,0.0,2.110724704663905e+21,,0.0,,0.59375,1.0,152.0,0.0,0.0,0.0,0.0,0.0
c10-eclip,A-constant,0.5,B,prefer-shallow,800,256,6.44140625,6.44140625,0.0,0.0,0.0,0.0,0.0,0.0,0.0,0.0,0.00390625,,793.55859375,6.40625,0.03515625,793.55859375,6.40625,0.03515625,793.55859375,6.41015625,0.03125,793.6594013676613,6.297936383275407,0.04266224906326597,793.6590123642989,6.298319062169611,0.042668573531400064,0.03515625,0.00390625,0.00390625,0.0,0.00390625,0.00390625,0.00390625,0.0,0.0,0.0,2.110724704663905e+21,,0.0,,0.59375,1.0,152.0,0.0,0.0,0.0,0.0,0.0
c10-eclip,A-constant,0.5,B,prefer-shallow,2000,128,8.578125,8.578125,0.0,0.0,0.0,0.0,0.0,0.0,0.0,0.0,0.0,,1991.421875,8.546875,0.03125,1991.421875,8.546875,0.03125,1991.421875,8.546875,0.03125,1991.5790394387977,8.376137261039087,0.04482330016186789,1991.5790394387977,8.376137261039087,0.04482330016186789,0.03125,0.0,0.0,0.0,0.0,0.0,0.0,0.0,0.0,0.0,0.0,,0.0,,0.0,,,0.0,0.0,0.0,0.0,0.0
c10-eclip,A-constant,0.5,B,prefer-shallow,10000,32,12.75,12.75,0.0,0.0,0.0,0.0,0.0,0.0,0.0,0.0,0.0,,9987.25,12.75,0.0,9987.25,12.75,0.0,9987.25,12.75,0.0,9986.238202621127,13.709220643636405,0.052576735115964314,9986.238202621127,13.709220643636405,0.052576735115964314,0.0,0.0,0.0,0.0,0.0,0.0,0.0,0.0,0.0,0.0,0.0,,0.0,,0.0,,,0.0,0.0,0.0,0.0,0.0
c10-eclip,D-growth-0.75,0.1,A,prefer-shallow,100,256,53.00390625,53.80078125,0.796875,0.015034269290294052,0.0,2.0,4.0,5.0,8.0,8.0,0.73046875,,46.99609375,29.859375,23.14453125,46.19921875,29.82421875,23.9765625,46.19921875,30.625,23.17578125,46.815549819255935,30.009570659355365,23.174879521388696,46.132682179872596,29.97619891871175,23.891118901415656,23.9765625,1.57421875,1.32421875,0.0,1.6015625,1.6015625,0.17578125,1.42578125,1.6015625,1.6015625,1.3878513989945626e+35,2.0098039215686274,0.07968750000000001,20.098039215686274,8.08984375,0.9358288770053476,6.8742857142857146,0.140625,2.812657962766323e-18,6.219204723896251e-18,0.0,0.0
c10-eclip,D-growth-0.75,0.1,A,prefer-shallow,476,256,305.98046875,309.05859375,3.078125,0.010059874123910073,3.0,6.0,8.0,10.0,15.0,15.0,0.99609375,,170.01953125,128.8984375,177.08203125,166.94140625,128.67578125,180.3828125,166.94140625,131.921875,177.13671875,169.80614407715848,128.79967572302922,177.39418019981227,166.67224424619488,128.67980977329754,180.64794598050756,180.3828125,6.796875,5.69140625,0.0,6.94921875,6.94921875,0.65625,6.29296875,6.94921875,6.94921875,2.9184119018508e+72,2.2576142131979697,0.30781250000000004,22.576142131979694,38.1875,1.0,7.2,0.0,0.0,0.0,0.0,0.0
c10-eclip,D-growth-0.75,0.1,A,prefer-shallow,800,256,629.98046875,633.05859375,3.078125,0.004886064176096729,3.0,6.0,8.0,10.0,15.0,15.0,0.99609375,,170.01953125,128.8984375,501.08203125,166.94140625,128.67578125,504.3828125,166.94140625,131.921875,501.13671875,169.80614407715848,128.79967572302922,501.3941801998123,166.67224424619488,128.67980977329754,504.6479459805076,504.3828125,6.796875,5.69140625,0.0,6.94921875,6.94921875,0.65625,6.29296875,6.94921875,6.94921875,2.9184119018508e+72,2.2576142131979697,0.30781250000000004,22.576142131979694,38.1875,1.0,7.2,0.0,0.0,0.0,0.0,0.0
c10-eclip,D-growth-0.75,0.1,A,prefer-shallow,2000,128,1829.9609375,1832.796875,2.8359375,0.0015497257028198178,3.0,5.0,6.0,9.0,9.0,9.0,0.9921875,,170.0390625,128.6328125,1701.328125,167.203125,128.5,1704.296875,167.203125,131.546875,1701.25,168.90110034396443,128.86687465785818,1702.2320249981774,165.98784108426142,128.74540930298397,1705.2667496127547,1704.296875,6.4375,5.3515625,0.0,6.5703125,6.5703125,0.5859375,5.984375,6.5703125,6.5703125,2.617299133886627e+72,2.316804407713499,0.28359375000000003,23.168044077134983,35.7890625,1.0,7.637795275590551,0.0,0.0,0.0,0.0,0.0
c10-eclip,D-growth-0.75,0.1,A,prefer-shallow,10000,32,9831.0625,9834.09375,3.03125,0.00030833391609503045,3.0,5.0,8.0,9.0,9.0,9.0,1.0,,168.9375,128.90625,9702.15625,165.90625,128.6875,9705.40625,165.90625,131.53125,9702.5625,169.65908142788643,128.2741679002775,9702.066750671836,166.65633887034684,128.18170172767802,9705.161959401976,9705.40625,6.3125,5.1875,0.0,6.40625,6.40625,0.5625,5.84375,6.40625,6.40625,1.4015869718004172e+72,2.11340206185567,0.30312500000000003,21.134020618556697,37.03125,1.0,9.90625,0.0,0.0,0.0,0.0,0.0
c10-eclip,D-growth-0.75,0.1,B,prefer-shallow,100,256,53.3671875,53.859375,0.4921875,0.00922266139657444,0.0,2.0,2.0,3.0,4.0,4.0,0.6953125,,46.6328125,30.08984375,23.27734375,46.140625,30.01171875,23.84765625,46.140625,30.69921875,23.16015625,46.774764578154695,29.968642151799582,23.25659327004573,46.22706497047085,29.96527238679244,23.807662642736716,23.84765625,1.4296875,1.18359375,0.0,1.47265625,1.47265625,1.47265625,0.0,0.0,0.0,8.72079500575973e+34,,0.049218750000000006,,7.30859375,0.949438202247191,7.621301775147929,0.08984375,1.9765531713891415e-18,2.859372449369682e-18,0.0,0.0
c10-eclip,D-growth-0.75,0.1,B,prefer-shallow,476,256,306.09765625,308.92578125,2.828125,0.009239289952910248,2.0,6.0,7.0,9.0,11.0,11.0,0.9921875,,169.90234375,128.44140625,177.65625,167.07421875,128.35546875,180.5703125,167.07421875,131.50390625,177.421875,170.09706536546256,128.91072705972752,176.9922075748099,167.32021297319875,128.86428913800708,179.81549788879414,180.5703125,6.45703125,5.39453125,0.0,6.69921875,6.69921875,6.69921875,0.0,0.0,0.0,3.4743866744944496e+72,,0.2828125,,34.5234375,1.0,7.515748031496063,0.0,0.0,0.0,0.0,0.0
c10-eclip,D-growth-0.75,0.1,B,prefer-shallow,800,256,630.09765625,632.92578125,2.828125,0.00448839155636837,2.0,6.0,7.0,9.0,11.0,11.0,0.9921875,,169.90234375,128.44140625,501.65625,167.07421875,128.35546875,504.5703125,167.07421875,131.50390625,501.421875,170.09706536546256,128.91072705972752,500.9922075748099,167.32021297319875,128.86428913800708,503.81549788879414,504.5703125,6.45703125,5.39453125,0.0,6.69921875,6.69921875,6.69921875,0.0,0.0,0.0,3.4743866744944496e+72,,0.2828125,,34.5234375,1.0,7.515748031496063,0.0,0.0,0.0,0.0,0.0
c10-eclip,D-growth-0.75,0.1,B,prefer-shallow,2000,128,1830.359375,1833.0546875,2.6953125,0.0014725591798058783,3.0,5.0,6.0,9.0,11.0,11.0,0.984375,,169.640625,128.8359375,1701.5234375,166.9453125,128.6171875,1704.4375,166.9453125,131.6015625,1701.453125,169.68024904072828,128.81446653188337,1701.5052844273882,166.9830980841574,128.7540340987163,1704.2628678171263,1704.4375,6.4609375,5.265625,0.0,6.6953125,6.6953125,6.6953125,0.0,0.0,0.0,3.4111741707401697e+72,,0.26953125,,33.6953125,1.0,7.873015873015873,0.0,0.0,0.0,0.0,0.0
c10-eclip,D-growth-0.75,0.1,B,prefer-shallow,10000,32,9831.25,9833.78125,2.53125,0.0002574698029243484,2.0,5.0,6.0,6.0,6.0,6.0,1.0,,168.75,130.25,9701.0,166.21875,130.125,9703.65625,166.21875,132.84375,9700.9375,169.45132175537003,128.30587155848204,9702.242806686148,166.93135627946216,128.19556184473,9704.873081875809,9703.65625,6.25,4.9375,0.0,6.5625,6.5625,6.5625,0.0,0.0,0.0,4.1552864869741705e+72,,0.253125,,32.25,1.0,8.09375,0.0,0.0,0.0,0.0,0.0
c10-eclip,D-growth-0.75,0.3,A,prefer-shallow,100,256,52.58203125,54.5,1.91796875,0.03647574474407548,2.0,4.0,5.0,8.0,9.0,9.0,0.98046875,,47.41796875,29.58203125,23.0,45.5,29.41796875,25.08203125,45.5,31.734375,22.765625,47.13363491071535,29.989932975421585,22.876432113863064,45.06609174900302,29.88221860216466,25.051689648832323,25.08203125,4.54296875,4.01953125,0.0,5.01953125,5.01953125,1.55859375,3.4609375,5.01953125,5.01953125,3.0588159983997177e+35,2.6171079429735236,0.5753906249999999,8.723693143245079,23.07421875,0.9880478087649402,8.899193548387096,0.265625,9.714980195497436e-18,1.1903682867099797e-17,0.0,0.0
c10-eclip,D-growth-0.75,0.3,A,prefer-shallow,476,256,305.734375,315.671875,9.9375,0.03250370521796903,10.0,15.0,18.0,22.0,26.0,26.0,1.0,,170.265625,129.15625,176.578125,160.328125,128.796875,186.875,160.328125,139.1953125,176.4765625,170.63059786239253,128.91485889053456,176.45454324707288,160.7546994270325,128.20803831092542,187.03726226204205,186.875,21.06640625,18.26171875,0.00390625,23.43359375,23.43359375,6.7890625,16.64453125,23.43359375,23.43359375,1.307775040537801e+73,2.3580974842767297,2.9812499999999997,7.860324947589099,107.8203125,1.0,8.90234375,0.0,0.0,0.0,0.0,0.0
c10-eclip,D-growth-0.75,0.3,A,prefer-shallow,800,256,629.734375,639.671875,9.9375,0.015780462992829317,10.0,15.0,18.0,22.0,26.0,26.0,1.0,,170.265625,129.15625,500.578125,160.328125,128.796875,510.875,160.328125,139.1953125,500.4765625,170.63059786239253,128.91485889053456,500.4545432470729,160.7546994270325,128.20803831092542,511.037262262042,510.875,21.06640625,18.26171875,0.00390625,23.43359375,23.43359375,6.7890625,16.64453125,23.43359375,23.43359375,1.307775040537801e+73,2.3580974842767297,2.9812499999999997,7.860324947589099,107.8203125,1.0,8.90234375,0.0,0.0,0.0,0.0,0.0
c10-eclip,D-growth-0.75,0.3,A,prefer-shallow,2000,128,1829.4375,1839.1875,9.75,0.005329507020600595,9.0,15.0,16.0,20.0,26.0,26.0,1.0,,170.5625,128.5,1700.9375,160.8125,127.890625,1711.296875,160.8125,138.4140625,1700.7734375,171.11410934786832,129.02241667534372,1699.8634739767879,161.39068521302414,128.32324665639604,1710.28606813058,1711.296875,21.09375,18.3125,0.0078125,23.3984375,23.3984375,6.859375,16.5390625,23.3984375,23.3984375,1.6799906094314846e+73,2.3998397435897436,2.925,7.999465811965813,107.4765625,1.0,9.1328125,0.0,0.0,0.0,0.0,0.0
c10-eclip,D-growth-0.75,0.3,A,prefer-shallow,10000,32,9828.34375,9838.28125,9.9375,0.0010111062710845863,9.0,15.0,15.0,19.0,19.0,19.0,1.0,,171.65625,126.46875,9701.875,161.71875,126.28125,9712.0,161.71875,137.59375,9700.6875,170.585670203657,129.33078476623425,9700.08354503011,160.21834353287207,128.9341452299647,9710.847511237163,9712.0,22.1875,19.25,0.03125,24.53125,24.53125,7.53125,17.0,24.53125,24.53125,2.2310840984462062e+73,2.4685534591194966,2.9812499999999997,8.228511530398324,113.9375,1.0,10.1875,0.0,0.0,0.0,0.0,0.0
c10-eclip,D-growth-0.75,0.3,B,prefer-shallow,100,256,52.890625,55.015625,2.125,0.04017725258493353,2.0,5.0,6.0,8.0,12.0,12.0,0.984375,,47.109375,29.75390625,23.13671875,44.984375,29.765625,25.25,44.984375,32.203125,22.8125,46.72961712904744,29.9710179405512,23.29936493040136,44.60437256147148,29.84234377701978,25.55328366150874,25.25,4.69140625,4.16015625,0.0,5.21484375,5.21484375,5.21484375,0.0,0.0,0.0,2.4677844893268803e+35,,0.6375,,23.4453125,0.9841269841269841,9.504032258064516,0.234375,5.082403870760822e-18,9.808779834103102e-18,0.0,0.0
c10-eclip,D-growth-0.75,0.3,B,prefer-shallow,476,256,305.8046875,314.87109375,9.06640625,0.029647702015686075,9.0,15.0,17.0,22.0,23.0,23.0,1.0,,170.1953125,128.90234375,176.90234375,161.12890625,127.9921875,186.87890625,161.12890625,138.515625,176.35546875,169.97739482059802,128.9400453533522,177.08255982604973,160.5317375961252,128.26924569608212,187.19901670779268,186.87890625,20.7734375,18.109375,0.0,23.109375,23.109375,23.109375,0.0,0.0,0.0,1.4111361646778208e+73,,2.719921875,,103.19921875,1.0,9.5859375,0.0,0.0,0.0,0.0,0.0
c10-eclip,D-growth-0.75,0.3,B,prefer-shallow,800,256,629.8046875,638.87109375,9.06640625,0.0143955839483967,9.0,15.0,17.0,22.0,23.0,23.0,1.0,,170.1953125,128.90234375,500.90234375,161.12890625,127.9921875,510.87890625,161.12890625,138.515625,500.35546875,169.97739482059802,128.9400453533522,501.08255982604976,160.5317375961252,128.26924569608212,511.1990167077927,510.87890625,20.7734375,18.109375,0.0,23.109375,23.109375,23.109375,0.0,0.0,0.0,1.4111361646778208e+73,,2.719921875,,103.19921875,1.0,9.5859375,0.0,0.0,0.0,0.0,0.0
c10-eclip,D-growth-0.75,0.3,B,prefer-shallow,2000,128,1830.4375,1839.75,9.3125,0.005087581520811281,9.0,15.0,17.0,23.0,23.0,23.0,1.0,,169.5625,128.2265625,1702.2109375,160.25,127.2421875,1712.5078125,160.25,137.8359375,1701.9140625,169.11439662692553,129.11659447930592,1701.7690088937686,159.44358717611695,128.3419054433524,1712.2145073805307,1712.5078125,21.1015625,18.3046875,0.0,23.546875,23.546875,23.546875,0.0,0.0,0.0,1.3281127985436279e+73,,2.7937499999999997,,105.5078125,1.0,9.984375,0.0,0.0,0.0,0.0,0.0
c10-eclip,D-growth-0.75,0.3,B,prefer-shallow,10000,32,9831.25,9839.90625,8.65625,0.000880483153210426,9.0,14.0,17.0,17.0,17.0,17.0,1.0,,168.75,130.15625,9701.09375,160.09375,129.09375,9710.8125,160.09375,139.0625,9700.84375,170.62531039723012,129.18361923014677,9700.191070372623,161.07832999063854,128.2335619181879,9710.688108091173,9710.8125,21.1875,18.125,0.0,24.0,24.0,24.0,0.0,0.0,0.0,1.1358021368808607e+73,,2.596875,,103.90625,1.0,9.46875,0.0,0.0,0.0,0.0,0.0
c10-eclip,D-growth-0.75,0.5,A,prefer-shallow,100,256,52.73828125,56.3515625,3.61328125,0.06851344344863343,3.0,8.0,9.0,12.0,13.0,13.0,1.0,,47.26171875,30.2578125,22.48046875,43.6484375,29.9921875,26.359375,43.6484375,34.1796875,22.171875,47.724637285603926,29.912605875307346,22.362756839088732,43.99501039047332,29.615421463424507,26.389568146102174,26.359375,7.76953125,6.99609375,0.0,9.37109375,9.37109375,4.69140625,4.6796875,9.37109375,9.37109375,5.202338734339321e+35,2.5935135135135137,1.806640625,5.187027027027027,35.93359375,0.9921875,10.866141732283465,0.4375,1.6256755625301246e-17,2.590950035610986e-17,0.0,0.0
c10-eclip,D-growth-0.75,0.5,A,prefer-shallow,476,256,305.16796875,322.6484375,17.48046875,0.05728146640553998,17.0,26.0,30.0,34.0,35.0,35.0,1.0,,170.83203125,128.47265625,176.6953125,153.3515625,126.74609375,195.90234375,153.3515625,145.9296875,176.71875,170.55001517040364,128.73210676892538,176.71787806067098,152.9393907647021,126.94714813725037,196.1134610980475,195.90234375,36.25390625,32.33984375,0.01171875,43.5625,43.5625,21.2109375,22.3515625,43.5625,43.5625,2.6136724645451562e+73,2.4920670391061455,8.740234375,4.984134078212291,166.86328125,1.0,11.09375,0.0,0.0,0.0,0.0,0.0
c10-eclip,D-growth-0.75,0.5,A,prefer-shallow,800,256,629.16796875,646.6484375,17.48046875,0.027783468991165166,17.0,26.0,30.0,34.0,35.0,35.0,1.0,,170.83203125,128.47265625,500.6953125,153.3515625,126.74609375,519.90234375,153.3515625,145.9296875,500.71875,170.55001517040364,128.73210676892538,500.71787806067096,152.9393907647021,126.94714813725037,520.1134610980475,519.90234375,36.25390625,32.33984375,0.01171875,43.5625,43.5625,21.2109375,22.3515625,43.5625,43.5625,2.6136724645451562e+73,2.4920670391061455,8.740234375,4.984134078212291,166.86328125,1.0,11.09375,0.0,0.0,0.0,0.0,0.0
c10-eclip,D-growth-0.75,0.5,A,prefer-shallow,2000,128,1829.2421875,1846.65625,17.4140625,0.009519823355812473,17.0,25.0,27.0,33.0,33.0,33.0,1.0,,170.7578125,128.1953125,1701.046875,153.34375,126.2578125,1720.3984375,153.34375,145.3359375,1701.3203125,170.44421094864956,128.78711261246298,1700.7686764388875,152.60199828183224,127.1600953850808,1720.237906333087,1720.3984375,36.21875,32.28125,0.0234375,43.28125,43.28125,21.1328125,22.1484375,43.28125,43.28125,2.1935626939662294e+73,2.4854194706146253,8.70703125,4.970838941229251,166.5390625,1.0,11.03125,0.0,0.0,0.0,0.0,0.0
c10-eclip,D-growth-0.75,0.5,A,prefer-shallow,10000,32,9828.59375,9845.46875,16.875,0.0017169292402588112,15.0,25.0,31.0,33.0,33.0,33.0,1.0,,171.40625,128.5,9700.09375,154.53125,126.34375,9719.125,154.53125,144.125,9701.34375,171.09585370821725,128.39050507558105,9700.513641216201,153.59365988495043,126.78138111123172,9719.624959003817,9719.125,35.59375,31.3125,0.0,43.15625,43.15625,20.9375,22.21875,43.15625,43.15625,3.4495843208121924e+73,2.5574074074074074,8.4375,5.114814814814815,167.15625,1.0,9.15625,0.0,0.0,0.0,0.0,0.0
c10-eclip,D-growth-0.75,0.5,B,prefer-shallow,100,256,53.296875,56.78515625,3.48828125,0.06545001465845793,3.0,7.0,8.0,11.0,13.0,13.0,1.0,,46.703125,30.3203125,22.9765625,43.21484375,29.859375,26.92578125,43.21484375,34.21484375,22.5703125,46.942653247986634,30.004874385153197,23.052472366860172,43.395063862155844,29.641998424853675,26.962937712990477,26.92578125,8.01953125,7.23046875,0.0,9.5,9.5,9.5,0.0,0.0,0.0,6.56103116476553e+35,,1.744140625,,35.6640625,1.0,9.8515625,0.53125,2.3110922751627217e-17,3.37646502970462e-17,0.0,0.0
c10-eclip,D-growth-0.75,0.5,B,prefer-shallow,476,256,305.69140625,323.21875,17.52734375,0.05733672387134697,17.0,25.0,28.0,35.0,39.0,39.0,1.0,,170.30859375,129.40234375,176.2890625,152.78125,127.43359375,195.78515625,152.78125,146.90625,176.3125,170.79804880818588,128.75785839763813,176.44409279417596,153.08080567988142,126.91230292237577,196.00689139774278,195.78515625,36.5703125,32.890625,0.0,44.37890625,44.37890625,44.37890625,0.0,0.0,0.0,2.6152716794194832e+73,,8.763671875,,165.41796875,1.0,9.8515625,0.0,0.0,0.0,0.0,0.0
c10-eclip,D-growth-0.75,0.5,B,prefer-shallow,800,256,629.69140625,647.21875,17.52734375,0.027834814920502975,17.0,25.0,28.0,35.0,39.0,39.0,1.0,,170.30859375,129.40234375,500.2890625,152.78125,127.43359375,519.78515625,152.78125,146.90625,500.3125,170.79804880818588,128.75785839763813,500.44409279417596,153.08080567988142,126.91230292237577,520.0068913977428,519.78515625,36.5703125,32.890625,0.0,44.37890625,44.37890625,44.37890625,0.0,0.0,0.0,2.6152716794194832e+73,,8.763671875,,165.41796875,1.0,9.8515625,0.0,0.0,0.0,0.0,0.0
c10-eclip,D-growth-0.75,0.5,B,prefer-shallow,2000,128,1829.90625,1846.671875,16.765625,0.00916201308127124,16.0,25.0,28.0,35.0,39.0,39.0,1.0,,170.09375,130.53125,1699.375,153.328125,128.2578125,1718.4140625,153.328125,147.7734375,1698.8984375,171.51498367398662,129.02795894498843,1699.457057381025,154.05297623422447,127.24986466200592,1718.6971591037695,1718.4140625,36.4921875,32.71875,0.0,44.34375,44.34375,44.34375,0.0,0.0,0.0,2.6264857556843432e+73,,8.3828125,,164.3203125,1.0,9.4609375,0.0,0.0,0.0,0.0,0.0
c10-eclip,D-growth-0.75,0.5,B,prefer-shallow,10000,32,9829.75,9846.8125,17.0625,0.0017358020295531423,16.0,24.0,28.0,28.0,28.0,28.0,1.0,,170.25,130.0625,9699.6875,153.1875,126.84375,9719.96875,153.1875,146.4375,9700.375,170.5601673891127,129.21459359971252,9700.225239011175,153.08574783102344,127.02808209846928,9719.886170070507,9719.96875,37.03125,33.09375,0.0,45.8125,45.8125,45.8125,0.0,0.0,0.0,2.4824651047659427e+73,,8.53125,,167.125,1.0,8.15625,0.0,0.0,0.0,0.0,0.0
c10-eclip,H-adaptive-lambda-half,0.1,A,prefer-shallow,100,256,38.3125,38.52734375,0.21484375,0.005607667210440457,0.0,1.0,2.0,3.0,5.0,5.0,0.296875,,61.6875,29.27734375,9.03515625,61.47265625,29.3515625,9.17578125,61.47265625,29.62890625,8.8984375,61.395546406571896,29.79476454601142,8.80968904741677,61.16638414363749,29.87134879344755,8.962267062915044,9.17578125,0.375,0.35546875,0.0,0.3828125,0.3828125,0.0390625,0.34375,0.3828125,0.3828125,3.938069235516262e+31,1.7818181818181817,0.021484375,17.818181818181817,3.640625,0.9210526315789473,10.814285714285715,0.03125,2.5512505585639163e-15,3.8317351078903987e-14,0.0,0.0
c10-eclip,H-adaptive-lambda-half,0.1,A,prefer-shallow,476,256,186.5546875,187.8046875,1.25,0.0067004480924661835,1.0,3.0,4.0,7.0,9.0,9.0,0.859375,,289.4453125,143.1953125,43.359375,288.1953125,143.5859375,44.21875,288.1953125,145.1875,42.6171875,289.4369322108573,143.84374340521447,42.71932438392635,288.17017000565954,144.26853492460737,43.56129506973133,44.21875,2.109375,1.9765625,0.0,2.1328125,2.1328125,0.1796875,1.953125,2.1328125,2.1328125,1.9899028447521941e+64,1.70625,0.125,17.0625,19.734375,0.9863636363636363,11.28110599078341,0.06640625,7.444230068475446e-39,6.076382866811788e-39,0.0,0.0
c10-eclip,H-adaptive-lambda-half,0.1,A,prefer-shallow,800,256,314.34375,316.1640625,1.8203125,0.005790834078934288,1.0,4.0,5.0,11.0,11.0,11.0,0.94140625,,485.65625,241.19921875,73.14453125,483.8359375,241.78125,74.3828125,483.8359375,244.06640625,72.09765625,485.94067955284663,242.1199911455916,71.93932930155698,484.09725212725004,242.74202702219304,73.1607208505522,74.3828125,3.03125,2.83203125,0.0,3.078125,3.078125,0.25390625,2.82421875,3.078125,3.078125,5.496819932129408e+71,1.6909871244635193,0.18203125,16.90987124463519,28.40625,1.0,11.336099585062241,0.0,0.0,0.0,0.0,0.0
c10-eclip,H-adaptive-lambda-half,0.1,A,prefer-shallow,2000,128,785.9375,787.765625,1.828125,0.0023260437375745525,1.0,4.0,5.0,7.0,11.0,11.0,0.9375,,1214.0625,603.875,182.0625,1212.234375,604.4609375,183.3046875,1212.234375,606.6328125,181.1328125,1213.7333460314328,606.1054588839193,180.16119508466986,1211.9683218530474,606.6975194567163,181.33415869025802,183.3046875,2.921875,2.7265625,0.0,2.96875,2.96875,0.265625,2.703125,2.96875,2.96875,6.757676375999822e+71,1.623931623931624,0.18281250000000002,16.23931623931624,27.5546875,1.0,12.283333333333333,0.0,0.0,0.0,0.0,0.0
c10-eclip,H-adaptive-lambda-half,0.1,A,prefer-shallow,10000,32,3940.625,3942.5,1.875,0.00047581284694686756,1.0,4.0,5.0,7.0,7.0,7.0,0.9375,,6059.375,3033.0,907.625,6057.5,3033.65625,908.84375,6057.5,3035.96875,906.53125,6065.677604936084,3032.679571041466,901.6428240233373,6063.9004757445055,3033.2673902957035,902.8321339606775,908.84375,3.03125,2.78125,0.0,3.0625,3.0625,0.3125,2.75,3.0625,3.0625,5.584918810560703e+71,1.6333333333333333,0.1875,16.333333333333332,26.46875,1.0,12.0,0.0,0.0,0.0,0.0,0.0
c10-eclip,H-adaptive-lambda-half,0.1,B,prefer-shallow,100,256,38.68359375,38.94921875,0.265625,0.00686660607896597,0.0,1.0,2.0,4.0,5.0,5.0,0.29296875,,61.31640625,29.9375,8.74609375,61.05078125,30.03125,8.91796875,61.05078125,30.34375,8.60546875,61.39564266507,29.794636505688125,8.809720829241963,61.127021058856585,29.881992646641045,8.990986294502454,8.91796875,0.38671875,0.35546875,0.0,0.3984375,0.3984375,0.3984375,0.0,0.0,0.0,8.949090906723622e+30,,0.026562500000000003,,3.4609375,0.96,10.333333333333334,0.01953125,2.2638279607313718e-15,7.490010104877023e-15,0.0,0.0
c10-eclip,H-adaptive-lambda-half,0.1,B,prefer-shallow,476,256,186.24609375,187.73828125,1.4921875,0.008011913001531073,1.0,4.0,5.0,7.0,7.0,7.0,0.90625,,289.75390625,142.96484375,43.28125,288.26171875,143.4296875,44.30859375,288.26171875,145.2734375,42.46484375,289.4370284693554,143.84361536489118,42.71935616575154,287.9220116108039,144.36061217405498,43.71737621513936,44.30859375,2.37109375,2.19921875,0.0,2.42578125,2.42578125,2.42578125,0.0,0.0,0.0,6.467321648250314e+62,,0.14921875,,21.82421875,0.9956896551724138,10.792207792207792,0.01953125,2.5487253397679654e-39,3.2897781538647453e-40,0.0,0.0
c10-eclip,H-adaptive-lambda-half,0.1,B,prefer-shallow,800,256,313.2265625,315.25,2.0234375,0.006459980545232335,1.0,5.0,7.0,8.0,11.0,11.0,0.96484375,,486.7734375,240.8046875,72.421875,484.75,241.48828125,73.76171875,484.75,243.98828125,71.26171875,485.94077581134474,242.1198631052683,71.93936108338217,483.9648917628332,242.7963700382824,73.23873819887967,73.76171875,3.15625,2.96484375,0.0,3.22265625,3.22265625,3.22265625,0.0,0.0,0.0,3.11647695838528e+71,,0.20234375000000002,,28.94140625,1.0,10.781376518218623,0.0,0.0,0.0,0.0,0.0
c10-eclip,H-adaptive-lambda-half,0.1,B,prefer-shallow,2000,128,784.5703125,786.5703125,2.0,0.0025491660443116753,1.0,5.0,6.0,8.0,10.0,10.0,0.9609375,,1215.4296875,603.625,180.9453125,1213.4296875,604.359375,182.2109375,1213.4296875,606.8515625,179.71875,1213.7347770347783,606.1043627118337,180.16086025341,1211.740460412291,606.7758603822258,181.48367920550513,182.2109375,3.0625,2.8984375,0.0,3.1171875,3.1171875,3.1171875,0.0,0.0,0.0,3.787594250090002e+71,,0.2,,28.09375,1.0,10.357723577235772,0.0,0.0,0.0,0.0,0.0
c10-eclip,H-adaptive-lambda-half,0.1,B,prefer-shallow,10000,32,3957.65625,3959.34375,1.6875,0.0004263887243870662,1.0,4.0,6.0,7.0,7.0,7.0,0.96875,,6042.34375,3049.59375,908.0625,6040.65625,3050.3125,909.03125,6040.65625,3052.46875,906.875,6065.686479285351,3032.6731803423086,901.6403403732272,6064.073348225843,3033.186828335363,902.7398234396808,909.03125,2.65625,2.5,0.0,2.6875,2.6875,2.6875,0.0,0.0,0.0,1.439453990817202e+71,,0.16875,,20.0,1.0,8.419354838709678,0.0,0.0,0.0,0.0,0.0
c10-eclip,H-adaptive-lambda-half,0.3,A,prefer-shallow,100,256,38.29296875,39.14453125,0.8515625,0.022238090380495765,0.0,3.0,4.0,6.0,7.0,7.0,0.69921875,,61.70703125,29.6875,8.60546875,60.85546875,30.015625,9.12890625,60.85546875,31.11328125,8.03125,61.39465506119085,29.795373917010828,8.8099710217984,60.588376639100275,30.066099258941275,9.34552410195852,9.12890625,1.42578125,1.3671875,0.0,1.46484375,1.46484375,0.40625,1.05859375,1.46484375,1.46484375,1.0902143306770878e+32,1.7201834862385321,0.25546874999999997,5.733944954128441,12.33984375,0.9162011173184358,11.420731707317072,0.18359375,2.478110100557314e-13,4.879690453642808e-13,0.0,0.0
c10-eclip,H-adaptive-lambda-half,0.3,A,prefer-shallow,476,256,186.66015625,191.078125,4.41796875,0.023668515224442816,4.0,8.0,9.0,14.0,19.0,19.0,1.0,,289.33984375,143.58984375,43.0703125,284.921875,144.921875,46.15625,284.921875,150.55859375,40.51953125,289.4360408654763,143.8443527762139,42.71960635830798,284.9046914054135,145.33143636296307,45.76387223162194,46.15625,7.203125,6.8515625,0.00390625,7.47265625,7.47265625,2.29296875,5.1796875,7.47265625,7.47265625,2.4147857943981075e+64,1.691423519009726,1.325390625,5.638078396699086,63.85546875,1.0,12.21875,0.16015625,4.5095030341747184e-38,1.3085083856299897e-37,0.0,0.0
c10-eclip,H-adaptive-lambda-half,0.3,A,prefer-shallow,800,256,314.55859375,320.8828125,6.32421875,0.020105057930880327,6.0,11.0,13.0,17.0,20.0,20.0,1.0,,485.44140625,242.43359375,72.125,479.1171875,244.5078125,76.375,479.1171875,252.33984375,68.54296875,485.9397882074656,242.12060051659103,71.9396112759386,479.588453222858,244.1941445234361,76.21740225370128,76.375,9.98046875,9.50390625,0.00390625,10.34765625,10.34765625,3.1875,7.16015625,10.34765625,10.34765625,1.359494790838809e+72,1.6361951822112415,1.897265625,5.453983940704139,88.36328125,1.0,12.21875,0.0,0.0,0.0,0.0,0.0
c10-eclip,H-adaptive-lambda-half,0.3,A,prefer-shallow,2000,128,787.953125,793.7421875,5.7890625,0.007346963056971187,5.0,10.0,13.0,17.0,18.0,18.0,1.0,,1212.046875,608.3671875,179.5859375,1206.2578125,610.5234375,183.21875,1206.2578125,618.09375,175.6484375,1213.7324291024302,606.106100941242,180.1614699563499,1208.0344630632596,608.0278189848002,183.9377179519618,183.21875,9.5,9.1015625,0.0,9.8515625,9.8515625,3.015625,6.8359375,9.8515625,9.8515625,1.5054595394949472e+72,1.7017543859649122,1.7367187499999999,5.672514619883041,82.03125,1.0,12.8203125,0.0,0.0,0.0,0.0,0.0
c10-eclip,H-adaptive-lambda-half,0.3,A,prefer-shallow,10000,32,3941.3125,3946.71875,5.40625,0.0013716877309271976,4.0,10.0,11.0,14.0,14.0,14.0,1.0,,6058.6875,3033.34375,907.96875,6053.28125,3035.625,911.09375,6053.28125,3042.78125,903.9375,6065.677822689916,3032.679474120705,901.6427031902667,6060.187659438136,3034.4758366213646,905.3365039413849,911.09375,9.15625,8.84375,0.0,9.59375,9.59375,2.90625,6.6875,9.59375,9.59375,1.941269930497212e+72,1.7745664739884393,1.621875,5.9152215799614645,77.21875,1.0,13.40625,0.0,0.0,0.0,0.0,0.0
c10-eclip,H-adaptive-lambda-half,0.3,B,prefer-shallow,100,256,38.51953125,39.51171875,0.9921875,0.025758036710272793,0.0,3.0,4.0,6.0,6.0,6.0,0.7109375,,61.48046875,29.4609375,9.05859375,60.48828125,29.89453125,9.6171875,60.48828125,31.0625,8.44921875,61.39715696619733,29.793677366785065,8.809165667017696,60.45892199275113,30.099648081481384,9.441429925767562,9.6171875,1.52734375,1.44921875,0.0,1.6015625,1.6015625,1.6015625,0.0,0.0,0.0,2.2887167082990105e+32,,0.29765625,,12.921875,0.967032967032967,11.642045454545455,0.10546875,1.7810205917976745e-13,1.8623205289955262e-13,0.0,0.0
c10-eclip,H-adaptive-lambda-half,0.3,B,prefer-shallow,476,256,186.4921875,190.8046875,4.3125,0.023124293075279627,4.0,9.0,10.0,11.0,11.0,11.0,1.0,,289.5078125,143.69921875,42.79296875,285.1953125,145.14453125,45.66015625,285.1953125,150.6484375,40.15625,289.43854277048274,143.84265622598812,42.718801003527275,284.99243809998165,145.30009400217529,45.70746789784152,45.66015625,7.16796875,6.7421875,0.0,7.46875,7.46875,7.46875,0.0,0.0,0.0,3.292224788944336e+63,,1.29375,,62.41015625,1.0,12.47265625,0.13671875,3.68810203982169e-39,3.365065296360283e-39,0.0,0.0
c10-eclip,H-adaptive-lambda-half,0.3,B,prefer-shallow,800,256,313.40234375,319.3359375,5.93359375,0.018932831449190463,5.0,11.0,12.0,14.0,16.0,16.0,1.0,,486.59765625,241.53125,71.87109375,480.6640625,243.3828125,75.953125,480.6640625,251.06640625,68.26953125,485.94229011247205,242.11890396636525,71.93880592115791,479.7990787754518,244.13807844114183,76.06284278340173,75.953125,9.9609375,9.38671875,0.0,10.375,10.375,10.375,0.0,0.0,0.0,1.8904261593305342e+72,,1.780078125,,86.8828125,1.0,12.47265625,0.0,0.0,0.0,0.0,0.0
c10-eclip,H-adaptive-lambda-half,0.3,B,prefer-shallow,2000,128,783.609375,789.546875,5.9375,0.0075771171063388565,6.0,11.0,11.0,14.0,16.0,16.0,1.0,,1216.390625,605.2265625,178.3828125,1210.453125,607.21875,182.328125,1210.453125,614.875,174.671875,1213.7322277529754,606.1061988062935,180.16157344075307,1207.607462599136,608.1159302365812,184.27660716430452,182.328125,9.921875,9.296875,0.0,10.390625,10.390625,10.390625,0.0,0.0,0.0,1.958497333955896e+72,,1.78125,,87.09375,1.0,13.6875,0.0,0.0,0.0,0.0,0.0
c10-eclip,H-adaptive-lambda-half,0.3,B,prefer-shallow,10000,32,3928.875,3934.65625,5.78125,0.0014714772040342336,6.0,11.0,11.0,11.0,11.0,11.0,1.0,,6071.125,3025.75,903.125,6065.34375,3027.625,907.03125,6065.34375,3035.40625,899.25,6065.677859476828,3032.6794142102044,901.6427263138545,6059.955922442088,3034.6101568685813,905.433920690216,907.03125,10.125,9.34375,0.0,10.375,10.375,10.375,0.0,0.0,0.0,2.035794386881232e+72,,1.734375,,82.25,1.0,12.125,0.0,0.0,0.0,0.0,0.0
c10-eclip,H-adaptive-lambda-half,0.5,A,prefer-shallow,100,256,38.5,39.93359375,1.43359375,0.037236201298701296,1.0,4.0,5.0,8.0,10.0,10.0,0.8984375,,61.5,29.58203125,8.91796875,60.06640625,30.02734375,9.90625,60.06640625,32.0078125,7.92578125,61.39623545815319,29.794268540337004,8.809496001509887,59.94598121665797,30.25530615857646,9.798712624765638,9.90625,2.43359375,2.3671875,0.0,2.6328125,2.6328125,1.29296875,1.33984375,2.6328125,2.6328125,3.598732650912963e+32,1.8365122615803815,0.716796875,3.673024523160763,18.91796875,0.9391304347826087,12.041666666666666,0.23828125,6.893800678198735e-13,4.5326072391665784e-13,0.0,0.0
c10-eclip,H-adaptive-lambda-half,0.5,A,prefer-shallow,476,256,186.7421875,194.19921875,7.45703125,0.03993222608040832,7.0,13.0,15.0,22.0,25.0,25.0,1.0,,289.2578125,143.703125,43.0390625,281.80078125,146.1640625,48.03515625,281.80078125,156.08203125,38.1171875,289.43762126243865,143.84324739954005,42.719131338019466,281.79865343561926,146.2478837697451,47.953462794634284,48.03515625,12.32421875,11.85546875,0.0,13.1953125,13.1953125,6.70703125,6.48828125,13.1953125,13.1953125,1.3742759911631864e+65,1.7695128339444735,3.728515625,3.539025667888947,100.3125,1.0,12.70703125,0.2109375,1.6062229243499046e-38,1.1668053852526699e-38,0.0,0.0
c10-eclip,H-adaptive-lambda-half,0.5,A,prefer-shallow,800,256,315.16015625,325.62890625,10.46875,0.03321723825931756,10.0,17.0,20.0,25.0,28.0,28.0,1.0,,484.83984375,243.24609375,71.9140625,474.37109375,246.59765625,79.03125,474.37109375,260.546875,65.08203125,485.94136860442796,242.11949513991718,71.9391362556501,475.1999385676845,245.48326986136783,79.31679157094311,79.03125,17.37109375,16.70703125,0.0,18.6015625,18.6015625,9.37890625,9.22265625,18.6015625,18.6015625,3.4541228544292735e+72,1.776865671641791,5.234375,3.553731343283582,140.21484375,1.0,12.70703125,0.0,0.0,0.0,0.0,0.0
c10-eclip,H-adaptive-lambda-half,0.5,A,prefer-shallow,2000,128,787.890625,798.890625,11.0,0.013961328705999008,10.0,18.0,20.0,27.0,28.0,28.0,1.0,,1212.109375,607.1484375,180.7421875,1201.109375,610.8828125,188.0078125,1201.109375,625.1171875,173.7734375,1213.7322673069934,606.1062066791121,180.16152601391656,1202.6682563431311,609.5226111288137,187.80913252807645,188.0078125,17.4453125,16.9140625,0.0,18.78125,18.78125,9.5625,9.21875,18.78125,18.78125,3.715927406485221e+72,1.7073863636363635,5.5,3.414772727272727,141.5078125,1.0,12.2421875,0.0,0.0,0.0,0.0,0.0
c10-eclip,H-adaptive-lambda-half,0.5,A,prefer-shallow,10000,32,3936.8125,3947.625,10.8125,0.0027465112956230452,11.0,17.0,20.0,22.0,22.0,22.0,1.0,,6063.1875,3042.5625,894.25,6052.375,3046.34375,901.28125,6052.375,3061.125,886.5,6065.674940398313,3032.6813116984918,901.6437479040832,6054.58992471786,3036.180682129791,909.2293931532325,901.28125,18.03125,17.59375,0.0,19.09375,19.09375,9.6875,9.40625,19.09375,19.09375,5.391994377923661e+72,1.7658959537572254,5.40625,3.531791907514451,144.65625,1.0,9.3125,0.0,0.0,0.0,0.0,0.0
c10-eclip,H-adaptive-lambda-half,0.5,B,prefer-shallow,100,256,38.00390625,39.37890625,1.375,0.036180491314626376,1.0,4.0,5.0,7.0,11.0,11.0,0.87109375,,61.99609375,29.6015625,8.40234375,60.62109375,29.9453125,9.43359375,60.62109375,31.828125,7.55078125,61.39492371356072,29.795130280667976,8.809946005771387,59.984800145350285,30.22101359659366,9.79418625805612,9.43359375,2.359375,2.2421875,0.0,2.55078125,2.55078125,2.55078125,0.0,0.0,0.0,3.938424478483634e+32,,0.6875,,17.77734375,0.9372197309417041,11.507177033492823,0.26171875,8.473156407843882e-13,5.935945526199205e-13,0.0,0.0
c10-eclip,H-adaptive-lambda-half,0.5,B,prefer-shallow,476,256,186.859375,194.8203125,7.9609375,0.04260389664687683,8.0,14.0,16.0,19.0,20.0,20.0,1.0,,289.140625,144.57421875,42.28515625,281.1796875,146.90625,47.9140625,281.1796875,156.88671875,37.93359375,289.43630951784615,143.84410913987102,42.71958134228096,281.51739273329946,146.28287531626933,48.199731950429864,47.9140625,12.61328125,12.1171875,0.0,13.5078125,13.5078125,13.5078125,0.0,0.0,0.0,8.266261377173957e+64,,3.98046875,,101.47265625,1.0,12.140625,0.25,2.2459099257113107e-37,5.495738554610058e-37,0.0,0.0
c10-eclip,H-adaptive-lambda-half,0.5,B,prefer-shallow,800,256,314.01953125,325.23828125,11.21875,0.035726280958837654,11.0,18.0,20.0,23.0,28.0,28.0,1.0,,485.98046875,242.0703125,71.94921875,474.76171875,245.59375,79.64453125,474.76171875,259.55859375,65.6796875,485.94005685983547,242.12035688024815,71.9395862599116,474.86016165163716,245.5575494185053,79.58228892985298,79.64453125,17.59765625,16.91015625,0.0,18.8671875,18.8671875,18.8671875,0.0,0.0,0.0,3.955844593100821e+72,,5.609375,,142.3671875,1.0,12.140625,0.0,0.0,0.0,0.0,0.0
c10-eclip,H-adaptive-lambda-half,0.5,B,prefer-shallow,2000,128,787.796875,798.921875,11.125,0.014121660485134573,11.0,18.0,20.0,22.0,23.0,23.0,1.0,,1212.203125,607.2578125,180.5390625,1201.078125,610.6796875,188.2421875,1201.078125,624.6640625,174.2578125,1213.7306608717604,606.1071300876341,180.16220904062737,1202.6152782320924,609.5233494640997,187.86137230382923,188.2421875,17.671875,17.046875,0.0,18.9765625,18.9765625,18.9765625,0.0,0.0,0.0,4.0455702739430715e+72,,5.5625,,143.421875,1.0,12.5703125,0.0,0.0,0.0,0.0,0.0
c10-eclip,H-adaptive-lambda-half,0.5,B,prefer-shallow,10000,32,3934.09375,3945.34375,11.25,0.002859616652500973,11.0,16.0,18.0,23.0,23.0,23.0,1.0,,6065.90625,3033.59375,900.5,6054.65625,3037.15625,908.1875,6054.65625,3050.375,894.96875,6065.677171022291,3032.679791963536,901.64303701506,6055.0054528551545,3036.007654484916,908.9868926608128,908.1875,17.15625,16.5,0.0,18.3125,18.3125,18.3125,0.0,0.0,0.0,3.2551761591311006e+72,,5.625,,138.90625,1.0,12.5625,0.0,0.0,0.0,0.0,0.0
