epoch,target,epoch_minimum,epoch_minimum_height,pre_g1,pre_g2,post_g1,post_g2,transition,deposit,ratio_g2_g1,q,lambda,canonical_k,qualifier_hashes,qualifier_heights,ownership,network_selection_opportunity
0,26959535291011309493156476344723991336010898738574164086137773096960,3857338712755543345253973973591186299193617950513887497584803401,1430,,,,,initialize-a,,,,,,,,unspecified,
1,26959535291011309493156476344723991336010898738574164086137773096960,22196314501187840792218844525263652093585624848119336967297003374,3330,,,8165567774762564395586499251453268775359881340032553143329137868,22196314501187840792218844525263652093585624848119336967297003374,initialize-b-clipped,,2.718281828459045235360287471,,,,,,unspecified,
2,26959535291011309493156476344723991336010898738574164086137773096960,36370633539262491523930694311833209246916398058090669190525100471,4132,8165567774762564395586499251453268775359881340032553143329137868,22196314501187840792218844525263652093585624848119336967297003374,8165567774762564395586499251453268775359881340032553143329137868,22196314501187840792218844525263652093585624848119336967297003374,neither,False,2.718281828459045235360287471,0.0008233196255644809313396532745,1.659812365137993557580741001,0,,,unspecified,False
3,26959535291011309493156476344723991336010898738574164086137773096960,6868518151248224874998890723736317850858477005754489745292472969,6476,8165567774762564395586499251453268775359881340032553143329137868,22196314501187840792218844525263652093585624848119336967297003374,6868518151248224874998890723736317850858477005754489745292472969,8165567774762564395586499251453268775359881340032553143329137868,unique-min,True,1.188839804300236868336750391,0.0008233196255644809313396532745,1.659812365137993557580741001,1,000000000010b24a122163f2037132d767e6c5bd4c0642d9669fd94845e93289,6476,unspecified,False
4,26959535291011309493156476344723991336010898738574164086137773096960,20517783918357704400686677744933765020661434804343970645277169829,8454,6868518151248224874998890723736317850858477005754489745292472969,8165567774762564395586499251453268775359881340032553143329137868,6868518151248224874998890723736317850858477005754489745292472969,8165567774762564395586499251453268775359881340032553143329137868,neither,False,1.188839804300236868336750391,0.0003028823637581423824983229812,0.6106108453364150431166191302,0,,,unspecified,False
5,26959535291011309493156476344723991336010898738574164086137773096960,931492028057003874395386344318560180212915791631271829169196872,11686,6868518151248224874998890723736317850858477005754489745292472969,8165567774762564395586499251453268775359881340032553143329137868,2526786619157105117027877339621716722609817530999190765092884627,6868518151248224874998890723736317850858477005754489745292472969,unique-min,True,2.718281828459045235360287471,0.0003028823637581423824983229812,0.6106108453364150431166191302,1,00000000000243ab3dd422f82638c9651cfc401ac763b2228f00f6abae334f48,11686,unspecified,False
6,26959535291011309493156476344723991336010898738574164086137773096960,10192553838334817559571043157983627904611964117464395858680544445,13768,2526786619157105117027877339621716722609817530999190765092884627,6868518151248224874998890723736317850858477005754489745292472969,2526786619157105117027877339621716722609817530999190765092884627,6868518151248224874998890723736317850858477005754489745292472969,neither,False,2.718281828459045235360287471,0.0002547713852300075070964310546,0.5136191126236951343064050060,0,,,unspecified,False
7,26959535291011309493156476344723991336010898738574164086137773096960,9322345749560249708843904736883192037821081860836032526737623747,14770,2526786619157105117027877339621716722609817530999190765092884627,6868518151248224874998890723736317850858477005754489745292472969,2526786619157105117027877339621716722609817530999190765092884627,6868518151248224874998890723736317850858477005754489745292472969,neither,False,2.718281828459045235360287471,0.0002547713852300075070964310546,0.5136191126236951343064050060,0,,,unspecified,False
8,26959535291011309493156476344723991336010898738574164086137773096960,38445173981382853873542555483918658077302324267901226426765385169,17344,2526786619157105117027877339621716722609817530999190765092884627,6868518151248224874998890723736317850858477005754489745292472969,2526786619157105117027877339621716722609817530999190765092884627,6868518151248224874998890723736317850858477005754489745292472969,neither,False,2.718281828459045235360287471,0.0002547713852300075070964310546,0.5136191126236951343064050060,0,,,unspecified,False
9,26959535291011309493156476344723991336010898738574164086137773096960,3326984640737501679386281359991296392201203020881805997928889842,18703,2526786619157105117027877339621716722609817530999190765092884627,6868518151248224874998890723736317850858477005754489745292472969,2526786619157105117027877339621716722609817530999190765092884627,3326984640737501679386281359991296392201203020881805997928889842,new-second,True,1.316686029407314811590457462,0.0002547713852300075070964310546,0.5136191126236951343064050060,2,00000000000816633b61ddf4d411169935a03ffc02495a6448d2d029590c3df2;00000000000bcae6934ca8f914b1724141ba708c6882657f6cba330965681e38,18703;19834,unspecified,True
10,26959535291011309493156476344723991336010898738574164086137773096960,11196363857430700920208899538706671917384959597516217274204905876,22018,2526786619157105117027877339621716722609817530999190765092884627,3326984640737501679386281359991296392201203020881805997928889842,2526786619157105117027877339621716722609817530999190765092884627,3326984640737501679386281359991296392201203020881805997928889842,neither,False,1.316686029407314811590457462,0.0001234066019619694791595185166,0.2487877095553304699855893294,0,,,unspecified,False
11,26959535291011309493156476344723991336010898738574164086137773096960,1565415003981129441392911171126354873809825239318232733315441298,23411,2526786619157105117027877339621716722609817530999190765092884627,3326984640737501679386281359991296392201203020881805997928889842,1565415003981129441392911171126354873809825239318232733315441298,2526786619157105117027877339621716722609817530999190765092884627,unique-min,True,1.614132107288505771571133402,0.0001234066019619694791595185166,0.2487877095553304699855893294,1,000000000003ce28ff7f9998c2f2a1fbd03fffcb4c13f65b6b82b40d4a272292,23411,unspecified,False
12,26959535291011309493156476344723991336010898738574164086137773096960,15413508001271756523872981995309447981429236986507491103598845091,26086,1565415003981129441392911171126354873809825239318232733315441298,2526786619157105117027877339621716722609817530999190765092884627,1565415003981129441392911171126354873809825239318232733315441298,2526786619157105117027877339621716722609817530999190765092884627,neither,False,1.614132107288505771571133402,0.00009372515482488941589637861117,0.1889499121269770624470992801,0,,,unspecified,False
13,26959535291011309493156476344723991336010898738574164086137773096960,2859056092730608650588601165456803074628174872043260428343959445,26561,1565415003981129441392911171126354873809825239318232733315441298,2526786619157105117027877339621716722609817530999190765092884627,1565415003981129441392911171126354873809825239318232733315441298,2526786619157105117027877339621716722609817530999190765092884627,neither,False,1.614132107288505771571133402,0.00009372515482488941589637861117,0.1889499121269770624470992801,0,,,unspecified,False
14,26959535291011309493156476344723991336010898738574164086137773096960,9246389020001048859573426808943386656278504945320844224023962322,29919,1565415003981129441392911171126354873809825239318232733315441298,2526786619157105117027877339621716722609817530999190765092884627,1565415003981129441392911171126354873809825239318232733315441298,2526786619157105117027877339621716722609817530999190765092884627,neither,False,1.614132107288505771571133402,0.00009372515482488941589637861117,0.1889499121269770624470992801,0,,,unspecified,False
15,26959535291011309493156476344723991336010898738574164086137773096960,9116643288173309462485879984994597954929775229404118424833090783,32044,1565415003981129441392911171126354873809825239318232733315441298,2526786619157105117027877339621716722609817530999190765092884627,1565415003981129441392911171126354873809825239318232733315441298,2526786619157105117027877339621716722609817530999190765092884627,neither,False,1.614132107288505771571133402,0.00009372515482488941589637861117,0.1889499121269770624470992801,0,,,unspecified,False
16,22791060871177364286867400663010583169263383106957897897309909286912,32648404744993313619288378643524939187481621719079391118291897711,33434,1565415003981129441392911171126354873809825239318232733315441298,2526786619157105117027877339621716722609817530999190765092884627,1565415003981129441392911171126354873809825239318232733315441298,2526786619157105117027877339621716722609817530999190765092884627,neither,False,1.614132107288505771571133402,0.0001108674419957605839278216000,0.2235087630634533371984883456,0,,,unspecified,False
17,20657664212610420653213483117824978239553266057163961604478437687296,4514270310937666647089735149785046133387366468783557046675501454,35219,1565415003981129441392911171126354873809825239318232733315441298,2526786619157105117027877339621716722609817530999190765092884627,1565415003981129441392911171126354873809825239318232733315441298,2526786619157105117027877339621716722609817530999190765092884627,neither,False,1.614132107288505771571133402,0.0001223171503395158489479283950,0.2465913750844639514790236443,0,,,unspecified,False
18,20055820920770189543295303139304627292355830414308479769458683936768,1049988913933594941949966789969470860571950113298555193475371516,37009,1565415003981129441392911171126354873809825239318232733315441298,2526786619157105117027877339621716722609817530999190765092884627,1049988913933594941949966789969470860571950113298555193475371516,1565415003981129441392911171126354873809825239318232733315441298,unique-min,True,1.490887173386034331680249253,0.0001259876935049971872657923058,0.2539911901060743295278372884,4,0000000000028d68e2724dbe8735ba01cb0cec40ad3bd58493106ecfe0d691fc;000000000003222c5128575d34825bb0bf353c58959ef6c0aef8d6aaac36327c;000000000003eff1587f404d431ae4c8c8d4b81f060c19801bcfca1a5c50c177;000000000005e1f0fabbae9932fedfeb52c191fc70234bb21aa27faa59691d44,37009;37382;37270;37342,unspecified,True
19,14823939180767414932263578623363531361763221729526512593941781544960,7519074844700125510723081419129613953802037791890890265890755835,39858,1049988913933594941949966789969470860571950113298555193475371516,1565415003981129441392911171126354873809825239318232733315441298,1049988913933594941949966789969470860571950113298555193475371516,1565415003981129441392911171126354873809825239318232733315441298,neither,False,1.490887173386034331680249253,0.0001056004739962843034812053820,0.2128905555765091558181100502,0,,,unspecified,False
20,10665477591887247494381404907447500979192021944764506987270680608768,1651577523891878027847341412692003275230813785708475994907023587,40476,1049988913933594941949966789969470860571950113298555193475371516,1565415003981129441392911171126354873809825239318232733315441298,1049988913933594941949966789969470860571950113298555193475371516,1565415003981129441392911171126354873809825239318232733315441298,neither,False,1.490887173386034331680249253,0.0001467740183685605159090259772,0.2958964210310180000725963700,0,,,unspecified,False
21,7129927859545590787920041835044506526699926406309469412482969763840,309507219570222157654829293010359969924187765860613612513380326,43011,1049988913933594941949966789969470860571950113298555193475371516,1565415003981129441392911171126354873809825239318232733315441298,386269334894100555419319346037768029933462290621508939945613329,1049988913933594941949966789969470860571950113298555193475371516,unique-min,True,2.718281828459045235360287471,0.0002195555179265022032497394956,0.4426239241398284417514748232,1,000000000000c09b5844620bdec4d533107844efea128a6ec6326dd92f6dc7e6,43011,unspecified,False
22,5949911473257063494842414979623989957440207170696926280907451531264,2701647212100370861013153712626148695092046707072248392804784425,45638,386269334894100555419319346037768029933462290621508939945613329,1049988913933594941949966789969470860571950113298555193475371516,386269334894100555419319346037768029933462290621508939945613329,1049988913933594941949966789969470860571950113298555193475371516,neither,False,2.718281828459045235360287471,0.0001764713506499982507911705461,0.3557662429103964735949998210,0,,,unspecified,False
23,5905492491837656485645884063467495540781288435542782321354050895872,6053067774439263699396713469131854541020463891550582459985658459,46628,386269334894100555419319346037768029933462290621508939945613329,1049988913933594941949966789969470860571950113298555193475371516,386269334894100555419319346037768029933462290621508939945613329,1049988913933594941949966789969470860571950113298555193475371516,neither,False,2.718281828459045235360287471,0.0001777987044069311820693102388,0.3584421880843732630517294415,0,,,unspecified,False
24,4430143390146946405787502162943966061454423600514874825749833973760,398703787641718174594659538255963405145859925952655564840470303,50314,386269334894100555419319346037768029933462290621508939945613329,1049988913933594941949966789969470860571950113298555193475371516,386269334894100555419319346037768029933462290621508939945613329,398703787641718174594659538255963405145859925952655564840470303,new-second,True,1.032191146498923202666324734,0.0002370101419897307552948958406,0.4778124462512972026745100148,2,000000000000f81d2d8b0ce0911b25c380a30398f740d6806834167e27d1871f;000000000001af5ec05c35ae5fb542732122839c00ad4ffe8043d747eaba7898,50314;48615,unspecified,True
25,3447600406241317909690675945127070282093452846402311540118831235072,1491082559340194391481006113885131971822964627816163043572322225,51952,386269334894100555419319346037768029933462290621508939945613329,398703787641718174594659538255963405145859925952655564840470303,386269334894100555419319346037768029933462290621508939945613329,398703787641718174594659538255963405145859925952655564840470303,neither,False,1.032191146498923202666324734,0.0001156467515550613211776246706,0.2331438511350036234940913359,0,,,unspecified,False
26,2351604382534916182160036119666703740669209516522695514729880748032,1394440931418869444694502824466643903633238060345743134358715276,53692,386269334894100555419319346037768029933462290621508939945613329,398703787641718174594659538255963405145859925952655564840470303,386269334894100555419319346037768029933462290621508939945613329,398703787641718174594659538255963405145859925952655564840470303,neither,False,1.032191146498923202666324734,0.0001695454348541121139481848294,0.3418035966658900217195406161,0,,,unspecified,False
27,2098151686442211199940455690614286210348997571531298297574806519808,291294114190283069630871810297646705120497703302853918925161434,55593,386269334894100555419319346037768029933462290621508939945613329,398703787641718174594659538255963405145859925952655564840470303,291294114190283069630871810297646705120497703302853918925161434,386269334894100555419319346037768029933462290621508939945613329,unique-min,True,1.326045793845928830869578726,0.0001900261979236550114664672180,0.3830928150140885031163979115,1,000000000000b545d467b95ad844b8c718f9b76e9426e4efab7e097ca09a83da,55593,unspecified,False
28,2275790652544821279950241890112140030244814501479017131553197129728,1402512810606278733750596373811023235674880215715260047349487546,56758,291294114190283069630871810297646705120497703302853918925161434,386269334894100555419319346037768029933462290621508939945613329,291294114190283069630871810297646705120497703302853918925161434,386269334894100555419319346037768029933462290621508939945613329,neither,False,1.326045793845928830869578726,0.0001697297308353774652115843899,0.3421751373641209698665541301,0,,,unspecified,False
29,1622203955679450683159610732218403647246163922223729367236739072000,256504973721886974571032644602212583296932206772138563793897041,60040,291294114190283069630871810297646705120497703302853918925161434,386269334894100555419319346037768029933462290621508939945613329,256504973721886974571032644602212583296932206772138563793897041,291294114190283069630871810297646705120497703302853918925161434,unique-min,True,1.135627547347740253115831293,0.0002381139150485636025771884472,0.4800376527379042227956119095,2,0000000000009f9f9991befc49dc787a190206d1dd32467b687e32157d48c651;000000000000b775469bf0161dcda5958a114c60d5ee1a16a081e45c010d70e8,60040;58970,unspecified,True
30,1551048739079662593758612650769536967206480773659027300489594142720,37670094100254190824844625878992154354875557412862966526794103,61068,256504973721886974571032644602212583296932206772138563793897041,291294114190283069630871810297646705120497703302853918925161434,94362906390503277866051824525164026635549157805116629904227484,256504973721886974571032644602212583296932206772138563793897041,unique-min,True,2.718281828459045235360287471,0.0001878046168704709328486985685,0.3786141076108694006229763141,1,000000000000177131355902f9a7a9d94d1f57aba9ef4430bb01123190325977,61068,unspecified,False
31,1389323280429349294447518501872137680563441219958739463959193059328,120609841907186578160624578467058918583427224727242525647576902,63048,94362906390503277866051824525164026635549157805116629904227484,256504973721886974571032644602212583296932206772138563793897041,94362906390503277866051824525164026635549157805116629904227484,120609841907186578160624578467058918583427224727242525647576902,new-second,True,1.278148867183734845179473403,0.0001846258371504564449921991663,0.3722056876953201931042735192,1,0000000000004b0e41a07353bbc38b644df42c26cb819e94c381a5783a281f46,63048,unspecified,False
32,1147152896345386682952518188670047452875537662186691235300769792000,297268162747583661276165122677045971158416997635484274015407156,65886,94362906390503277866051824525164026635549157805116629904227484,120609841907186578160624578467058918583427224727242525647576902,94362906390503277866051824525164026635549157805116629904227484,120609841907186578160624578467058918583427224727242525647576902,neither,False,1.278148867183734845179473403,0.0001051384190297795912647524623,0.2119590527640356559897409639,0,,,unspecified,False
33,594007861936424273334637371358095438347537381057796937154824241152,247774743152858573765060274373667844011084562367027358832797219,66997,94362906390503277866051824525164026635549157805116629904227484,120609841907186578160624578467058918583427224727242525647576902,94362906390503277866051824525164026635549157805116629904227484,120609841907186578160624578467058918583427224727242525647576902,neither,False,1.278148867183734845179473403,0.0002030441844894222287830856156,0.4093370759306752132267006011,0,,,unspecified,False
34,148501965484106068333659342839523859586884345264449234288706060288,79780010462417563489560590902529856414686783958388746275620371,69446,94362906390503277866051824525164026635549157805116629904227484,120609841907186578160624578467058918583427224727242525647576902,79780010462417563489560590902529856414686783958388746275620371,94362906390503277866051824525164026635549157805116629904227484,unique-min,True,1.182788844518331625444170787,0.0008121767379576889151323424625,1.637348303722700852906802405,2,00000000000031a5b05df6bc5e585bd69016aab365e9fd8bdaef265094198613;00000000000038b590326c45134b260011c9997d9633c04415b17b13af80a35c,69446;69129,unspecified,True
35,110393429764504113949181711819653188468070301266890302199533928448,75097868263358893692264649001666853149799932669383560656905880,71253,79780010462417563489560590902529856414686783958388746275620371,94362906390503277866051824525164026635549157805116629904227484,75097868263358893692264649001666853149799932669383560656905880,79780010462417563489560590902529856414686783958388746275620371,unique-min,True,1.062347205151536110502933698,0.0008547873418898405487484496897,1.723251281249918546276874574,1,0000000000002ebbc7d88175555a0941f76cb113a305bdc5631f66b0c1e0e698,71253,unspecified,False
36,76554528428498296726819074079132986384157750623812250673757552640,1977001647326197632819774152025058243573992905097744200096548,73373,75097868263358893692264649001666853149799932669383560656905880,79780010462417563489560590902529856414686783958388746275620371,27626961809891063475833798728672729363853427172494316251339001,75097868263358893692264649001666853149799932669383560656905880,unique-min,True,2.718281828459045235360287471,0.001042133131770667981432054028,2.100940393649666650567020921,3,000000000000013af45c4ac4814ab12a69a6e65a40db0e1e3844fcb2ecaddb24;000000000000117a3393b93186cbfae7469e2008cb1ebc3e09530b0c77f40f42;0000000000001aeb6333dd07114dd4baf7e992a52272f75f81466c5d951047c9,73373;73708;73998,unspecified,True
37,52678642966898219212816601311127992435882858542187514726849708032,7373369962077059134556911514387136090145994389338915963380463,75382,27626961809891063475833798728672729363853427172494316251339001,75097868263358893692264649001666853149799932669383560656905880,10163391271887503173703852019798930843764341453814845019748596,27626961809891063475833798728672729363853427172494316251339001,unique-min,True,2.718281828459045235360287471,0.001425584715812597648892595797,2.873978787078196860167473126,3,0000000000000496a5465517e8b4c30e8dd6619b2721fe6bbb74c75a0c23a2ef;00000000000020f6ff523500e63e197bed4eb28b23f670b494e24f3a471e287f;0000000000002ac515484367561e5a9a82f82473d9e402354d7a6329a307c5aa,75382;75930;75627,unspecified,True
38,43246870766561725070861386869077695524372774526710079316876591104,19883237859610916209374846005695218208828703418829580082937927,78371,10163391271887503173703852019798930843764341453814845019748596,27626961809891063475833798728672729363853427172494316251339001,10163391271887503173703852019798930843764341453814845019748596,19883237859610916209374846005695218208828703418829580082937927,new-second,True,1.956358594065845027156251321,0.0006388199035027546788278773829,1.287860925461553432517000804,2,0000000000000c5f9521598981f352e39c05a6c09989cf343955cb938f610047;0000000000000f5eabeb6f8b6cdfe20222ae7f6e91f5f378d98d9fde3603bd67,78371;77925,unspecified,True
39,37817516728945957090904676150631917288430706594442690521085247488,3342264548031500888453475867734264615319015108860282366513304,80184,10163391271887503173703852019798930843764341453814845019748596,19883237859610916209374846005695218208828703418829580082937927,3738902701508689077363975663445537044957775692218794292248256,10163391271887503173703852019798930843764341453814845019748596,unique-min,True,2.718281828459045235360287471,0.0005257679398180066113021502152,1.059948166673101328385134834,1,000000000000021474160fc5559ffaa94c7f7e53f9bb5fbb7179974f5bd6d098,80184,unspecified,False
40,29373101246077110899697012205905070265841442578602225419818106880,8155697022428019745895051849229302769686120226824961954828406,81308,3738902701508689077363975663445537044957775692218794292248256,10163391271887503173703852019798930843764341453814845019748596,3738902701508689077363975663445537044957775692218794292248256,8155697022428019745895051849229302769686120226824961954828406,new-second,True,2.181307638505036447541653292,0.0003460101535327279285360293291,0.6975564695219795039286351274,1,00000000000005134709f3bfe667a307202d7e23d001142afbd03e9a7c225076,81308,unspecified,False
41,20444488966645742314409346972440253478913291170842138088329707520,11454956287181942732449630478988818170398016179205695751854225,83275,3738902701508689077363975663445537044957775692218794292248256,8155697022428019745895051849229302769686120226824961954828406,3738902701508689077363975663445537044957775692218794292248256,8155697022428019745895051849229302769686120226824961954828406,neither,False,2.181307638505036447541653292,0.0003989190943209033013041755856,0.8042208941509410554292179806,0,,,unspecified,False
42,19563849255781403323327768731100757126732627316116500830377476096,5074449972607912005637169479605599533111997437631415592303898,86431,3738902701508689077363975663445537044957775692218794292248256,8155697022428019745895051849229302769686120226824961954828406,3738902701508689077363975663445537044957775692218794292248256,5074449972607912005637169479605599533111997437631415592303898,new-second,True,1.357203002517373522443794988,0.0004168758875515201643761122294,0.8404217893038646513822422545,1,00000000000003286811b9ea2c249ee89c4cf1c39087b876a827af8ce9c23d1a,86431,unspecified,False
43,12545026348036226200394850922278603223904369245268262607334146048,32075257657655116687296106352731608870330633659275225940020585,88072,3738902701508689077363975663445537044957775692218794292248256,5074449972607912005637169479605599533111997437631415592303898,3738902701508689077363975663445537044957775692218794292248256,5074449972607912005637169479605599533111997437631415592303898,neither,False,1.357203002517373522443794988,0.0004044989489720965347829973113,0.8154698811277466141225225796,0,,,unspecified,False
44,8719867261221084516486306056196045840260667577454435863762042880,618449065430873501327906809422022547298045046190308237890823,89665,3738902701508689077363975663445537044957775692218794292248256,5074449972607912005637169479605599533111997437631415592303898,1375465436425412553789890410765902532163172156261156427641794,3738902701508689077363975663445537044957775692218794292248256,unique-min,True,2.718281828459045235360287471,0.0005819411948132468043034376154,1.173193448743505557475730233,4,0000000000000062864d8512b92b2f6a0c2a9edcda82aae03063879b3869d507;00000000000000707bb468b0da76c6bf56f2325a1b4fe30daf49fd051a13f02c;00000000000002613d71e358030bdfd627634bb84cfd5017dc04c425c6484d42;00000000000002bf86e38fa4ec0f48d375b68cc251d2a125d816e96a0455e981,89665;89959;90427;90260,unspecified,True
45,5942996718418989293499865695368015163438891473576991811912597504,499841086082033462563690790966992541793027504953168342051868,91940,1375465436425412553789890410765902532163172156261156427641794,3738902701508689077363975663445537044957775692218794292248256,506005456102814796177780349794937614095283630387626292872297,1375465436425412553789890410765902532163172156261156427641794,unique-min,True,2.718281828459045235360287471,0.0006291275056438776563115232392,1.268321051378057355124030850,3,000000000000004fa1186f88c245f89757b74b7ef1fa87302ab340b635686c1c;0000000000000179d8110fc57982af1ba17248abdabe368b6cac06b38ab426cb;00000000000001e38e03a2b8fc28147a0ac1086f982c4a5a02ba1ce7f8fe644d,91940;91193;91284,unspecified,True
46,3926013280397599483741094494745234959951218212740030386090803200,10873399711833366775237580746772158526504262170211544095081719,94330,506005456102814796177780349794937614095283630387626292872297,1375465436425412553789890410765902532163172156261156427641794,506005456102814796177780349794937614095283630387626292872297,1375465436425412553789890410765902532163172156261156427641794,neither,False,2.718281828459045235360287471,0.0003503466081719710645630498728,0.7062987620746936661591085435,0,,,unspecified,False
47,3337321571246095014985518819479127172783474909736415373333364736,2289183420156765050240857477924970978449241916538081518241947,96128,506005456102814796177780349794937614095283630387626292872297,1375465436425412553789890410765902532163172156261156427641794,506005456102814796177780349794937614095283630387626292872297,1375465436425412553789890410765902532163172156261156427641794,neither,False,2.718281828459045235360287471,0.0004121465094272706968866911612,0.8308873630053777249235693810,0,,,unspecified,False
48,2200419182034594781720344474937177839165432393990533906392154112,1548334185959269425889951224162946827002236287778615943316377,98378,506005456102814796177780349794937614095283630387626292872297,1375465436425412553789890410765902532163172156261156427641794,506005456102814796177780349794937614095283630387626292872297,1375465436425412553789890410765902532163172156261156427641794,neither,False,2.718281828459045235360287471,0.0006250924585894596226211022857,1.260186396516350599204142208,0,,,unspecified,False
49,1861311314983800126815643622927230076368334845814253369901973504,1208809089261672952867593775996331668547428149634860413699075,100120,506005456102814796177780349794937614095283630387626292872297,1375465436425412553789890410765902532163172156261156427641794,506005456102814796177780349794937614095283630387626292872297,1208809089261672952867593775996331668547428149634860413699075,new-second,True,2.388925009962849323277378913,0.0007389765620359879885977510857,1.489776749064551785013066189,1,00000000000000c0930bc3046ce0fab487933b847c7226bdf0e86f4a7c094403,100120,unspecified,False
50,1653206561150525499452195696179626311675293455763937233695932416,51513992047619721142253113510155838889202293428317283079697,101777,506005456102814796177780349794937614095283630387626292872297,1208809089261672952867593775996331668547428149634860413699075,186149004420804295878679231933824560806529768260682405117094,506005456102814796177780349794937614095283630387626292872297,unique-min,True,2.718281828459045235360287471,0.0007311905950944324393751641666,1.474080239710375797780330960,2,000000000000000834e72c05564b54cc21ac27fb0cbe4ec686bfe607273ad611;000000000000004e4bb69992d9de8d7fb6474f2b2328a9ef24178dfb36f310a2,101777;102750,unspecified,True
51,1462200632444444190489436459820840230299714881944341127503020032,2093311665446566232350850259008609513785006820001071789162324,104011,186149004420804295878679231933824560806529768260682405117094,506005456102814796177780349794937614095283630387626292872297,186149004420804295878679231933824560806529768260682405117094,506005456102814796177780349794937614095283630387626292872297,neither,False,2.718281828459045235360287471,0.0003460574731505187604518681036,0.6976518658714458210709660967,0,,,unspecified,False
52,1224744150896501443874292381730317417444978877835711165914677248,570030706869195039872775931928812767507653418357947531627534,104995,186149004420804295878679231933824560806529768260682405117094,506005456102814796177780349794937614095283630387626292872297,186149004420804295878679231933824560806529768260682405117094,506005456102814796177780349794937614095283630387626292872297,neither,False,2.718281828459045235360287471,0.0004131519678884961078819917678,0.8329143672632081534900954037,0,,,unspecified,False
53,1036989760889350435547200084292752907272941324136347429599444992,539069778679505926481340982304209466954827537084447978194827,107249,186149004420804295878679231933824560806529768260682405117094,506005456102814796177780349794937614095283630387626292872297,186149004420804295878679231933824560806529768260682405117094,506005456102814796177780349794937614095283630387626292872297,neither,False,2.718281828459045235360287471,0.0004879560774725980381422686153,0.9837194521847576448948135283,0,,,unspecified,False
54,739430030225080220618328322475016688484025266646974337550123008,226245792570664031910744183590507628830030348858878430519740,110501,186149004420804295878679231933824560806529768260682405117094,506005456102814796177780349794937614095283630387626292872297,186149004420804295878679231933824560806529768260682405117094,226245792570664031910744183590507628830030348858878430519740,new-second,True,1.215401571846271222918464037,0.0006843182389397794622759220003,1.379585569702595395948258752,2,00000000000000240b044a3090d3ae4f9b342a840640240304eaa8f68a0fa1bc;000000000000003d90cb83a72239d34e00819ebbbf228d41505d63ad089bd898,110501;109456,unspecified,True
55,484975157177710342494716926626447514974484083994735770500857856,382967082282480501869296746565407633131711441979811555318627,111884,186149004420804295878679231933824560806529768260682405117094,226245792570664031910744183590507628830030348858878430519740,186149004420804295878679231933824560806529768260682405117094,226245792570664031910744183590507628830030348858878430519740,neither,False,1.215401571846271222918464037,0.0004665100659738749634742504443,0.9404842930033319263640888957,0,,,unspecified,False
56,353833947722011807976659613996792948209273674048993161457434624,41897617541610872253602811890029173846524253723014101436888,114335,186149004420804295878679231933824560806529768260682405117094,226245792570664031910744183590507628830030348858878430519740,68480391720945830618845225758816050800632592882184463313816,186149004420804295878679231933824560806529768260682405117094,unique-min,True,2.718281828459045235360287471,0.0006394123402438849997868343163,1.289055277931672159570257982,1,0000000000000006acb7899a26faa6290030e25ae41c8b3f62d69809994b89d8,114335,unspecified,False
57,390843739553851677760235428436025349398613161749553108945469440,387655291420923132679193190558359297840905716334745654698213,115076,68480391720945830618845225758816050800632592882184463313816,186149004420804295878679231933824560806529768260682405117094,68480391720945830618845225758816050800632592882184463313816,186149004420804295878679231933824560806529768260682405117094,neither,False,2.718281828459045235360287471,0.0004762747501937564014784697249,0.9601698963906129053805949655,0,,,unspecified,False
58,327394795212563108599383268946242257264650552916910648089116672,79525547564285342718373405953918473416159747536820939010485,117067,68480391720945830618845225758816050800632592882184463313816,186149004420804295878679231933824560806529768260682405117094,68480391720945830618845225758816050800632592882184463313816,79525547564285342718373405953918473416159747536820939010485,new-second,True,1.161289320428363924110075094,0.0005685765538818230024360472692,1.146250332625755172911071295,1,000000000000000cab4d7514a0e7eaf75e14817f168f0c719dd4ea8690b431b5,117067,unspecified,False
59,291935447509363748964474894494542149680088347011133317125767168,156394104586814652931835116334682125298511324145846259013511,120590,68480391720945830618845225758816050800632592882184463313816,79525547564285342718373405953918473416159747536820939010485,68480391720945830618845225758816050800632592882184463313816,79525547564285342718373405953918473416159747536820939010485,neither,False,1.161289320428363924110075094,0.0002724079869120195919785016579,0.5491745016146314974286593424,0,,,unspecified,False
60,245823858161213192073337185391658632187400443916100519594033152,276950612618701094676588037091969242424375998669266234532465,122562,68480391720945830618845225758816050800632592882184463313816,79525547564285342718373405953918473416159747536820939010485,68480391720945830618845225758816050800632592882184463313816,79525547564285342718373405953918473416159747536820939010485,neither,False,1.161289320428363924110075094,0.0003235062217278026450062855602,0.6521885430032501323326716893,0,,,unspecified,False
61,171262555713783851185422181139260521316022447660158187451973632,115243850992183283999035441737722814019166003347578873555928,122994,68480391720945830618845225758816050800632592882184463313816,79525547564285342718373405953918473416159747536820939010485,68480391720945830618845225758816050800632592882184463313816,79525547564285342718373405953918473416159747536820939010485,neither,False,1.161289320428363924110075094,0.0004643487143633979365020430880,0.9361270081566102399881188653,0,,,unspecified,False
62,110438984653392107399822606842181601255647711092336854093004800,749141948473392236228638560860443038398718001776885808413,125552,68480391720945830618845225758816050800632592882184463313816,79525547564285342718373405953918473416159747536820939010485,25192528237503017499751304294031093900433729325951472103020,68480391720945830618845225758816050800632592882184463313816,unique-min,True,2.718281828459045235360287471,0.0007200858267021629509078397681,1.451693026631560509030204972,2,00000000000000001e8d6829a8a21adc5d38d0a473b144b6765798e61f98bd1d;0000000000000007b4413a653882b8405bf0b4e7edb9136232904a6d4cc271ec,125552;125704,unspecified,True
63,61993465896324436412959469550829248888675813063783317791309824,6933219559173656758835745708323449991038513612463771832478,128456,25192528237503017499751304294031093900433729325951472103020,68480391720945830618845225758816050800632592882184463313816,9267813209708390841520033423266898821864226609771208140579,25192528237503017499751304294031093900433729325951472103020,unique-min,True,2.718281828459045235360287471,0.001104638863642014907943349002,2.226951949102302054413791587,4,00000000000000011ac23090a91a9297e8cb27c6d81cea9fc429fd37468d509e;0000000000000002ed549896e4571ab6ec7d805741038cb8dac97d4c2917c729;0000000000000003285bbdf8a244855b2eb0252589498b018de13119ac8dc6a9;000000000000000a07a93ecce01ec03eed7b5c09491020c3f9ef77df6f49d238,128456;128687;128187;128755,unspecified,True
64,47525089675259291211422247200069659468817014361857087365971968,8795345544553032365868030280910056491723989313354824563144,130557,9267813209708390841520033423266898821864226609771208140579,25192528237503017499751304294031093900433729325951472103020,8795345544553032365868030280910056491723989313354824563144,9267813209708390841520033423266898821864226609771208140579,unique-min,True,1.053717919638524974757353427,0.0005300890205498716941758468249,1.068659465428541335458507199,1,000000000000000166b3b12f3e8928897fa5241985e75a9d31945dc2d22a39c8,130557,unspecified,False
65,30742228348699538311994447367921718297595975288392383715082240,11877265182267484804451846062334339240022691573473124764281,133047,8795345544553032365868030280910056491723989313354824563144,9267813209708390841520033423266898821864226609771208140579,8795345544553032365868030280910056491723989313354824563144,9267813209708390841520033423266898821864226609771208140579,neither,False,1.053717919638524974757353427,0.0003014684916326320588607915252,0.6077604791313862306633557148,0,,,unspecified,False
66,19547336162709893274575855467812492508787617050928192350584832,2417656105760902979930526541421941343995304296798407505994,133316,8795345544553032365868030280910056491723989313354824563144,9267813209708390841520033423266898821864226609771208140579,3235626803839904601003456574469829765074275785735461294012,8795345544553032365868030280910056491723989313354824563144,unique-min,True,2.718281828459045235360287471,0.0004741215443661542912305793094,0.9558290334421670511208478877,1,0000000000000000629981ebad88aafb5856e6663998d1083d74008be66a384a,133316,unspecified,False
67,17248274092338559882155796390905381469049315669915374897332224,5271147535646232854176652347731332849200134455822200839776,136816,3235626803839904601003456574469829765074275785735461294012,8795345544553032365868030280910056491723989313354824563144,3235626803839904601003456574469829765074275785735461294012,5271147535646232854176652347731332849200134455822200839776,new-second,True,1.629096263323897124712182855,0.0005099261234757279759023396750,1.028011064927067599419116785,1,0000000000000000d6f9591d6e5385853a50829b2f939ebe90794e81bb039e60,136816,unspecified,False
68,15943936487596784557029840069157210316687734428242467413295104,1179858017340063549226771647953112934749009915267557804871,137445,3235626803839904601003456574469829765074275785735461294012,5271147535646232854176652347731332849200134455822200839776,1190320580435964129177497273956564944399335472286853664224,3235626803839904601003456574469829765074275785735461294012,unique-min,True,2.718281828459045235360287471,0.0003306051513531052869512478871,0.6664999851278602584937157403,2,0000000000000000301e4adf257e8acafb35304fa906dba5573cd2e4f3f6cb47;00000000000000006e8f8d4ec7166ecc2404df2cfab18d74facb1050421ba171,137445;137935,unspecified,True
69,14273467308195657992975774342458504496649432985410431166185472,1289942782283222557306423169705325613568341829509230238857,140105,1190320580435964129177497273956564944399335472286853664224,3235626803839904601003456574469829765074275785735461294012,1190320580435964129177497273956564944399335472286853664224,1289942782283222557306423169705325613568341829509230238857,new-second,True,1.083693589344452924885691224,0.0002266882134505640078443969409,0.4570034383163370398143042329,1,0000000000000000349ba18be90b92616e322b19ebd5d4e94f44a1bcaf6a1c89,140105,unspecified,False
70,14930233597189143322113827544414041000381079823613435714732032,10868796218509508337210932474611334737719801409369895856775,141742,1190320580435964129177497273956564944399335472286853664224,1289942782283222557306423169705325613568341829509230238857,1190320580435964129177497273956564944399335472286853664224,1289942782283222557306423169705325613568341829509230238857,neither,False,1.083693589344452924885691224,0.00008639803080683714413926092949,0.1741784301065836825847500338,0,,,unspecified,False
71,15164766714763258952996988973449124317842091658872414191747072,2777525919903841281355503038609557532075661534259290923307,144385,1190320580435964129177497273956564944399335472286853664224,1289942782283222557306423169705325613568341829509230238857,1190320580435964129177497273956564944399335472286853664224,1289942782283222557306423169705325613568341829509230238857,neither,False,1.083693589344452924885691224,0.00008506182828565590523129650974,0.1714846458238823049462937636,0,,,unspecified,False
72,15357836632983707094928406965317628870031114888441593128288256,5136639808683491883152535743478115267531416967960902165512,146346,1190320580435964129177497273956564944399335472286853664224,1289942782283222557306423169705325613568341829509230238857,1190320580435964129177497273956564944399335472286853664224,1289942782283222557306423169705325613568341829509230238857,neither,False,1.083693589344452924885691224,0.00008399247974241627283011052843,0.1693288391607112060255028253,0,,,unspecified,False
73,15958672964717750944291813934170287689797412223641384931819520,1507288989481589238744791376227564606541710733303682981101,148246,1190320580435964129177497273956564944399335472286853664224,1289942782283222557306423169705325613568341829509230238857,1190320580435964129177497273956564944399335472286853664224,1289942782283222557306423169705325613568341829509230238857,neither,False,1.083693589344452924885691224,0.00008083020343452703906565197319,0.1629536901240065107563543779,0,,,unspecified,False
74,18362361570655080300849714079315004638119732162003921272832000,17588163941571918230539991061967435518658174987732120976347,150154,1190320580435964129177497273956564944399335472286853664224,1289942782283222557306423169705325613568341829509230238857,1190320580435964129177497273956564944399335472286853664224,1289942782283222557306423169705325613568341829509230238857,neither,False,1.083693589344452924885691224,0.00007024928560086095909288500549,0.1416225597713356935312561711,0,,,unspecified,False
75,22401652017447755518156310839596703571934659990690572544245760,10237606477258851697109220706480601605307999933738129544258,152240,1190320580435964129177497273956564944399335472286853664224,1289942782283222557306423169705325613568341829509230238857,1190320580435964129177497273956564944399335472286853664224,1289942782283222557306423169705325613568341829509230238857,neither,False,1.083693589344452924885691224,0.00005758248459883840012771779916,0.1160862889512582146574790831,0,,,unspecified,False
76,22607619418140130980719672680045705126213018528712048676700160,2896235461813446659762052910290319882673305168036604713865,154046,1190320580435964129177497273956564944399335472286853664224,1289942782283222557306423169705325613568341829509230238857,1190320580435964129177497273956564944399335472286853664224,1289942782283222557306423169705325613568341829509230238857,neither,False,1.083693589344452924885691224,0.00005705787763076837641748382175,0.1150286813036290468576473846,0,,,unspecified,False
77,24717289559589094364468373797949472355802981654048927838633984,1015144396164766081116625386979149783365596865937478527743,156636,1190320580435964129177497273956564944399335472286853664224,1289942782283222557306423169705325613568341829509230238857,1015144396164766081116625386979149783365596865937478527743,1190320580435964129177497273956564944399335472286853664224,unique-min,True,1.172562824493753643026188842,0.00005218787356005982917564945602,0.1052107530970806156181093033,1,000000000000000029669a1e22b42c7aeffe0f818b37a2b057e4545a67e42aff,156636,unspecified,False
78,23340814324747679919001773364939281849550099124416593832968192,2392982727006858957434785606866162161118038787880681065980,158603,1015144396164766081116625386979149783365596865937478527743,1190320580435964129177497273956564944399335472286853664224,1015144396164766081116625386979149783365596865937478527743,1190320580435964129177497273956564944399335472286853664224,neither,False,1.172562824493753643026188842,0.00005099738868895834012090292780,0.1028107355969400136837403024,0,,,unspecified,False
79,23242391331131109072962566885467580392541369223033474166816768,3917225616622492391746849999271705011249525566813837952583,160970,1015144396164766081116625386979149783365596865937478527743,1190320580435964129177497273956564944399335472286853664224,1015144396164766081116625386979149783365596865937478527743,1190320580435964129177497273956564944399335472286853664224,neither,False,1.172562824493753643026188842,0.00005121334390586720455277777547,0.1032461013142282843783999953,0,,,unspecified,False
80,21554562042243053719921017803645315870071034703425342074257408,3923515575362526273914851428936137703516280120640163322240,162045,1015144396164766081116625386979149783365596865937478527743,1190320580435964129177497273956564944399335472286853664224,1015144396164766081116625386979149783365596865937478527743,1190320580435964129177497273956564944399335472286853664224,neither,False,1.172562824493753643026188842,0.00005522360315663804694449538635,0.1113307839637823026401026989,0,,,unspecified,False
81,20615546854515052444405957679617344022137222968655050411343872,9610356778460912566518935256710830630851378653192642111949,164488,1015144396164766081116625386979149783365596865937478527743,1190320580435964129177497273956564944399335472286853664224,1015144396164766081116625386979149783365596865937478527743,1190320580435964129177497273956564944399335472286853664224,neither,False,1.172562824493753643026188842,0.00005773897674585671352606482867,0.1164017771196471344685466946,0,,,unspecified,False
82,19540887421473929614259883543522244007742949396702043752628224,17871066902609925153433557154633488299699187577137070017644,167187,1015144396164766081116625386979149783365596865937478527743,1190320580435964129177497273956564944399335472286853664224,1015144396164766081116625386979149783365596865937478527743,1190320580435964129177497273956564944399335472286853664224,neither,False,1.172562824493753643026188842,0.00006091435638321591923744345277,0.1228033424685632931826860008,0,,,unspecified,False
83,19588382523276445241758125434587686389961661359576757951266816,9693578275767007282883312408658265276695738059404537809799,167942,1015144396164766081116625386979149783365596865937478527743,1190320580435964129177497273956564944399335472286853664224,1015144396164766081116625386979149783365596865937478527743,1190320580435964129177497273956564944399335472286853664224,neither,False,1.172562824493753643026188842,0.00006076665998438269701576833928,0.1225055865285155171837889720,0,,,unspecified,False
84,18009299117968233362105684657812007807160912568078774269116416,20126586318012409598373632584759499826265236287974295386801,170696,1015144396164766081116625386979149783365596865937478527743,1190320580435964129177497273956564944399335472286853664224,1015144396164766081116625386979149783365596865937478527743,1190320580435964129177497273956564944399335472286853664224,neither,False,1.172562824493753643026188842,0.00006609477540679846783444108155,0.1332470672201057111542332204,0,,,unspecified,False
85,17993483763986497389087426516491816616385967180337839494660096,16716053548674730503553782011372165795923800793334024747539,173011,1015144396164766081116625386979149783365596865937478527743,1190320580435964129177497273956564944399335472286853664224,1015144396164766081116625386979149783365596865937478527743,1190320580435964129177497273956564944399335472286853664224,neither,False,1.172562824493753643026188842,0.00006615286934142017911640275187,0.1333641845923030810986679478,0,,,unspecified,False
86,16574638092431222848464934504874974361824393751455373256032256,5247704105320437327592088566296494794050576610380021656267,174878,1015144396164766081116625386979149783365596865937478527743,1190320580435964129177497273956564944399335472286853664224,1015144396164766081116625386979149783365596865937478527743,1190320580435964129177497273956564944399335472286853664224,neither,False,1.172562824493753643026188842,0.00007181578106248496442301676092,0.1447806146219696882768017900,0,,,unspecified,False
87,17085559845791583266730740536950670241169412424878408752693248,3572146526401503597170745873006573808220285105997551259557,175809,1015144396164766081116625386979149783365596865937478527743,1190320580435964129177497273956564944399335472286853664224,1015144396164766081116625386979149783365596865937478527743,1190320580435964129177497273956564944399335472286853664224,neither,False,1.172562824493753643026188842,0.00006966822224026548602857471597,0.1404511360363752198336066274,0,,,unspecified,False
88,17870687961287995446644888885900316642120964851955511819501568,9901329534265301241288643261977128677836999816724750604110,178685,1015144396164766081116625386979149783365596865937478527743,1190320580435964129177497273956564944399335472286853664224,1015144396164766081116625386979149783365596865937478527743,1190320580435964129177497273956564944399335472286853664224,neither,False,1.172562824493753643026188842,0.00006660742904886880828564541433,0.1342805769625195175038611553,0,,,unspecified,False
89,15554707140145502641228553657813466188995512591033787398225920,3689760771279849670120878248780203409544087561120754762485,181338,1015144396164766081116625386979149783365596865937478527743,1190320580435964129177497273956564944399335472286853664224,1015144396164766081116625386979149783365596865937478527743,1190320580435964129177497273956564944399335472286853664224,neither,False,1.172562824493753643026188842,0.00007652478247975741516964696913,0.1542739614791909489820082898,0,,,unspecified,False
90,16944226977030767532657500340718760127019357828074148225613824,6848471439908580085213748783017305002548851327310288537976,182355,1015144396164766081116625386979149783365596865937478527743,1190320580435964129177497273956564944399335472286853664224,1015144396164766081116625386979149783365596865937478527743,1190320580435964129177497273956564944399335472286853664224,neither,False,1.172562824493753643026188842,0.00007024932928775902873957757494,0.1416226478441222019389883911,0,,,unspecified,False
91,17028747171100603034973679895960153979114298528140818252824576,12587502843838911277062754891101542036028457804312981599132,183494,1015144396164766081116625386979149783365596865937478527743,1190320580435964129177497273956564944399335472286853664224,1015144396164766081116625386979149783365596865937478527743,1190320580435964129177497273956564944399335472286853664224,neither,False,1.172562824493753643026188842,0.00006990065496163164046671775645,0.1409197204026493871809029970,0,,,unspecified,False
92,15614535766060906942258863525753414259523988166363835227176960,2907082528052830814456816076669493583112926416427922248367,186259,1015144396164766081116625386979149783365596865937478527743,1190320580435964129177497273956564944399335472286853664224,1015144396164766081116625386979149783365596865937478527743,1190320580435964129177497273956564944399335472286853664224,neither,False,1.172562824493753643026188842,0.00007623157026693002851897575071,0.1536828456581309374942551134,0,,,unspecified,False
93,15392654931672180089790308609774483894682932641297604569726976,19649694471951529982741751134411401476168451199290705733101,187702,1015144396164766081116625386979149783365596865937478527743,1190320580435964129177497273956564944399335472286853664224,1015144396164766081116625386979149783365596865937478527743,1190320580435964129177497273956564944399335472286853664224,neither,False,1.172562824493753643026188842,0.00007733042712383169942250147398,0.1558981410816447060357629715,0,,,unspecified,False
94,14444739009842829731785903206212823051010663269705670545375232,4593104190527737025489289335283526008482961218102108466178,190759,1015144396164766081116625386979149783365596865937478527743,1190320580435964129177497273956564944399335472286853664224,1015144396164766081116625386979149783365596865937478527743,1190320580435964129177497273956564944399335472286853664224,neither,False,1.172562824493753643026188842,0.00008240512892789994170987188604,0.1661287399186462824871017222,0,,,unspecified,False
95,13237058963854547748734324548161076199478283141947127217782784,3028461246128417691450575002060882162894309951196552374371,192827,1015144396164766081116625386979149783365596865937478527743,1190320580435964129177497273956564944399335472286853664224,1015144396164766081116625386979149783365596865937478527743,1190320580435964129177497273956564944399335472286853664224,neither,False,1.172562824493753643026188842,0.00008992334201171755705978699194,0.1812854574956225950325305757,0,,,unspecified,False
96,12305424274651356593961118223415860240572779254789271782948864,4439070852613949014318891787826329287613989277421700443208,193669,1015144396164766081116625386979149783365596865937478527743,1190320580435964129177497273956564944399335472286853664224,1015144396164766081116625386979149783365596865937478527743,1190320580435964129177497273956564944399335472286853664224,neither,False,1.172562824493753643026188842,0.00009673137259378965089681251481,0.1950104471490799362079740298,0,,,unspecified,False
97,11046080738989403765716562970384822165842244193743674858799104,11850171956337500056911391954079430142064986463969125517927,197173,1015144396164766081116625386979149783365596865937478527743,1190320580435964129177497273956564944399335472286853664224,1015144396164766081116625386979149783365596865937478527743,1190320580435964129177497273956564944399335472286853664224,neither,False,1.172562824493753643026188842,0.0001077595401086001399822615791,0.2172432328589378822042393434,0,,,unspecified,False
98,10007073282210984973971337419529346944295676968729147521105920,12618113231685368030218217826382053787516845981927881990749,198591,1015144396164766081116625386979149783365596865937478527743,1190320580435964129177497273956564944399335472286853664224,1015144396164766081116625386979149783365596865937478527743,1190320580435964129177497273956564944399335472286853664224,neither,False,1.172562824493753643026188842,0.0001189479228209441131558584431,0.2397990124070233321222106213,0,,,unspecified,False
99,9412783771427520201810837309176674245361798887059324066070528,4790444568982376308715164456224453185758505692055194486468,201197,1015144396164766081116625386979149783365596865937478527743,1190320580435964129177497273956564944399335472286853664224,1015144396164766081116625386979149783365596865937478527743,1190320580435964129177497273956564944399335472286853664224,neither,False,1.172562824493753643026188842,0.0001264578693552038289300879378,0.2549390646200909191230572825,0,,,unspecified,False
100,8825801199382903987726989797449454220615414953524072026210304,1801787896026528666026460766485033861462916419589997390518,203062,1015144396164766081116625386979149783365596865937478527743,1190320580435964129177497273956564944399335472286853664224,1015144396164766081116625386979149783365596865937478527743,1190320580435964129177497273956564944399335472286853664224,neither,False,1.172562824493753643026188842,0.0001348682746807384244803884710,0.2718944417563686637524631575,0,,,unspecified,False
101,8774971387283464186072960143252932765613148614319486309236736,1601218906793125822365616638572269845555850602931976176548,204022,1015144396164766081116625386979149783365596865937478527743,1190320580435964129177497273956564944399335472286853664224,1015144396164766081116625386979149783365596865937478527743,1190320580435964129177497273956564944399335472286853664224,neither,False,1.172562824493753643026188842,0.0001356495113090574856894494044,0.2734694147990598911499299993,0,,,unspecified,False
102,8158785580212107593904235970576336449063725988071903546310656,266927971526157113597592094330626478754563633332141982863,206712,1015144396164766081116625386979149783365596865937478527743,1190320580435964129177497273956564944399335472286853664224,373450753169415401850118416599327961573251328994866881615,1015144396164766081116625386979149783365596865937478527743,unique-min,True,2.718281828459045235360287471,0.0001458943330148184667990086819,0.2941229753578740290668015026,1,00000000000000000ae2dba9951e28a3e6308ac7e9e8536104c503aa772c848f,206712,unspecified,False
103,8002789794116287035234223109988652176644807295346590313611264,19807160267579913681889384445767347546785476936027027008052,208098,373450753169415401850118416599327961573251328994866881615,1015144396164766081116625386979149783365596865937478527743,373450753169415401850118416599327961573251328994866881615,1015144396164766081116625386979149783365596865937478527743,neither,False,2.718281828459045235360287471,0.0001268488142611352973621815117,0.2557272095504487594821579277,0,,,unspecified,False
104,7839560629067579481152758851432818444879208153964570478641152,1505742355941703058225424285691012997445904857675931645042,210168,373450753169415401850118416599327961573251328994866881615,1015144396164766081116625386979149783365596865937478527743,373450753169415401850118416599327961573251328994866881615,1015144396164766081116625386979149783365596865937478527743,neither,False,2.718281828459045235360287471,0.0001294899604961031058787679285,0.2610517603601438614515961437,0,,,unspecified,False
105,7999430563890709006856701613305138698914315019190763857641472,5069754021619643373845897655085879478770985390811906157835,212810,373450753169415401850118416599327961573251328994866881615,1015144396164766081116625386979149783365596865937478527743,373450753169415401850118416599327961573251328994866881615,1015144396164766081116625386979149783365596865937478527743,neither,False,2.718281828459045235360287471,0.0001269020823490999847284268721,0.2558345980157855692125085742,0,,,unspecified,False
106,9047927233058169382412882048952728634925849476849852060008448,6837909087265117557655741398346073549698669957335967334644,215578,373450753169415401850118416599327961573251328994866881615,1015144396164766081116625386979149783365596865937478527743,373450753169415401850118416599327961573251328994866881615,1015144396164766081116625386979149783365596865937478527743,neither,False,2.718281828459045235360287471,0.0001121963484029535727833417062,0.2261878383803544027312168797,0,,,unspecified,False
107,8296391419817537486273948666838217011279219811331013552898048,686043340429691137655974079182187727310461666477531263163,217293,373450753169415401850118416599327961573251328994866881615,1015144396164766081116625386979149783365596865937478527743,373450753169415401850118416599327961573251328994866881615,686043340429691137655974079182187727310461666477531263163,new-second,True,1.837038309890537439006867697,0.0001223597519446704395048113645,0.2466772599204556060416997109,1,00000000000000001bfaa06e0d8c9aa94ce50ecf685d153e81f65e56546cf0bb,217293,unspecified,False
108,9081029136740872581753422344739175313292014241889017867010048,2513273709622457610261524444417471833802613696305843513283,218506,373450753169415401850118416599327961573251328994866881615,686043340429691137655974079182187727310461666477531263163,373450753169415401850118416599327961573251328994866881615,686043340429691137655974079182187727310461666477531263163,neither,False,1.837038309890537439006867697,0.00007554687140624107914918581210,0.1523024927549820155647585972,0,,,unspecified,False
109,8230751570811169734692743946971314968326461977249645504495616,12860585836542113076485503555156483097506732693113981308391,220192,373450753169415401850118416599327961573251328994866881615,686043340429691137655974079182187727310461666477531263163,373450753169415401850118416599327961573251328994866881615,686043340429691137655974079182187727310461666477531263163,neither,False,1.837038309890537439006867697,0.00008335123889082210937373661825,0.1680360976038973724974530224,0,,,unspecified,False
110,7384127474250891166670391848516180960454656786677558849568768,479674377841141976323752261716047443725829375571407500394,223079,373450753169415401850118416599327961573251328994866881615,686043340429691137655974079182187727310461666477531263163,373450753169415401850118416599327961573251328994866881615,479674377841141976323752261716047443725829375571407500394,new-second,True,1.284438105346485614275552603,0.00009290784088194376979471360616,0.1873022072179986399061426301,1,0000000000000000139008bfda982356c5065c9035d6c7d588069d3e1b35746a,223079,unspecified,False
111,6172230000534146257480611019445716458048957888854766248787968,2297628362749688304079406193628818755381460096226536025602,225330,373450753169415401850118416599327961573251328994866881615,479674377841141976323752261716047443725829375571407500394,373450753169415401850118416599327961573251328994866881615,479674377841141976323752261716047443725829375571407500394,neither,False,1.284438105346485614275552603,0.00007771492277501500125126304389,0.1566732843144302425225462965,0,,,unspecified,False
112,5561365017980676031428107027647386014985059524839404952616960,8597447824001822049713916520678066262136494149247933577472,227723,373450753169415401850118416599327961573251328994866881615,479674377841141976323752261716047443725829375571407500394,373450753169415401850118416599327961573251328994866881615,479674377841141976323752261716047443725829375571407500394,neither,False,1.284438105346485614275552603,0.00008625119485778890331101665358,0.1738824088333024290750095736,0,,,unspecified,False
113,4026319404534786334009451711043898716884778820756489262596096,1411678178543842555055389251003708485326595189183203223040,228284,373450753169415401850118416599327961573251328994866881615,479674377841141976323752261716047443725829375571407500394,373450753169415401850118416599327961573251328994866881615,479674377841141976323752261716047443725829375571407500394,neither,False,1.284438105346485614275552603,0.0001191347058310603824462668063,0.2401755669554177310116738815,0,,,unspecified,False
114,3513558656525386849113615662535622466519417660386833443323904,418928372121281957705123896182902132777214756183808370591,231593,373450753169415401850118416599327961573251328994866881615,479674377841141976323752261716047443725829375571407500394,373450753169415401850118416599327961573251328994866881615,418928372121281957705123896182902132777214756183808370591,new-second,True,1.121776749854982080709105816,0.0001365209534641722693202205759,0.2752262421837712949495646809,1,00000000000000001115d0f81474bbb9ebb9a45e04597f2df39e0eba903b679f,231593,unspecified,False
115,3004083578955603829930099910053556479043735076695139267117056,1123652743778154936786508650078047221229611249386729519164,233475,373450753169415401850118416599327961573251328994866881615,418928372121281957705123896182902132777214756183808370591,373450753169415401850118416599327961573251328994866881615,418928372121281957705123896182902132777214756183808370591,neither,False,1.121776749854982080709105816,0.0001394529683048718983070408694,0.2811371841026217469869943927,0,,,unspecified,False
116,2675541054922611112919804040984964595022815308724929898217472,635105335318032860183081600984856364307795138543636047995,235719,373450753169415401850118416599327961573251328994866881615,418928372121281957705123896182902132777214756183808370591,373450753169415401850118416599327961573251328994866881615,418928372121281957705123896182902132777214756183808370591,neither,False,1.121776749854982080709105816,0.0001565770674124076495228554593,0.3156593679034138214380766060,0,,,unspecified,False
117,2409843108029446766213067266805752590003732794677225687351296,359676336925915078774006362305009328962550828244676036164,236166,373450753169415401850118416599327961573251328994866881615,418928372121281957705123896182902132777214756183808370591,359676336925915078774006362305009328962550828244676036164,373450753169415401850118416599327961573251328994866881615,unique-min,True,1.038296698529649257882363126,0.0001738405171379990587497626108,0.3504624825502061024395214234,1,00000000000000000eab32386b8854581ca95f672ec9ccd96d2201c493f2c644,236166,unspecified,False
118,2218268905456883731807407021635746739577921454491297946533888,155566129756877957177939281690389061013955286756511558542,239572,359676336925915078774006362305009328962550828244676036164,373450753169415401850118416599327961573251328994866881615,155566129756877957177939281690389061013955286756511558542,359676336925915078774006362305009328962550828244676036164,unique-min,True,2.312047856998338114278538891,0.0001683523364776634048799901036,0.3393983103389694242380600488,1,000000000000000006582fa9652895fda92c757ae6beee9dfbc3932125b5ab8e,239572,unspecified,False
119,1727551573307299192250197436766000536509732237655131060961280,2109524483242127127209497821705855688464780632632184991416,240542,155566129756877957177939281690389061013955286756511558542,359676336925915078774006362305009328962550828244676036164,155566129756877957177939281690389061013955286756511558542,359676336925915078774006362305009328962550828244676036164,neither,False,2.312047856998338114278538891,0.0002082000575168561808676213748,0.4197313159539820606291246916,0,,,unspecified,False
120,1394031503757574068227953656553224448260418805016069352194048,587881504959398913764325792563457497938414729225875632791,242250,155566129756877957177939281690389061013955286756511558542,359676336925915078774006362305009328962550828244676036164,155566129756877957177939281690389061013955286756511558542,359676336925915078774006362305009328962550828244676036164,neither,False,2.312047856998338114278538891,0.0002580116273960934730450154603,0.5201514408305244416587511679,0,,,unspecified,False
121,1263610003247723462826224891154624535497729630761756072607744,114784973705050422488935971202453856347117940515097598224,244583,155566129756877957177939281690389061013955286756511558542,359676336925915078774006362305009328962550828244676036164,114784973705050422488935971202453856347117940515097598224,155566129756877957177939281690389061013955286756511558542,unique-min,True,1.355283054353596155080689342,0.0002846418879254492611291237622,0.5738380460577057104363135046,1,000000000000000004ae693a1a8e740a33dd996c27ccc64217ed647e0b90d910,244583,unspecified,False
122,1030450001678223668360152541055867895065240185756254103142400,709080031152646129541759328958783693011168348246130561027,247580,114784973705050422488935971202453856347117940515097598224,155566129756877957177939281690389061013955286756511558542,114784973705050422488935971202453856347117940515097598224,155566129756877957177939281690389061013955286756511558542,neither,False,1.355283054353596155080689342,0.0001509691198054422894162225865,0.3043537455277716554631047344,0,,,unspecified,False
123,862513010327976103705811440432628413487564277790886242287616,316489584575181502478366441290518817390225500666523592200,248593,114784973705050422488935971202453856347117940515097598224,155566129756877957177939281690389061013955286756511558542,114784973705050422488935971202453856347117940515097598224,155566129756877957177939281690389061013955286756511558542,neither,False,1.355283054353596155080689342,0.0001803638065676515866703648567,0.3636134340403855987274555510,0,,,unspecified,False
124,720982641204331278205950312227594303241470815982254303477760,510562768233047661340584349140741723226857408695805833249,251897,114784973705050422488935971202453856347117940515097598224,155566129756877957177939281690389061013955286756511558542,114784973705050422488935971202453856347117940515097598224,155566129756877957177939281690389061013955286756511558542,neither,False,1.355283054353596155080689342,0.0002157695912026673618755307702,0.4349914958645774015410700327,0,,,unspecified,False
125,530591525189316709998942710962548491505413142398652303540224,1213144380601647418184531436328495992258931119973895341086,252958,114784973705050422488935971202453856347117940515097598224,155566129756877957177939281690389061013955286756511558542,114784973705050422488935971202453856347117940515097598224,155566129756877957177939281690389061013955286756511558542,neither,False,1.355283054353596155080689342,0.0002931937702950899511511932151,0.5910786409149013415208055216,0,,,unspecified,False
126,410030579894253754102159787320079652501746816512444002729984,303207141607420632141477609371364103845939719996107896008,254962,114784973705050422488935971202453856347117940515097598224,155566129756877957177939281690389061013955286756511558542,114784973705050422488935971202453856347117940515097598224,155566129756877957177939281690389061013955286756511558542,neither,False,1.355283054353596155080689342,0.0003794012870869246361483338215,0.7648729947672400664750409841,0,,,unspecified,False
127,310118479516817784682897231521434079438159381558537557639168,395855787071815364444010896394916164630206839749445589092,257495,114784973705050422488935971202453856347117940515097598224,155566129756877957177939281690389061013955286756511558542,114784973705050422488935971202453856347117940515097598224,155566129756877957177939281690389061013955286756511558542,neither,False,1.355283054353596155080689342,0.0005016345043328563594823036822,1.011295160735038420716324223,0,,,unspecified,False
128,239366800071949252578530950352093786414793290792735831228416,7252006031482138833037568287922576202893110734813386595,258283,114784973705050422488935971202453856347117940515097598224,155566129756877957177939281690389061013955286756511558542,42227031981492650678318587923000379289475895251092750789,114784973705050422488935971202453856347117940515097598224,unique-min,True,2.718281828459045235360287471,0.0006499068781055586783655791610,1.310212266260806295585007589,3,0000000000000000004bb6e7e2661661ba9809062d90c3121933d6d02c8bd763;0000000000000000015235dd26bc6ee20bd574fa78c4ef9b7ea750f53c28db8a;000000000000000004fb67cf6c48cbe676837f65d339f1b1abca63c7eb01172c,258283;258809;258384,unspecified,True
129,181156297885756721946540202079438048595571151633323613224960,53988169268147886229933742571831719799903691163787469971,261713,42227031981492650678318587923000379289475895251092750789,114784973705050422488935971202453856347117940515097598224,42227031981492650678318587923000379289475895251092750789,53988169268147886229933742571831719799903691163787469971,new-second,True,1.278521523648878061886800176,0.0006336239757860237491494629714,1.277385935184623878285317350,2,00000000000000000233a9ac6fe53eccfcd1a4f12a879daf568c8bb59fb22493;000000000000000004a24ebfaa7200a2e14a4152239a9687e60466a1df53bf7c,261713;260702,unspecified,True
130,142431093377788751676361246670241704468765375727695350988800,107267268543253585157487465507993307928751840148313143152,264067,42227031981492650678318587923000379289475895251092750789,53988169268147886229933742571831719799903691163787469971,42227031981492650678318587923000379289475895251092750789,53988169268147886229933742571831719799903691163787469971,neither,False,1.278521523648878061886800176,0.0003790476362134492144842226455,0.7641600346063136164001928531,0,,,unspecified,False
131,100696259189502783924473792493100546893980348528488767029248,48851521202442730669555507447007156566483398114600231894,265271,42227031981492650678318587923000379289475895251092750789,53988169268147886229933742571831719799903691163787469971,42227031981492650678318587923000379289475895251092750789,48851521202442730669555507447007156566483398114600231894,new-second,True,1.156877926534203838395900127,0.0005361487080324028071418574446,1.080875795393324059197984608,1,000000000000000001fe089f351d417353a16c29a7535c775d888611296f23d6,265271,unspecified,False
132,68962778243821519216393853205209897734463141354237780295680,244016552766144657078256048343733074999265062087434320,266381,42227031981492650678318587923000379289475895251092750789,48851521202442730669555507447007156566483398114600231894,15534456927680139074143643310102980439401278798629618080,42227031981492650678318587923000379289475895251092750789,unique-min,True,2.718281828459045235360287471,0.0007083751908852281944430396546,1.428084384824620039997167944,2,000000000000000000028c32e6952731326747bae4be8db0f832d6eea0362050;0000000000000000018238a11e3a510e1dd4d4ba93b1293233ef52f79fb4ff36,266381;267719,unspecified,True
133,52765641310467331636297188681879886184148735229489015947264,60760576256671905785484023724879391342000314896967498529,269900,15534456927680139074143643310102980439401278798629618080,42227031981492650678318587923000379289475895251092750789,15534456927680139074143643310102980439401278798629618080,42227031981492650678318587923000379289475895251092750789,neither,False,2.718281828459045235360287471,0.0008002751588487924847860773425,1.613354720239165649328731922,0,,,unspecified,False
134,44233472386696495417387091608220539804351405166731810832384,4102827010773125187047817147363685994133549687776573165,271381,15534456927680139074143643310102980439401278798629618080,42227031981492650678318587923000379289475895251092750789,5714807333456810349805371600080952059362211886726550548,15534456927680139074143643310102980439401278798629618080,unique-min,True,2.718281828459045235360287471,0.0009546397717171466117162031486,1.924553779781767569219865548,3,0000000000000000002ad5e428b2c6bcf8056213c27361b222122f492b3176ed;000000000000000001480bf37765db8beb84651395cc36e76e2c4e36fbb51026;0000000000000000017d9cfa1bb14d8d1e16487e94611c98bffb608142d0e938,271381;270387;270450,unspecified,True
135,38110290672195532365762668664552282566878756832852091863040,50486812923737627843033036409760591531264761792040956735,272300,5714807333456810349805371600080952059362211886726550548,15534456927680139074143643310102980439401278798629618080,5714807333456810349805371600080952059362211886726550548,15534456927680139074143643310102980439401278798629618080,neither,False,2.718281828459045235360287471,0.0004076184320214002611741095088,0.8217587589551429265270047697,0,,,unspecified,False
136,29679649578007061283718812081441644170496168236939550392320,421568202486397548441056355552765767237599877778810487,274352,5714807333456810349805371600080952059362211886726550548,15534456927680139074143643310102980439401278798629618080,2102360128234551825848374691629075584768064622981617392,5714807333456810349805371600080952059362211886726550548,unique-min,True,2.718281828459045235360287471,0.0005234043241262301930440714895,1.055183117438480069176848123,2,0000000000000000000466c0ab58135a577e310efe613e390bb21b72226aa677;0000000000000000006d06721ae36b679d64b306ff93d36ba54a5ffb73e5973b,274352;275644,unspecified,True
137,22829202948393929850749706076701368331072452018388575715328,42579454354901077448264937739787596216679288348608159965,277848,2102360128234551825848374691629075584768064622981617392,5714807333456810349805371600080952059362211886726550548,2102360128234551825848374691629075584768064622981617392,5714807333456810349805371600080952059362211886726550548,neither,False,2.718281828459045235360287471,0.0002503288155252418038500834300,0.5046628920988874765617681951,0,,,unspecified,False
138,19005913916847449503306572434028937600915626422125897711616,13553423196516911285511403354856980582842420926317135567,279963,2102360128234551825848374691629075584768064622981617392,5714807333456810349805371600080952059362211886726550548,2102360128234551825848374691629075584768064622981617392,5714807333456810349805371600080952059362211886726550548,neither,False,2.718281828459045235360287471,0.0003006857422620978247555053665,0.6061824564003892147070988191,0,,,unspecified,False
139,15065005852539512185984435657022720640916062598235628240896,5690296300912616672834887127096471755517486976685789637,281824,2102360128234551825848374691629075584768064622981617392,5714807333456810349805371600080952059362211886726550548,2102360128234551825848374691629075584768064622981617392,5690296300912616672834887127096471755517486976685789637,new-second,True,2.706623011201710396818513126,0.0003793431870783816325932357958,0.7647558651500173713079633646,1,0000000000000000003b68d2b980b486c4cf2741096ae393a6e4d918598b51c5,281824,unspecified,False
140,12288698618318346282960995223961541766142764336009759948800,1262506010158699100220208350690109819585643250835075837,282405,2102360128234551825848374691629075584768064622981617392,5690296300912616672834887127096471755517486976685789637,1262506010158699100220208350690109819585643250835075837,2102360128234551825848374691629075584768064622981617392,unique-min,True,1.665227817783046965063195281,0.0004630511722722441050365490182,0.9335111633008441157536828208,1,0000000000000000000d2e61aaa78f40ca9734b78bcae3bc63c39ddc7c2d32fd,282405,unspecified,False
141,10284386012808371892335572105827331142617405906583881252864,17346703425567182735752888152173423752002491136961819149,286037,1262506010158699100220208350690109819585643250835075837,2102360128234551825848374691629075584768064622981617392,1262506010158699100220208350690109819585643250835075837,2102360128234551825848374691629075584768064622981617392,neither,False,1.665227817783046965063195281,0.0002044225222211838546384995181,0.4121158047979066509512150284,0,,,unspecified,False
142,8614444778121073626993210829679478604092861119379437256704,14650118186822665090189022492760044555288546642020637513,288261,1262506010158699100220208350690109819585643250835075837,2102360128234551825848374691629075584768064622981617392,1262506010158699100220208350690109819585643250835075837,2102360128234551825848374691629075584768064622981617392,neither,False,1.665227817783046965063195281,0.0002440505665059361923965604160,0.4920059420759673638714657986,0,,,unspecified,False
143,7065379129219572345353864175298106702426244380437224882176,4398977694984887151852554826749774163074442630562257730,289980,1262506010158699100220208350690109819585643250835075837,2102360128234551825848374691629075584768064622981617392,1262506010158699100220208350690109819585643250835075837,2102360128234551825848374691629075584768064622981617392,neither,False,1.665227817783046965063195281,0.0002975580064118617684021669503,0.5998769409263133250987685717,0,,,unspecified,False
144,6343094824615218102798845742064326605321937397913065881600,7356590653102958687837990600021571170316896632478061330,291967,1262506010158699100220208350690109819585643250835075837,2102360128234551825848374691629075584768064622981617392,1262506010158699100220208350690109819585643250835075837,2102360128234551825848374691629075584768064622981617392,neither,False,1.665227817783046965063195281,0.0003314407535066424342461947490,0.6681845590693911474403286140,0,,,unspecified,False
145,5384518863803604621895699676581808210968416076987222720512,4917046687672396283670787928892789006778784661829216897,293831,1262506010158699100220208350690109819585643250835075837,2102360128234551825848374691629075584768064622981617392,1262506010158699100220208350690109819585643250835075837,2102360128234551825848374691629075584768064622981617392,neither,False,1.665227817783046965063195281,0.0003904453083760676522751880615,0.7871377416861523869867791319,0,,,unspecified,False
146,4405349994161605759458363322921957536960017949107037405184,3481409304168039004381189670433426418741147529078136658,295538,1262506010158699100220208350690109819585643250835075837,2102360128234551825848374691629075584768064622981617392,1262506010158699100220208350690109819585643250835075837,2102360128234551825848374691629075584768064622981617392,neither,False,1.665227817783046965063195281,0.0004772288537847848677643659445,0.9620933692301262934129617441,0,,,unspecified,False
147,3863038134637689339706803268689141874606936642244315185152,441378922157633859339124634223982981583772162199397441,297587,1262506010158699100220208350690109819585643250835075837,2102360128234551825848374691629075584768064622981617392,464450005492769507686122516058985797418191573782669670,1262506010158699100220208350690109819585643250835075837,unique-min,True,2.718281828459045235360287471,0.0005442245338931219678655719343,1.097156660328533887216993019,1,000000000000000000049bb3b6b9c135f66536e066704369905043df809c2441,297587,unspecified,False
148,3369574570478873127315415525946742317481702644901195284480,3860547810403172851083413864647720866183600768536840646,300317,464450005492769507686122516058985797418191573782669670,1262506010158699100220208350690109819585643250835075837,464450005492769507686122516058985797418191573782669670,1262506010158699100220208350690109819585643250835075837,neither,False,2.718281828459045235360287471,0.0003746781630000477468488196939,0.7553511766080962576472205030,0,,,unspecified,False
149,3045099693687311168583241534842989903432036285033490677760,6651869336489600444740202216791349837525858667208611984,302060,464450005492769507686122516058985797418191573782669670,1262506010158699100220208350690109819585643250835075837,464450005492769507686122516058985797418191573782669670,1262506010158699100220208350690109819585643250835075837,neither,False,2.718281828459045235360287471,0.0004146025211509349940059256723,0.8358386826402849479159461553,0,,,unspecified,False
150,2578448441038522347123624842639328775756428679710156783616,939904910432917463712441943514514012198061186501032492,303519,464450005492769507686122516058985797418191573782669670,1262506010158699100220208350690109819585643250835075837,464450005492769507686122516058985797418191573782669670,939904910432917463712441943514514012198061186501032492,new-second,True,2.023694475868726781758746466,0.0004896378729412170162195201611,0.9871099518494935046985526448,1,00000000000000000009d02509733b687f72bb5bb4e829162fb3078e791fba2c,303519,unspecified,False
151,2293149852232440455888971398133692017055281498246925516800,1061962038573840119010851685053739065862580919698226163,306387,464450005492769507686122516058985797418191573782669670,939904910432917463712441943514514012198061186501032492,464450005492769507686122516058985797418191573782669670,939904910432917463712441943514514012198061186501032492,neither,False,2.023694475868726781758746466,0.0004098750500399683082829062082,0.8263081008805761094983389157,0,,,unspecified,False
152,2002553378451099534811946324256852041059202347552707969024,382888671418942255772678818285347583316097469626184582,308332,464450005492769507686122516058985797418191573782669670,939904910432917463712441943514514012198061186501032492,382888671418942255772678818285347583316097469626184582,464450005492769507686122516058985797418191573782669670,unique-min,True,1.213015793263274522344174736,0.0004693532369958092756722268922,0.9462161257835514997552094146,1,00000000000000000003ff5f0f68891430b23076dea0931158218ef75413f386,308332,unspecified,False
153,1602972750958019380418919163663316163747908621623690788864,493020508222521776008400060117299169168865490745057149,309462,382888671418942255772678818285347583316097469626184582,464450005492769507686122516058985797418191573782669670,382888671418942255772678818285347583316097469626184582,464450005492769507686122516058985797418191573782669670,neither,False,1.213015793263274522344174736,0.0002897429199686583412082207704,0.5841217266568152158757730731,0,,,unspecified,False
154,1555090122338762644529309082074529684497336694348804259840,1700485367437788758775923573238732672866487802264012079,310642,382888671418942255772678818285347583316097469626184582,464450005492769507686122516058985797418191573782669670,382888671418942255772678818285347583316097469626184582,464450005492769507686122516058985797418191573782669670,neither,False,1.213015793263274522344174736,0.0002986643660203207034623612350,0.6021073618969665381801202498,0,,,unspecified,False
155,1438882362326364789097016808333128944459434864174551793664,68793786143631738923840992507604965315321413170241578,313338,382888671418942255772678818285347583316097469626184582,464450005492769507686122516058985797418191573782669670,140856870472476476605621235593519231027930614772005062,382888671418942255772678818285347583316097469626184582,unique-min,True,2.718281828459045235360287471,0.0003227852517017814185221370707,0.6507350674307913397406283346,1,00000000000000000000b7de9e5c19e52be073156924b7cf235efb27ae8a202a,313338,unspecified,False
156,1366448002777625511026173062127977611952455397852592472064,144401420868719392176034163279139149325988359233480174,315024,140856870472476476605621235593519231027930614772005062,382888671418942255772678818285347583316097469626184582,140856870472476476605621235593519231027930614772005062,144401420868719392176034163279139149325988359233480174,new-second,True,1.025164199547763791936344489,0.0002802072750961846920558904228,0.5648978665939083391846750924,2,0000000000000000000181f37629e8b80debca2c295c350cb1bd156e7e1a25ee;000000000000000000037be5d0bf7a0d03db565b07f512dab5d8cda0348bbbed,315024;316203,unspecified,True
157,1130631509982695295834811811892052032638591596239280668672,1283606285223052073773349636089535901642305469394160167,316710,140856870472476476605621235593519231027930614772005062,144401420868719392176034163279139149325988359233480174,140856870472476476605621235593519231027930614772005062,144401420868719392176034163279139149325988359233480174,neither,False,1.025164199547763791936344489,0.0001277174920332173526566482910,0.2574784639389661829558029548,0,,,unspecified,False
158,982897592923314645728937741958820396011314229953349812224,484055587369346424422289791272976767748886227163739395,319786,140856870472476476605621235593519231027930614772005062,144401420868719392176034163279139149325988359233480174,140856870472476476605621235593519231027930614772005062,144401420868719392176034163279139149325988359233480174,neither,False,1.025164199547763791936344489,0.0001469140039698780141562972632,0.2961786320032740765390952826,0,,,unspecified,False
159,903780639904017349860452775965599807564731663176966340608,116386753404189789542013611938055063008674765431220248,320736,140856870472476476605621235593519231027930614772005062,144401420868719392176034163279139149325988359233480174,116386753404189789542013611938055063008674765431220248,140856870472476476605621235593519231027930614772005062,unique-min,True,1.210248300193635188506170604,0.0001597748551950117079331482375,0.3221061080731436031932268468,1,0000000000000000000137130c5a047157e7b0e063de6f3d30246a4f2005a818,320736,unspecified,False
160,777796486219054632155478957346406689849105796561635377152,166839135541347861994679040378218058233514492712203379,324204,116386753404189789542013611938055063008674765431220248,140856870472476476605621235593519231027930614772005062,116386753404189789542013611938055063008674765431220248,140856870472476476605621235593519231027930614772005062,neither,False,1.210248300193635188506170604,0.0001810973345446642537320515680,0.3650922264420431355238159612,0,,,unspecified,False
161,770217816864616291160628694313702426464491250746461782016,47167629501629889026830213674720221660306835865572240,326055,116386753404189789542013611938055063008674765431220248,140856870472476476605621235593519231027930614772005062,47167629501629889026830213674720221660306835865572240,116386753404189789542013611938055063008674765431220248,unique-min,True,2.467513305924522170043115887,0.0001828792679009596971760030657,0.3686846040883347495068221805,1,000000000000000000007e1166d92acf81d4e2d95934fcdec1276b09a7db9390,326055,unspecified,False
162,749174812297985386116525053725808178560617045558724395008,410249313171434553225271240943714792631180782568373206,327606,47167629501629889026830213674720221660306835865572240,116386753404189789542013611938055063008674765431220248,47167629501629889026830213674720221660306835865572240,116386753404189789542013611938055063008674765431220248,neither,False,2.467513305924522170043115887,0.0001553532653442929509273618057,0.3131921829340945890695614004,0,,,unspecified,False
163,680733321990486529407107157001552378184394215934016880640,232267347857880452823600116293666380419516469472454089,330140,47167629501629889026830213674720221660306835865572240,116386753404189789542013611938055063008674765431220248,47167629501629889026830213674720221660306835865572240,116386753404189789542013611938055063008674765431220248,neither,False,2.467513305924522170043115887,0.0001709726109247467284233168471,0.3446807836242894045014067637,0,,,unspecified,False
164,668970595596618687654683311252875969389523722950049529856,38991059656380097266101544547601419634710571667423335,331908,47167629501629889026830213674720221660306835865572240,116386753404189789542013611938055063008674765431220248,38991059656380097266101544547601419634710571667423335,47167629501629889026830213674720221660306835865572240,unique-min,True,1.209703709447964738690766940,0.0001739788776521496283069861841,0.3507414173467336506668841473,2,000000000000000000006836c4009ab00485cd1de4d5958ca7839184d0b80067;00000000000000000000ec03e3183bacc8b18437180f63f6a563267a186225bc,331908;331987,unspecified,True
165,673862533877092685902494685124943911912916060357898797056,16931928767822346142127790045311281400448815916708511,334261,38991059656380097266101544547601419634710571667423335,47167629501629889026830213674720221660306835865572240,16931928767822346142127790045311281400448815916708511,38991059656380097266101544547601419634710571667423335,unique-min,True,2.302812644149507965629755314,0.00006999592221020096039864405275,0.1411117791757651361636664104,1,000000000000000000002d414bb8f9175ba6c6563721e1ba2c1373c2bd94f29f,334261,unspecified,False
166,683252062220249508849116041812776958610205092831121375232,33810494140058204136844277548911552169078452778923073,336175,16931928767822346142127790045311281400448815916708511,38991059656380097266101544547601419634710571667423335,16931928767822346142127790045311281400448815916708511,33810494140058204136844277548911552169078452778923073,new-second,True,1.996848356952227402085100983,0.00005706687445578634228206754589,0.1150468189028652660406481725,1,000000000000000000005a5e143087632fbf0eea743ad99646d9fc67d40f7441,336175,unspecified,False
167,663358803453687177159928221638562617962497973903752691712,319653955342122382277945837420350181400122461401220980,336920,16931928767822346142127790045311281400448815916708511,33810494140058204136844277548911552169078452778923073,16931928767822346142127790045311281400448815916708511,33810494140058204136844277548911552169078452778923073,neither,False,1.996848356952227402085100983,0.00005096863712975312251001797167,0.1027527724535822949801962309,0,,,unspecified,False
168,613111582105360026820898034285227810088764320248934432768,51924844657021402587051862262857041739187009448099971,340483,16931928767822346142127790045311281400448815916708511,33810494140058204136844277548911552169078452778923073,16931928767822346142127790045311281400448815916708511,33810494140058204136844277548911552169078452778923073,neither,False,1.996848356952227402085100983,0.00005514574365722558982103949514,0.1111738192129667890792156222,0,,,unspecified,False
169,653202279051259096361833571150520065936493508031976308736,1437021875898655358932311215375135618286355875589572422,342234,16931928767822346142127790045311281400448815916708511,33810494140058204136844277548911552169078452778923073,16931928767822346142127790045311281400448815916708511,33810494140058204136844277548911552169078452778923073,neither,False,1.996848356952227402085100983,0.00005176113927398739971481432822,0.1043504567763585978250656857,0,,,unspecified,False
170,606439838822957553646521558653356639834299145437709336576,47491609486186442657217117172080328381110439094701933,343775,16931928767822346142127790045311281400448815916708511,33810494140058204136844277548911552169078452778923073,16931928767822346142127790045311281400448815916708511,33810494140058204136844277548911552169078452778923073,neither,False,1.996848356952227402085100983,0.00005575242913737524190173485972,0.1123968971409484876738974772,0,,,unspecified,False
171,577485176368838834686684127480472050622611986764206702592,983315919620462346762398400649968108116461690360652020,346164,16931928767822346142127790045311281400448815916708511,33810494140058204136844277548911552169078452778923073,16931928767822346142127790045311281400448815916708511,33810494140058204136844277548911552169078452778923073,neither,False,1.996848356952227402085100983,0.00005854781304111518353729222874,0.1180323910908882100111811331,0,,,unspecified,False
172,568436119447114618883887501211268589217582000336195813376,713320480012906664275918026300361655660346391500331363,347086,16931928767822346142127790045311281400448815916708511,33810494140058204136844277548911552169078452778923073,16931928767822346142127790045311281400448815916708511,33810494140058204136844277548911552169078452778923073,neither,False,1.996848356952227402085100983,0.00005947984827731169286071106868,0.1199113741270603728071935145,0,,,unspecified,False
173,577075114085443079269506210404847846798089003835028668416,251875034669986902811485423959697234041483658059382332,349240,16931928767822346142127790045311281400448815916708511,33810494140058204136844277548911552169078452778923073,16931928767822346142127790045311281400448815916708511,33810494140058204136844277548911552169078452778923073,neither,False,1.996848356952227402085100983,0.00005858941637717571717877812934,0.1181162634163862458324167088,0,,,unspecified,False
174,545227566982404669720599751103563308707559049533419683840,364606439529773115861088065193884732501831090449459658,350958,16931928767822346142127790045311281400448815916708511,33810494140058204136844277548911552169078452778923073,16931928767822346142127790045311281400448815916708511,33810494140058204136844277548911552169078452778923073,neither,False,1.996848356952227402085100983,0.00006201171068290705240056330441,0.1250156087367406176395356217,0,,,unspecified,False
175,566251116039239425785056264238964437451875594947144974336,181730643455911857475398992244075254433385118318739405,353863,16931928767822346142127790045311281400448815916708511,33810494140058204136844277548911552169078452778923073,16931928767822346142127790045311281400448815916708511,33810494140058204136844277548911552169078452778923073,neither,False,1.996848356952227402085100983,0.00005970936424205695158399509719,0.1203740783119868143933341159,0,,,unspecified,False
176,565860883410058976058672534759150528155363303710710038528,71493176076461733437301969669625108597249837907540111,355287,16931928767822346142127790045311281400448815916708511,33810494140058204136844277548911552169078452778923073,16931928767822346142127790045311281400448815916708511,33810494140058204136844277548911552169078452778923073,neither,False,1.996848356952227402085100983,0.00005975054139863023242758881589,0.1204570914596385485740190528,0,,,unspecified,False
177,552364745922238091561919045022000637317595931246011088896,43019744187771960128201515305331423415389668936120785,357845,16931928767822346142127790045311281400448815916708511,33810494140058204136844277548911552169078452778923073,16931928767822346142127790045311281400448815916708511,33810494140058204136844277548911552169078452778923073,neither,False,1.996848356952227402085100983,0.00006121044905501272789721811140,0.1234002652949056594407917126,0,,,unspecified,False
178,566500670366816952120145379831520408210047884740723212288,20271586380366029317177157931369001938668493811986991,359189,16931928767822346142127790045311281400448815916708511,33810494140058204136844277548911552169078452778923073,16931928767822346142127790045311281400448815916708511,20271586380366029317177157931369001938668493811986991,new-second,True,1.197240235199336013634719774,0.00005968306113065222951933685956,0.1203210512393948947109831089,1,00000000000000000000362e61dba7cfba02b6968a25e1fe97e586a22e87b22f,359189,unspecified,False
179,542528489142608155505707877213460200687386787807972294656,24152367056336884200861963330452292483953203719083988,362662,16931928767822346142127790045311281400448815916708511,20271586380366029317177157931369001938668493811986991,16931928767822346142127790045311281400448815916708511,20271586380366029317177157931369001938668493811986991,neither,False,1.197240235199336013634719774,0.00003736501729596263307042859145,0.07532787486866066826998404036,0,,,unspecified,False
180,545717322027080804612101478705745866012577831152301113344,186146324305448146083284605363634494842257383292684612,364761,16931928767822346142127790045311281400448815916708511,20271586380366029317177157931369001938668493811986991,16931928767822346142127790045311281400448815916708511,20271586380366029317177157931369001938668493811986991,neither,False,1.197240235199336013634719774,0.00003714667935602027188638221267,0.07488770558173686812294654074,0,,,unspecified,False
181,527827980769521817826567786138322798799309668948178370560,85180489457591737480951631883605858573011527083209046,364962,16931928767822346142127790045311281400448815916708511,20271586380366029317177157931369001938668493811986991,16931928767822346142127790045311281400448815916708511,20271586380366029317177157931369001938668493811986991,neither,False,1.197240235199336013634719774,0.00003840566835962737251297743731,0.07742582741300878298616251362,0,,,unspecified,False
182,515692606534173891771672037645739723025219384908133171200,454631982793174268683348127671609516675360197972587,368527,16931928767822346142127790045311281400448815916708511,20271586380366029317177157931369001938668493811986991,6228908493061152663119977146625125247747846173494216,16931928767822346142127790045311281400448815916708511,unique-min,True,2.718281828459045235360287471,0.00003930943768344034392934035838,0.07924782636981573336155016249,1,00000000000000000000013712632da34788a7b4ae2cd78f7982c7036610126b,368527,unspecified,False
183,511567664312971151375333957573881285830542480898837708800,51988429166211971040322789668837697479339440953213364,370215,6228908493061152663119977146625125247747846173494216,16931928767822346142127790045311281400448815916708511,6228908493061152663119977146625125247747846173494216,16931928767822346142127790045311281400448815916708511,neither,False,2.718281828459045235360287471,0.00003309812161517618696060756250,0.06672581317619519291258484600,0,,,unspecified,False
184,496889230460615059653870414954457230681194245244172894208,159307485352085462352192762413134902228840913516713051,371029,6228908493061152663119977146625125247747846173494216,16931928767822346142127790045311281400448815916708511,6228908493061152663119977146625125247747846173494216,16931928767822346142127790045311281400448815916708511,neither,False,2.718281828459045235360287471,0.00003407586184173581505708948654,0.06869693747293940315509240486,0,,,unspecified,False
185,473325989086544548323169648982069700877697035484407005184,618653595499745842402099099323300465653177598820740475,373298,6228908493061152663119977146625125247747846173494216,16931928767822346142127790045311281400448815916708511,6228908493061152663119977146625125247747846173494216,16931928767822346142127790045311281400448815916708511,neither,False,2.718281828459045235360287471,0.00003577223553791899260149975236,0.07211682684444468908462350075,0,,,unspecified,False
186,454358737757395076722955683517864397151243915416267915264,158386156655862442733687257787229446011677611091642725,375186,6228908493061152663119977146625125247747846173494216,16931928767822346142127790045311281400448815916708511,6228908493061152663119977146625125247747846173494216,16931928767822346142127790045311281400448815916708511,neither,False,2.718281828459045235360287471,0.00003726555111803121592435298611,0.07512735105395093130349561999,0,,,unspecified,False
187,443316987659242217350916733941384923365365929826941140992,190173200666007936564430602110123703706194939629299415,378411,6228908493061152663119977146625125247747846173494216,16931928767822346142127790045311281400448815916708511,6228908493061152663119977146625125247747846173494216,16931928767822346142127790045311281400448815916708511,neither,False,2.718281828459045235360287471,0.00003819372872946875759040876662,0.07699855711860901530226407350,0,,,unspecified,False
188,442802913227320896234856097023585967110900073490544590848,30074435645131927985579592775220850437178866852009666,380511,6228908493061152663119977146625125247747846173494216,16931928767822346142127790045311281400448815916708511,6228908493061152663119977146625125247747846173494216,16931928767822346142127790045311281400448815916708511,neither,False,2.718281828459045235360287471,0.00003823806994496902465487239648,0.07708794900905755370422275130,0,,,unspecified,False
189,433057199397126884276233483897801969646324654385408245760,241823826217701186126973826862349359693365804342448374,381387,6228908493061152663119977146625125247747846173494216,16931928767822346142127790045311281400448815916708511,6228908493061152663119977146625125247747846173494216,16931928767822346142127790045311281400448815916708511,neither,False,2.718281828459045235360287471,0.00003909859665511585750802508960,0.07882277085671356873617858063,0,,,unspecified,False
190,409419129139225030716120689261979366152221060879441985536,304500925256808017962175865585800732587422834992110145,383297,6228908493061152663119977146625125247747846173494216,16931928767822346142127790045311281400448815916708511,6228908493061152663119977146625125247747846173494216,16931928767822346142127790045311281400448815916708511,neither,False,2.718281828459045235360287471,0.00004135597866035360243962813958,0.08337365297927286251829032939,0,,,unspecified,False
191,370716507988397359530778284103407727265240291588416995328,51154294059151731867364499570249080713861534759522749,386254,6228908493061152663119977146625125247747846173494216,16931928767822346142127790045311281400448815916708511,6228908493061152663119977146625125247747846173494216,16931928767822346142127790045311281400448815916708511,neither,False,2.718281828459045235360287471,0.00004567352249755298084171047155,0.09207782135506680937688831064,0,,,unspecified,False
192,340818253309165415058055171484606858815006633875327680512,322970446520522683380556133728059235663710612030444207,388009,6228908493061152663119977146625125247747846173494216,16931928767822346142127790045311281400448815916708511,6228908493061152663119977146625125247747846173494216,16931928767822346142127790045311281400448815916708511,neither,False,2.718281828459045235360287471,0.00004968022869497819301792429054,0.1001553410490760371241353697,0,,,unspecified,False
193,288495652867775987986282369150900282132304927019642126336,56241709158716087181940365753443534385951658512057296,390483,6228908493061152663119977146625125247747846173494216,16931928767822346142127790045311281400448815916708511,6228908493061152663119977146625125247747846173494216,16931928767822346142127790045311281400448815916708511,neither,False,2.718281828459045235360287471,0.00005869041214143572521076089310,0.1183198708771344220248939605,0,,,unspecified,False
194,259524902203633530447121351815377152077137395840706412544,64095325861922593489714185131613879346187229060563655,391798,6228908493061152663119977146625125247747846173494216,16931928767822346142127790045311281400448815916708511,6228908493061152663119977146625125247747846173494216,16931928767822346142127790045311281400448815916708511,neither,False,2.718281828459045235360287471,0.00006524201964456144308034570829,0.1315279116034358692499769479,0,,,unspecified,False
195,237834253647442358407456603145452341381064939329604812800,41448259573872649701688928009262995392591691601754435,394212,6228908493061152663119977146625125247747846173494216,16931928767822346142127790045311281400448815916708511,6228908493061152663119977146625125247747846173494216,16931928767822346142127790045311281400448815916708511,neither,False,2.718281828459045235360287471,0.00007119213699521044626772913865,0.1435233481823442596757419435,0,,,unspecified,False
196,224600391397450328424792273873642383828872941895338164224,114103709742460240926994889508903436697140336607048334,395450,6228908493061152663119977146625125247747846173494216,16931928767822346142127790045311281400448815916708511,6228908493061152663119977146625125247747846173494216,16931928767822346142127790045311281400448815916708511,neither,False,2.718281828459045235360287471,0.00007538690677461819416701991026,0.1519800040576302794407121391,0,,,unspecified,False
197,187067719845325692996306936867878122094522982476155977728,47811961610872678720161436036042664830020625742072254,397206,6228908493061152663119977146625125247747846173494216,16931928767822346142127790045311281400448815916708511,6228908493061152663119977146625125247747846173494216,16931928767822346142127790045311281400448815916708511,neither,False,2.718281828459045235360287471,0.00009051229566395673582413721971,0.1824727880585367794214606349,0,,,unspecified,False
198,164898540577033087399552264895286015147022701908103004160,49263038134685729266398201608744526821073264046602859,400223,6228908493061152663119977146625125247747846173494216,16931928767822346142127790045311281400448815916708511,6228908493061152663119977146625125247747846173494216,16931928767822346142127790045311281400448815916708511,neither,False,2.718281828459045235360287471,0.0001026808891611294778750013505,0.2070046725488370273960027226,0,,,unspecified,False
199,170169861298531990750482624090969781281789404909188153344,82516574220623901524437839291226600315224857770634271,401453,6228908493061152663119977146625125247747846173494216,16931928767822346142127790045311281400448815916708511,6228908493061152663119977146625125247747846173494216,16931928767822346142127790045311281400448815916708511,neither,False,2.718281828459045235360287471,0.00009950016200646931655154239928,0.2005923266050421421679094769,0,,,unspecified,False
200,162900609378736249874251099581569547607832255884553093120,7454892593984592460058730579129451627137415313279074,403425,6228908493061152663119977146625125247747846173494216,16931928767822346142127790045311281400448815916708511,6228908493061152663119977146625125247747846173494216,7454892593984592460058730579129451627137415313279074,new-second,True,1.196821658608270652653359939,0.0001039402420432719724186973213,0.2095435279592362963960937997,2,0000000000000000000013ecd83165a37e62a752a6c141ff10cc168857e6c862;000000000000000000001a1ff06cbb91e09abbe366e4917edda33b8d7405847a,403425;403339,unspecified,True
201,161578008857017275969393492955354620126364423170461532160,15299821491145429274413695811222225749954562899362271,406361,6228908493061152663119977146625125247747846173494216,7454892593984592460058730579129451627137415313279074,6228908493061152663119977146625125247747846173494216,7454892593984592460058730579129451627137415313279074,neither,False,1.196821658608270652653359939,0.00004613803974142010292823546775,0.09301428811870292750332270300,0,,,unspecified,False
202,150883090635422687830679296233896712896447026244773478400,99144166335128954683244846325682804377212115862761296,407947,6228908493061152663119977146625125247747846173494216,7454892593984592460058730579129451627137415313279074,6228908493061152663119977146625125247747846173494216,7454892593984592460058730579129451627137415313279074,neither,False,1.196821658608270652653359939,0.00004940840330476643890791090225,0.09960734106240914083834837894,0,,,unspecified,False
203,150899178845446426410002882396535253739927398750206558208,36989119609078130546817179657208519771204980440788547,409975,6228908493061152663119977146625125247747846173494216,7454892593984592460058730579129451627137415313279074,6228908493061152663119977146625125247747846173494216,7454892593984592460058730579129451627137415313279074,neither,False,1.196821658608270652653359939,0.00004940313559704671165330525566,0.09959672136364617069306339543,0,,,unspecified,False
204,138784382553152119468195441786396823230753870240366460928,12897322651004018536262219466649007887671124841570633,411979,6228908493061152663119977146625125247747846173494216,7454892593984592460058730579129451627137415313279074,6228908493061152663119977146625125247747846173494216,7454892593984592460058730579129451627137415313279074,neither,False,1.196821658608270652653359939,0.00005371564477818310782553356384,0.1082907398728171453762756647,0,,,unspecified,False
205,135262935280049154152065372885142255350817451144176992256,221491881074478720769013626983093188101919859056219431,414062,6228908493061152663119977146625125247747846173494216,7454892593984592460058730579129451627137415313279074,6228908493061152663119977146625125247747846173494216,7454892593984592460058730579129451627137415313279074,neither,False,1.196821658608270652653359939,0.00005511408264614352951264298862,0.1111099906146253554974882651,0,,,unspecified,False
206,137505556928474480767543871928291413858290772017802117120,15919991938095219720150567045358456012058598611756368,415683,6228908493061152663119977146625125247747846173494216,7454892593984592460058730579129451627137415313279074,6228908493061152663119977146625125247747846173494216,7454892593984592460058730579129451627137415313279074,neither,False,1.196821658608270652653359939,0.00005421520962867241415593102172,0.1092978626114035869383569398,0,,,unspecified,False
207,128713911367130082233924624261304605948946745676720504832,168559566913975444743209755012088638327895095030966003,418392,6228908493061152663119977146625125247747846173494216,7454892593984592460058730579129451627137415313279074,6228908493061152663119977146625125247747846173494216,7454892593984592460058730579129451627137415313279074,neither,False,1.196821658608270652653359939,0.00005791831290652831984753233544,0.1167633188195610928126251883,0,,,unspecified,False
208,126333978716874242627475052620752087219210710628817698816,33080910953628017991419863763153566281997392226558532,420778,6228908493061152663119977146625125247747846173494216,7454892593984592460058730579129451627137415313279074,6228908493061152663119977146625125247747846173494216,7454892593984592460058730579129451627137415313279074,neither,False,1.196821658608270652653359939,0.00005900940245610149129034081254,0.1189629553515006064413270781,0,,,unspecified,False
209,126278605342839049377710151409810132688161986656629424128,90485274362860374087092834794130701629740996334561134,423141,6228908493061152663119977146625125247747846173494216,7454892593984592460058730579129451627137415313279074,6228908493061152663119977146625125247747846173494216,7454892593984592460058730579129451627137415313279074,neither,False,1.196821658608270652653359939,0.00005903527817515084056195692937,0.1190151208011040945729051696,0,,,unspecified,False
210,133533639774706835230353390473157702360903922769486413824,104615386101125975308736859088996698802757233458135710,424190,6228908493061152663119977146625125247747846173494216,7454892593984592460058730579129451627137415313279074,6228908493061152663119977146625125247747846173494216,7454892593984592460058730579129451627137415313279074,neither,False,1.196821658608270652653359939,0.00005582782440860759658223995557,0.1125488940077529147097957505,0,,,unspecified,False
211,124022888639743237872084547350559836284832548627419234304,70234226493291199876962802955399478663437638402692949,427352,6228908493061152663119977146625125247747846173494216,7454892593984592460058730579129451627137415313279074,6228908493061152663119977146625125247747846173494216,7454892593984592460058730579129451627137415313279074,neither,False,1.196821658608270652653359939,0.00006010900629511435137318171949,0.1211797566909505323683343465,0,,,unspecified,False
212,122123731568103772089607259872577666017242529148853813248,68945995640787392643907711015580763872876436832864601,429033,6228908493061152663119977146625125247747846173494216,7454892593984592460058730579129451627137415313279074,6228908493061152663119977146625125247747846173494216,7454892593984592460058730579129451627137415313279074,neither,False,1.196821658608270652653359939,0.00006104376682780350252012134845,0.1230642339248518610805646385,0,,,unspecified,False
213,119378259820331825692479928211144812308894309500762193920,47029866553766876365921437634342320170115915008866222,431228,6228908493061152663119977146625125247747846173494216,7454892593984592460058730579129451627137415313279074,6228908493061152663119977146625125247747846173494216,7454892593984592460058730579129451627137415313279074,neither,False,1.196821658608270652653359939,0.00006244765676099190036853282698,0.1258944760301596711429621792,0,,,unspecified,False
214,111759931157462873316041289986819959868258380300102402048,117427779334866944537364814227725865730304998442218103,432404,6228908493061152663119977146625125247747846173494216,7454892593984592460058730579129451627137415313279074,6228908493061152663119977146625125247747846173494216,7454892593984592460058730579129451627137415313279074,neither,False,1.196821658608270652653359939,0.00006670452027642274612861981970,0.1344763128772682561952975565,0,,,unspecified,False
215,104283029085035157753191385936387396702868516379761311744,37725247088955664816880494119209068800918328755471242,435177,6228908493061152663119977146625125247747846173494216,7454892593984592460058730579129451627137415313279074,6228908493061152663119977146625125247747846173494216,7454892593984592460058730579129451627137415313279074,neither,False,1.196821658608270652653359939,0.00007148711213505003390661647043,0.1441180180642608683557388044,0,,,unspecified,False
216,106299667504289830835845558415962632664710558339861315584,34823717343169696150180858615324130883836022207178415,437178,6228908493061152663119977146625125247747846173494216,7454892593984592460058730579129451627137415313279074,6228908493061152663119977146625125247747846173494216,7454892593984592460058730579129451627137415313279074,neither,False,1.196821658608270652653359939,0.00007013091168590666299650059168,0.1413839179587878326009451928,0,,,unspecified,False
217,105881374043672627773432318187360570734220873198601240576,6224795624710670332211193271649003625222520774523512,438452,6228908493061152663119977146625125247747846173494216,7454892593984592460058730579129451627137415313279074,6224795624710670332211193271649003625222520774523512,6228908493061152663119977146625125247747846173494216,unique-min,True,1.000660723435506125199231604,0.00007040796987494411811682062327,0.1419424672678873421235103765,1,0000000000000000000010a32d9196acb66d4b91b4a23a79cec184b16122fa78,438452,unspecified,False
218,95668727978371040303278646201741713440261619517174579200,21632792563469581946334342243787603983568949683465538,440283,6224795624710670332211193271649003625222520774523512,6228908493061152663119977146625125247747846173494216,6224795624710670332211193271649003625222520774523512,6228908493061152663119977146625125247747846173494216,neither,False,1.000660723435506125199231604,0.00006510913884492533028227470354,0.1312600239113694658490658024,0,,,unspecified,False
219,94012390634764280055243391736606357298689315295029362688,90906085684687549760916216573430800353885691278686246,443182,6224795624710670332211193271649003625222520774523512,6228908493061152663119977146625125247747846173494216,6224795624710670332211193271649003625222520774523512,6228908493061152663119977146625125247747846173494216,neither,False,1.000660723435506125199231604,0.00006625625038363615252405806312,0.1335726007734104834885010553,0,,,unspecified,False
220,86923102180582917240747796162767475850640519180006195200,93715682552436509898574818480897483584134106345050295,444564,6224795624710670332211193271649003625222520774523512,6228908493061152663119977146625125247747846173494216,6224795624710670332211193271649003625222520774523512,6228908493061152663119977146625125247747846173494216,neither,False,1.000660723435506125199231604,0.00007165998838974456882891484642,0.1444665365937250507590923304,0,,,unspecified,False
221,84861566431029438820446406485131195674434646972185968640,7447046001739071234969123925706817951333320106413917,446634,6224795624710670332211193271649003625222520774523512,6228908493061152663119977146625125247747846173494216,6224795624710670332211193271649003625222520774523512,6228908493061152663119977146625125247747846173494216,neither,False,1.000660723435506125199231604,0.00007340081918148009149825911732,0.1479760514698638644604903805,0,,,unspecified,False
222,80022382513656536844370512820784980102919810105407963136,1960227581206516358968360803844409571652857494294664,448044,6224795624710670332211193271649003625222520774523512,6228908493061152663119977146625125247747846173494216,2289974335825000601907194108849589095229160009203070,6224795624710670332211193271649003625222520774523512,unique-min,True,2.718281828459045235360287471,0.00007783957809551763341847869467,0.1569245894405635489716530485,1,00000000000000000000053d3dfcc6d5bdf653567672b3e3771c54a36b0cd088,448044,unspecified,False
223,68605739707508652902977299640495787127103841947617329152,57272837467560350698034236237101615882549252638400716,451183,2289974335825000601907194108849589095229160009203070,6224795624710670332211193271649003625222520774523512,2289974335825000601907194108849589095229160009203070,6224795624710670332211193271649003625222520774523512,neither,False,2.718281828459045235360287471,0.00009073286945449826129614946116,0.1829174648202684947730373138,0,,,unspecified,False
224,63859343606086615291372321518809062931940920926127783936,10099314488463639304675057928266246747801230243110580,453142,2289974335825000601907194108849589095229160009203070,6224795624710670332211193271649003625222520774523512,2289974335825000601907194108849589095229160009203070,6224795624710670332211193271649003625222520774523512,neither,False,2.718281828459045235360287471,0.00009747666156902632793978848404,0.1965129497231570771266135839,0,,,unspecified,False
225,61163258921643354765656928775243357859392914550528409600,2065689469697045055722211699828315646052021957347625,453766,2289974335825000601907194108849589095229160009203070,6224795624710670332211193271649003625222520774523512,2065689469697045055722211699828315646052021957347625,2289974335825000601907194108849589095229160009203070,unique-min,True,1.108576274129358497075425417,0.0001017734459291205546969936580,0.2051752669931070382691392146,1,00000000000000000000058566ef69bee8868208a18eb54c837eb11773bcc929,453766,unspecified,False
226,58509826700983959310706392369835644790490546910263246848,48508556735647609458344893446468163476386537494134681,456575,2065689469697045055722211699828315646052021957347625,2289974335825000601907194108849589095229160009203070,2065689469697045055722211699828315646052021957347625,2289974335825000601907194108849589095229160009203070,neither,False,1.108576274129358497075425417,0.00003913828607847321005507592824,0.07890278473420199147103307132,0,,,unspecified,False
227,56672777602924507578641088682504585686103825941044133888,400856443563599500778815340106626023833365142797970,458091,2065689469697045055722211699828315646052021957347625,2289974335825000601907194108849589095229160009203070,759924687745881972831188843587903904007607495569435,2065689469697045055722211699828315646052021957347625,unique-min,True,2.718281828459045235360287471,0.00004040695432063718291737100926,0.08146041991040456076141995466,1,00000000000000000000011246f099d94f91628d71c9d75ad2f9a06e2beb7e92,458091,unspecified,False
228,53958359841942568206719748916397287559357255547625668608,12504296633477462473018650212529734532662504265071775,461051,759924687745881972831188843587903904007607495569435,2065689469697045055722211699828315646052021957347625,759924687745881972831188843587903904007607495569435,2065689469697045055722211699828315646052021957347625,neither,False,2.718281828459045235360287471,0.00003828302927939178182750233804,0.07717858702725383216424471350,0,,,unspecified,False
229,51764751112426770751506128647798102319231116027761786880,11793172456314204704306942532614725584897117118982053,463556,759924687745881972831188843587903904007607495569435,2065689469697045055722211699828315646052021957347625,759924687745881972831188843587903904007607495569435,2065689469697045055722211699828315646052021957347625,neither,False,2.718281828459045235360287471,0.00003990532988771872351269366621,0.08044914505364094660159043107,0,,,unspecified,False
230,51649140486907347007064544362790913467244253139882213376,34653255454917913683734335548146976173383467685470235,464868,759924687745881972831188843587903904007607495569435,2065689469697045055722211699828315646052021957347625,759924687745881972831188843587903904007607495569435,2065689469697045055722211699828315646052021957347625,neither,False,2.718281828459045235360287471,0.00003999465335189229670978320406,0.08062922115741487016692293939,0,,,unspecified,False
231,48144529712666433692552181910809237167694270386587828224,11968160306940649891226908211925046845270376150053203,467054,759924687745881972831188843587903904007607495569435,2065689469697045055722211699828315646052021957347625,759924687745881972831188843587903904007607495569435,2065689469697045055722211699828315646052021957347625,neither,False,2.718281828459045235360287471,0.00004290600577106850373097966403,0.08649850763447410352165500269,0,,,unspecified,False
232,45240046586752885057924289339576851866807485277820420096,3276550377644933484116831378397065440405932959904614,468594,759924687745881972831188843587903904007607495569435,2065689469697045055722211699828315646052021957347625,759924687745881972831188843587903904007607495569435,2065689469697045055722211699828315646052021957347625,neither,False,2.718281828459045235360287471,0.00004566063975499788275826798925,0.09205184974607573164066826633,0,,,unspecified,False
233,39718797393257298660757754408019939605415460564426031104,13263911687460139751161025653437543418912095713060654,470305,759924687745881972831188843587903904007607495569435,2065689469697045055722211699828315646052021957347625,759924687745881972831188843587903904007607495569435,2065689469697045055722211699828315646052021957347625,neither,False,2.718281828459045235360287471,0.00005200785535484814280088105755,0.1048478363953738558865762120,0,,,unspecified,False
234,37880625861940376795251270290737354395669643839013912576,14998318441086455386255200757119716504247832227233307,473595,759924687745881972831188843587903904007607495569435,2065689469697045055722211699828315646052021957347625,759924687745881972831188843587903904007607495569435,2065689469697045055722211699828315646052021957347625,neither,False,2.718281828459045235360287471,0.00005453155597865914694505197428,0.1099356168529768402412247802,0,,,unspecified,False
235,38043004539854389433075372490391464304285496568268718080,74911038157806841656685150431956598368991777522846369,474955,759924687745881972831188843587903904007607495569435,2065689469697045055722211699828315646052021957347625,759924687745881972831188843587903904007607495569435,2065689469697045055722211699828315646052021957347625,neither,False,2.718281828459045235360287471,0.00005429879933728682131784748415,0.1094663794639702317767805280,0,,,unspecified,False
236,33509870757351677175294676059494700127350769223450230784,23692115159894117303981245445396368736863746887852799,477036,759924687745881972831188843587903904007607495569435,2065689469697045055722211699828315646052021957347625,759924687745881972831188843587903904007607495569435,2065689469697045055722211699828315646052021957347625,neither,False,2.718281828459045235360287471,0.00006164420879611589468535050007,0.1242747249329696436856666081,0,,,unspecified,False
237,31340207270661909233492904963194738468218672502370467840,21711600709864076491581125508652538251330049423342282,479143,759924687745881972831188843587903904007607495569435,2065689469697045055722211699828315646052021957347625,759924687745881972831188843587903904007607495569435,2065689469697045055722211699828315646052021957347625,neither,False,2.718281828459045235360287471,0.00006591179987602607284186393109,0.1328781885500685628491976851,0,,,unspecified,False
238,29201223626342991605750065618903157022235193117232857088,5545278862586565848057336017384504401158070277160520,480640,759924687745881972831188843587903904007607495569435,2065689469697045055722211699828315646052021957347625,759924687745881972831188843587903904007607495569435,2065689469697045055722211699828315646052021957347625,neither,False,2.718281828459045235360287471,0.00007073982570489088755123426850,0.1426114886210600293032882853,0,,,unspecified,False
239,30353962581764818649842367179120467226026534727449575424,8570792350578775384880443828823151939134024282498184,483741,759924687745881972831188843587903904007607495569435,2065689469697045055722211699828315646052021957347625,759924687745881972831188843587903904007607495569435,2065689469697045055722211699828315646052021957347625,neither,False,2.718281828459045235360287471,0.00006805337076280151353521838292,0.1371955954578078512870002600,0,,,unspecified,False
240,29217311836366730185073651781541697865715565622665936896,49227409101751536664207724701597785135170566956242583,484979,759924687745881972831188843587903904007607495569435,2065689469697045055722211699828315646052021957347625,759924687745881972831188843587903904007607495569435,2065689469697045055722211699828315646052021957347625,neither,False,2.718281828459045235360287471,0.00007070087355284634582216557847,0.1425329610825382331774858062,0,,,unspecified,False
241,24433127148609864747615599184820261456796420809345204224,4217250784956231538541376457398865935796948361658931,487667,759924687745881972831188843587903904007607495569435,2065689469697045055722211699828315646052021957347625,759924687745881972831188843587903904007607495569435,2065689469697045055722211699828315646052021957347625,neither,False,2.718281828459045235360287471,0.00008454462079834809493444095596,0.1704419555294697593878329672,0,,,unspecified,False
242,23988269434232535193761088780698748366141469438183997440,1386671116555094675513582939323507549328345935414818,488837,759924687745881972831188843587903904007607495569435,2065689469697045055722211699828315646052021957347625,759924687745881972831188843587903904007607495569435,1386671116555094675513582939323507549328345935414818,new-second,True,1.824748082166263373501224516,0.00008611248407728806038522548839,0.1736027678998127297366145846,1,0000000000000000000003b4cc8365995e7567c7720b51e595ae54e9fe748622,488837,unspecified,False
243,22526487188587264742197108840494583820145762956159746048,874868121823304462093954538863547174166722959235449,491270,759924687745881972831188843587903904007607495569435,1386671116555094675513582939323507549328345935414818,759924687745881972831188843587903904007607495569435,874868121823304462093954538863547174166722959235449,new-second,True,1.151256349386900632402827401,0.00006155736156046702861740668539,0.1240996409059015296926918778,1,0000000000000000000002569beb610e7f806774fd0c650c415a78a087b9d979,491270,unspecified,False
244,18556440756915402760741928101946749165024073301499052032,4663326853897579902640615612517347549308456881971153,492602,759924687745881972831188843587903904007607495569435,874868121823304462093954538863547174166722959235449,759924687745881972831188843587903904007607495569435,874868121823304462093954538863547174166722959235449,neither,False,1.151256349386900632402827401,0.00004714633227804036642638690896,0.09504700587252937871559600844,0,,,unspecified,False
245,19758940920085072387393228723348383373068660102939017216,7284807742323866301785664777031331570683467440658594,495040,759924687745881972831188843587903904007607495569435,874868121823304462093954538863547174166722959235449,759924687745881972831188843587903904007607495569435,874868121823304462093954538863547174166722959235449,neither,False,1.151256349386900632402827401,0.00004427707564700475381359018999,0.08926258450436158368819782300,0,,,unspecified,False
246,20014481558369106100835306608979160026489460596213284864,11467612002363267570734171349846692263342906441380243,497926,759924687745881972831188843587903904007607495569435,874868121823304462093954538863547174166722959235449,759924687745881972831188843587903904007607495569435,874868121823304462093954538863547174166722959235449,neither,False,1.151256349386900632402827401,0.00004371175537432175671382793442,0.08812289883463266153507711576,0,,,unspecified,False
247,16946123176864917983795071264823963343174695083267063808,1736005350689655913361398535025998964254707722305345,498549,759924687745881972831188843587903904007607495569435,874868121823304462093954538863547174166722959235449,759924687745881972831188843587903904007607495569435,874868121823304462093954538863547174166722959235449,neither,False,1.151256349386900632402827401,0.00005162644651478082824386796025,0.1040789161737981497396378078,0,,,unspecified,False
248,14392961660539521116256653268419249019684881662910398464,273821822189920923156264704075196689375522326473102,500174,759924687745881972831188843587903904007607495569435,874868121823304462093954538863547174166722959235449,279560669460337862922022417843991012814456935316877,759924687745881972831188843587903904007607495569435,unique-min,True,2.718281828459045235360287471,0.00006078444051038415486884274412,0.1225414320689344562155869721,1,0000000000000000000000bb5b432a764ad6c7acf677dcd99161abfdf68e698e,500174,unspecified,False
249,13960450711994363030255127593764523087979983609872252928,903520900048883921748915573459612441888718423198482,502579,279560669460337862922022417843991012814456935316877,759924687745881972831188843587903904007607495569435,279560669460337862922022417843991012814456935316877,759924687745881972831188843587903904007607495569435,neither,False,2.718281828459045235360287471,0.00005443410842695641016303318768,0.1097391625887441228886749064,0,,,unspecified,False
250,12101157559014734955774763823279522156034099347349045248,6643731824635516385857824416725283397671222922095855,506007,279560669460337862922022417843991012814456935316877,759924687745881972831188843587903904007607495569435,279560669460337862922022417843991012814456935316877,759924687745881972831188843587903904007607495569435,neither,False,2.718281828459045235360287471,0.00006279768559659629266968752424,0.1266001341627381260220900489,0,,,unspecified,False
251,10356793971791534424976101420669664288187918308140384256,17425306953968621754268823162027766853399099763163319,507820,279560669460337862922022417843991012814456935316877,759924687745881972831188843587903904007607495569435,279560669460337862922022417843991012814456935316877,759924687745881972831188843587903904007607495569435,neither,False,2.718281828459045235360287471,0.00007337451047260999162308705949,0.1479230131127817431121435120,0,,,unspecified,False
252,9378292318569022964986206758839123913433917663832178688,1870670397815577451309349355930900755074661701905376,508363,279560669460337862922022417843991012814456935316877,759924687745881972831188843587903904007607495569435,279560669460337862922022417843991012814456935316877,759924687745881972831188843587903904007607495569435,neither,False,2.718281828459045235360287471,0.00008103017712950051182096272787,0.1633568370930730318310608594,0,,,unspecified,False
253,8964447668935855171055978546867850348456065181232922624,2592198846881229070409630778007552952859942808891855,511881,279560669460337862922022417843991012814456935316877,759924687745881972831188843587903904007607495569435,279560669460337862922022417843991012814456935316877,759924687745881972831188843587903904007607495569435,neither,False,2.718281828459045235360287471,0.00008477094359970652091580805998,0.1708982222970083461662690490,0,,,unspecified,False
254,8192878571041388924351625416816775770172128369752145920,789235108657366772480041610433243980346960493509756,512588,279560669460337862922022417843991012814456935316877,759924687745881972831188843587903904007607495569435,279560669460337862922022417843991012814456935316877,759924687745881972831188843587903904007607495569435,neither,False,2.718281828459045235360287471,0.00009275429644861545602323914394,0.1869926616404087593428501142,0,,,unspecified,False
255,7786052052270684126234611299412205796254663675224260608,250605414228549862723444011738687047217266540047314,515910,279560669460337862922022417843991012814456935316877,759924687745881972831188843587903904007607495569435,250605414228549862723444011738687047217266540047314,279560669460337862922022417843991012814456935316877,unique-min,True,1.115541219733509309936877792,0.00009760077156487304116218709403,0.1967631554747840509829691816,1,0000000000000000000000ab789f6d71d9642ae3f697975ccd00afcb98fe6bd2,515910,unspecified,False
256,7678459224733657715202292429397298472913633233275453440,1322160918572813101796091881327105804473430109829914,517601,250605414228549862723444011738687047217266540047314,279560669460337862922022417843991012814456935316877,250605414228549862723444011738687047217266540047314,279560669460337862922022417843991012814456935316877,neither,False,1.115541219733509309936877792,0.00003640843316062995284004118953,0.07339940125182998492552303810,0,,,unspecified,False
257,7021961458254440109762706424650140438182306270565892096,2439047307233932362069008003791156967093795895828782,518334,250605414228549862723444011738687047217266540047314,279560669460337862922022417843991012814456935316877,250605414228549862723444011738687047217266540047314,279560669460337862922022417843991012814456935316877,neither,False,1.115541219733509309936877792,0.00003981233322374752466017631821,0.08026166377907500971491545751,0,,,unspecified,False
258,6702918573828378664524678433037841287557455508299317248,816216403176071479239327303128138159713464831998383,522090,250605414228549862723444011738687047217266540047314,279560669460337862922022417843991012814456935316877,250605414228549862723444011738687047217266540047314,279560669460337862922022417843991012814456935316877,neither,False,1.115541219733509309936877792,0.00004170730501663643308164318173,0.08408192691353904909259265438,0,,,unspecified,False
259,6505870154073602347674948421782035713149324747260035072,683488429106773490238782698642667137039336277709073,522896,250605414228549862723444011738687047217266540047314,279560669460337862922022417843991012814456935316877,250605414228549862723444011738687047217266540047314,279560669460337862922022417843991012814456935316877,neither,False,1.115541219733509309936877792,0.00004297052705321716619831508416,0.08662858253928580705580320966,0,,,unspecified,False
260,6259542822111302646229226565336702507884435252736688128,749133285315719781728802825607738289499915599920140,524513,250605414228549862723444011738687047217266540047314,279560669460337862922022417843991012814456935316877,250605414228549862723444011738687047217266540047314,279560669460337862922022417843991012814456935316877,neither,False,1.115541219733509309936877792,0.00004466151560986428188222028170,0.09003761546948639227455608791,0,,,unspecified,False
261,5456617206587901877414813377199700077413780408546361344,1064554911023182181389363059752800622670575098980728,527442,250605414228549862723444011738687047217266540047314,279560669460337862922022417843991012814456935316877,250605414228549862723444011738687047217266540047314,279560669460337862922022417843991012814456935316877,neither,False,1.115541219733509309936877792,0.00005123332989582221613697269347,0.1032863930699775877321369500,0,,,unspecified,False
262,5309609141393698345581459330931267317315649121846034432,1022601556319314400807967520174597750977347595270222,528275,250605414228549862723444011738687047217266540047314,279560669460337862922022417843991012814456935316877,250605414228549862723444011738687047217266540047314,279560669460337862922022417843991012814456935316877,neither,False,1.115541219733509309936877792,0.00005265183594793892611642474479,0.1061461012710448750507122855,0,,,unspecified,False
263,5026314587016750785722693470327208449351582469580652544,578213187077316233364329243504024493510091084311928,532023,250605414228549862723444011738687047217266540047314,279560669460337862922022417843991012814456935316877,250605414228549862723444011738687047217266540047314,279560669460337862922022417843991012814456935316877,neither,False,1.115541219733509309936877792,0.00005561941351272731112169220078,0.1121287376416582592213314768,0,,,unspecified,False
264,5205879062684137510961952799929229129995569309608312832,3292095271718000991677012200252820491780825044608990,534069,250605414228549862723444011738687047217266540047314,279560669460337862922022417843991012814456935316877,250605414228549862723444011738687047217266540047314,279560669460337862922022417843991012814456935316877,neither,False,1.115541219733509309936877792,0.00005370095349779353484715246269,0.1082611222515517662518593648,0,,,unspecified,False
265,4531442825108320403104334767545311437480985430866264064,1207284026760965159823248168926932293306596723058883,535069,250605414228549862723444011738687047217266540047314,279560669460337862922022417843991012814456935316877,250605414228549862723444011738687047217266540047314,279560669460337862922022417843991012814456935316877,neither,False,1.115541219733509309936877792,0.00006169352240556079303640463873,0.1243741411696105587613917517,0,,,unspecified,False
266,4219470685603665866184576203153693664105230070242607104,1089169658790580547820311103401271796920505595787383,536940,250605414228549862723444011738687047217266540047314,279560669460337862922022417843991012814456935316877,250605414228549862723444011738687047217266540047314,279560669460337862922022417843991012814456935316877,neither,False,1.115541219733509309936877792,0.00006625491448824748324528043818,0.1335699076083069262224853634,0,,,unspecified,False
267,4007526641161212986792514236082843733160766044725313536,4382488162617534157345944981319162747696662566527523,539842,250605414228549862723444011738687047217266540047314,279560669460337862922022417843991012814456935316877,250605414228549862723444011738687047217266540047314,279560669460337862922022417843991012814456935316877,neither,False,1.115541219733509309936877792,0.00006975890480401969747584061849,0.1406339520849037101112946869,0,,,unspecified,False
268,3840827764407250199942201944063224491938810378873470976,1158598542289084796984667940610885043864791763454620,541629,250605414228549862723444011738687047217266540047314,279560669460337862922022417843991012814456935316877,250605414228549862723444011738687047217266540047314,279560669460337862922022417843991012814456935316877,neither,False,1.115541219733509309936877792,0.00007278656753396024418571416151,0.1467377201484638522783997496,0,,,unspecified,False
269,3769176185135465353474348091454476000617158630021529600,757270783177245101372892837173672462750363330820949,543672,250605414228549862723444011738687047217266540047314,279560669460337862922022417843991012814456935316877,250605414228549862723444011738687047217266540047314,279560669460337862922022417843991012814456935316877,neither,False,1.115541219733509309936877792,0.00007417023129957252617039754250,0.1495271862999382127595214457,0,,,unspecified,False
270,3616317728887026217259424694800679959591344645351669760,1453057745728346309825877081249005646619200614610916,545100,250605414228549862723444011738687047217266540047314,279560669460337862922022417843991012814456935316877,250605414228549862723444011738687047217266540047314,279560669460337862922022417843991012814456935316877,neither,False,1.115541219733509309936877792,0.00007730533941396147150920370200,0.1558475642585463265625546632,0,,,unspecified,False
271,3753318892370425056811838111019504329853891761930240000,2651847059255667069032495872847944244674711989927013,547981,250605414228549862723444011738687047217266540047314,279560669460337862922022417843991012814456935316877,250605414228549862723444011738687047217266540047314,279560669460337862922022417843991012814456935316877,neither,False,1.115541219733509309936877792,0.00007448359105020785813786361730,0.1501589195572190420059330525,0,,,unspecified,False
272,3752507758961706405692235065937346792777982719368888320,1290632734065417935042062738095103949079255671139469,550015,250605414228549862723444011738687047217266540047314,279560669460337862922022417843991012814456935316877,250605414228549862723444011738687047217266540047314,279560669460337862922022417843991012814456935316877,neither,False,1.115541219733509309936877792,0.00007449969125118888898074872435,0.1501913775623968001851894283,0,,,unspecified,False
273,4052052750044136275098507698196378011637603685579620352,2471780034199360885477784686378426041980701054673291,552276,250605414228549862723444011738687047217266540047314,279560669460337862922022417843991012814456935316877,250605414228549862723444011738687047217266540047314,279560669460337862922022417843991012814456935316877,neither,False,1.115541219733509309936877792,0.00006899235688807180441535862488,0.1390885914863527577013629878,0,,,unspecified,False
274,4774638159061819979596346127394133648234752261950013440,2500923521829413671722925458086876785509298011839964,554185,250605414228549862723444011738687047217266540047314,279560669460337862922022417843991012814456935316877,250605414228549862723444011738687047217266540047314,279560669460337862922022417843991012814456935316877,neither,False,1.115541219733509309936877792,0.00005855117396273425764792160314,0.1180391667088722634182099519,0,,,unspecified,False
275,5279534360700703025330663904443631645337169341976674304,5752950515730172954519563444872931581620195482785769,555601,250605414228549862723444011738687047217266540047314,279560669460337862922022417843991012814456935316877,250605414228549862723444011738687047217266540047314,279560669460337862922022417843991012814456935316877,neither,False,1.115541219733509309936877792,0.00005295176626584818743426842683,0.1067507607919499458674851485,0,,,unspecified,False
276,4798269179035823348880781507454323228379569035237392384,301424663664164609305566551583716772947704673776568,556828,250605414228549862723444011738687047217266540047314,279560669460337862922022417843991012814456935316877,250605414228549862723444011738687047217266540047314,279560669460337862922022417843991012814456935316877,neither,False,1.115541219733509309936877792,0.00005826281499207460236023263381,0.1174578350240223983582289898,0,,,unspecified,False
277,4581847093576588582947343450056030606262879232408420352,1341460580737738360498647144765719057636018316571905,560350,250605414228549862723444011738687047217266540047314,279560669460337862922022417843991012814456935316877,250605414228549862723444011738687047217266540047314,279560669460337862922022417843991012814456935316877,neither,False,1.115541219733509309936877792,0.00006101484046734368019168606911,0.1230059183821648592664391153,0,,,unspecified,False
278,4636475101776743072223960781733299832971578678999777280,927157853985600986814211247257542456094756165989669,561098,250605414228549862723444011738687047217266540047314,279560669460337862922022417843991012814456935316877,250605414228549862723444011738687047217266540047314,279560669460337862922022417843991012814456935316877,neither,False,1.115541219733509309936877792,0.00006029594968669355132156865286,0.1215566345683741994642824042,0,,,unspecified,False
279,4447653474738502407900799312400854215681091162244907008,2034245562998583007475268410553229894290171059718087,563283,250605414228549862723444011738687047217266540047314,279560669460337862922022417843991012814456935316877,250605414228549862723444011738687047217266540047314,279560669460337862922022417843991012814456935316877,neither,False,1.115541219733509309936877792,0.00006285576676514226292790404145,0.1267172257985268020626545476,0,,,unspecified,False
280,4440088742263677654396177039706714734771352055402463232,2961848900546668029813956438086522493409966766903006,566018,250605414228549862723444011738687047217266540047314,279560669460337862922022417843991012814456935316877,250605414228549862723444011738687047217266540047314,279560669460337862922022417843991012814456935316877,neither,False,1.115541219733509309936877792,0.00006296285630494183592546128618,0.1269331183107627412257299529,0,,,unspecified,False
281,4442250303185290059812200289574302117357423179633524736,2556867830348594321011095601665414035137321793023767,566932,250605414228549862723444011738687047217266540047314,279560669460337862922022417843991012814456935316877,250605414228549862723444011738687047217266540047314,279560669460337862922022417843991012814456935316877,neither,False,1.115541219733509309936877792,0.00006293221911873819692717052255,0.1268713537433762050051757735,0,,,unspecified,False
282,4226119056551884143559484765457720035561644907380604928,1281469314231026565550787265493986580982428837367547,568963,250605414228549862723444011738687047217266540047314,279560669460337862922022417843991012814456935316877,250605414228549862723444011738687047217266540047314,279560669460337862922022417843991012814456935316877,neither,False,1.115541219733509309936877792,0.00006615068475814145376939945324,0.1333597804724131707991092977,0,,,unspecified,False
283,4217024131862773934699503234743726606330326039165665280,7207053939472143555690431165472442086724088977459844,571071,250605414228549862723444011738687047217266540047314,279560669460337862922022417843991012814456935316877,250605414228549862723444011738687047217266540047314,279560669460337862922022417843991012814456935316877,neither,False,1.115541219733509309936877792,0.00006629335301831633884335162730,0.1336473996849257391081968806,0,,,unspecified,False
284,4243570847603252455305754966045185171099356397876281344,588024368062156663728609992112224613028261812319098,572822,250605414228549862723444011738687047217266540047314,279560669460337862922022417843991012814456935316877,250605414228549862723444011738687047217266540047314,279560669460337862922022417843991012814456935316877,neither,False,1.115541219733509309936877792,0.00006587863841562403224455868008,0.1328113350458980490050302991,0,,,unspecified,False
285,4022508494445492072607020209303018350395259009223360512,343910623482682337543120434294251187973634047250425,575171,250605414228549862723444011738687047217266540047314,279560669460337862922022417843991012814456935316877,250605414228549862723444011738687047217266540047314,279560669460337862922022417843991012814456935316877,neither,False,1.115541219733509309936877792,0.00006949908740935441028498985659,0.1401101602172584911345395509,0,,,unspecified,False
286,4021030916290150529756716283937142188262386861422411776,623213914979539357278643918624822677067233250477150,577021,250605414228549862723444011738687047217266540047314,279560669460337862922022417843991012814456935316877,250605414228549862723444011738687047217266540047314,279560669460337862922022417843991012814456935316877,neither,False,1.115541219733509309936877792,0.00006952462571918341747424255004,0.1401616454498737696280729809,0,,,unspecified,False
287,3614033401827878015998272335407144409231622422786998272,1105233783988195244811330549824391365863385352372948,580345,250605414228549862723444011738687047217266540047314,279560669460337862922022417843991012814456935316877,250605414228549862723444011738687047217266540047314,279560669460337862922022417843991012814456935316877,neither,False,1.115541219733509309936877792,0.00007735420190608748049002354483,0.1559460710426723606678874664,0,,,unspecified,False
288,3638558860803927897868648370584956354584468626790678528,8658150839532347429131486485375956966728700874142157,580911,250605414228549862723444011738687047217266540047314,279560669460337862922022417843991012814456935316877,250605414228549862723444011738687047217266540047314,279560669460337862922022417843991012814456935316877,neither,False,1.115541219733509309936877792,0.00007683280115978935423852758941,0.1548949271381353381448716203,0,,,unspecified,False
289,3397669776434136486181562425402160438435718857259745280,492054719156374486799872899203208141984012487346596,582757,250605414228549862723444011738687047217266540047314,279560669460337862922022417843991012814456935316877,250605414228549862723444011738687047217266540047314,279560669460337862922022417843991012814456935316877,neither,False,1.115541219733509309936877792,0.00008228011780289535168071860657,0.1658767174906370289883287108,0,,,unspecified,False
290,2974300520630483197933400799376074857018768662277914624,37566394517181298232605889224087057760637556425325,585774,250605414228549862723444011738687047217266540047314,279560669460337862922022417843991012814456935316877,92192579740936743759077814667024874940266698570695,250605414228549862723444011738687047217266540047314,unique-min,True,2.718281828459045235360287471,0.00009399207226076719396958133347,0.1894880176777066630426759683,1,000000000000000000000019b43763eb4519f4fe65eae9be90fe73117b89026d,585774,unspecified,False
291,2990922178751847556822131306978557143801315583089180672,732914738814693151044700078020468437599588229183082,587409,92192579740936743759077814667024874940266698570695,250605414228549862723444011738687047217266540047314,92192579740936743759077814667024874940266698570695,250605414228549862723444011738687047217266540047314,neither,False,2.718281828459045235360287471,0.00008378867762220777854148163232,0.1689179740863708815396269708,0,,,unspecified,False
292,2699909434228155498652331786772923585210445951064342528,1084119514212226036740631551544304076697712433370663,590543,92192579740936743759077814667024874940266698570695,250605414228549862723444011738687047217266540047314,92192579740936743759077814667024874940266698570695,250605414228549862723444011738687047217266540047314,neither,False,2.718281828459045235360287471,0.00009281993353239732577766295832,0.1871249860013130087677685240,0,,,unspecified,False
293,2647377219375933524160418539145769508351933111739613184,1925715543935069234133069565654182514300256021663197,591458,92192579740936743759077814667024874940266698570695,250605414228549862723444011738687047217266540047314,92192579740936743759077814667024874940266698570695,250605414228549862723444011738687047217266540047314,neither,False,2.718281828459045235360287471,0.00009466177029642383192715891279,0.1908381289175904451651523682,0,,,unspecified,False
294,2502742632840755378666227277045667991877723059489079296,203884124158871390840699344928316831818728270380533,593568,92192579740936743759077814667024874940266698570695,250605414228549862723444011738687047217266540047314,92192579740936743759077814667024874940266698570695,203884124158871390840699344928316831818728270380533,new-second,True,2.211502538835451179872369342,0.0001001323152209615935143899423,0.2018667474854585725250101236,1,00000000000000000000008b80d0529bc20ac2c580f85acd2aed0baf5b82bdf5,593568,unspecified,False
295,2267299103571658911252368261549572946260211294613274624,648993090718914629103761127060389430726846035318828,595237,92192579740936743759077814667024874940266698570695,203884124158871390840699344928316831818728270380533,92192579740936743759077814667024874940266698570695,203884124158871390840699344928316831818728270380533,neither,False,2.211502538835451179872369342,0.00008992378810439888223130921228,0.1812863568184681465783193720,0,,,unspecified,False
296,2112846149036891759953684644743283440459952687539027968,514715162977485283185309465867697201821219988774263,598482,92192579740936743759077814667024874940266698570695,203884124158871390840699344928316831818728270380533,92192579740936743759077814667024874940266698570695,203884124158871390840699344928316831818728270380533,neither,False,2.211502538835451179872369342,0.00009649738304504983270755063761,0.1945387242188204627384220854,0,,,unspecified,False
297,2072520395859657486634608572838975759381606196813234176,320299530471347607003844840677311774425830260573683,600225,92192579740936743759077814667024874940266698570695,203884124158871390840699344928316831818728270380533,92192579740936743759077814667024874940266698570695,203884124158871390840699344928316831818728270380533,neither,False,2.211502538835451179872369342,0.00009837496632900571023743389999,0.1983239321192755118386667424,0,,,unspecified,False
298,1969073848467738847181233556694484530967339635488849920,5830070293168441896115026575764859795612775618737365,601875,92192579740936743759077814667024874940266698570695,203884124158871390840699344928316831818728270380533,92192579740936743759077814667024874940266698570695,203884124158871390840699344928316831818728270380533,neither,False,2.211502538835451179872369342,0.0001035431577731462683010471464,0.2087430060706628768949110472,0,,,unspecified,False
299,2119459443945814095658556318611324621123895782295994368,1970555571801793363990715733014071812325076418041936,603837,92192579740936743759077814667024874940266698570695,203884124158871390840699344928316831818728270380533,92192579740936743759077814667024874940266698570695,203884124158871390840699344928316831818728270380533,neither,False,2.211502538835451179872369342,0.00009619628473725297360465766637,0.1939317100303019947869898554,0,,,unspecified,False
300,2078088717097888226752964612051624797686495299801972736,585239044905006899932692515406065624488649505707935,605463,92192579740936743759077814667024874940266698570695,203884124158871390840699344928316831818728270380533,92192579740936743759077814667024874940266698570695,203884124158871390840699344928316831818728270380533,neither,False,2.211502538835451179872369342,0.00009811136670026366498485765748,0.1977925152677315486094730375,0,,,unspecified,False
301,2093644940525638357414324633411056914147713045789409280,634912021775506501012695035381687832380537599849729,607040,92192579740936743759077814667024874940266698570695,203884124158871390840699344928316831818728270380533,92192579740936743759077814667024874940266698570695,203884124158871390840699344928316831818728270380533,neither,False,2.211502538835451179872369342,0.00009738237855540275006503131883,0.1963228751676919441311031388,0,,,unspecified,False
302,2082043540528505650049623783208955059537684253263265792,1911548590985520443183700616793401432583740103305127,609684,92192579740936743759077814667024874940266698570695,203884124158871390840699344928316831818728270380533,92192579740936743759077814667024874940266698570695,203884124158871390840699344928316831818728270380533,neither,False,2.211502538835451179872369342,0.00009792500502036449843229452023,0.1974168101210548288395057528,0,,,unspecified,False
303,1953761695813422977307213550702116033770404430236090368,3667518234486380217349064134763964580586079503522677,612461,92192579740936743759077814667024874940266698570695,203884124158871390840699344928316831818728270380533,92192579740936743759077814667024874940266698570695,203884124158871390840699344928316831818728270380533,neither,False,2.211502538835451179872369342,0.0001043546531778978900274078559,0.2103789808066421462952542376,0,,,unspecified,False
304,1824503568004603261415443256727022530945994444270206976,792423574943148761878604727166617690405840056336690,613562,92192579740936743759077814667024874940266698570695,203884124158871390840699344928316831818728270380533,92192579740936743759077814667024874940266698570695,203884124158871390840699344928316831818728270380533,neither,False,2.211502538835451179872369342,0.0001117477256467371221095722083,0.2252834149038220381728975720,0,,,unspecified,False
305,1743137387349479903250289511035208906392689711805104128,333986233014914201358642289179769753262884267706122,616078,92192579740936743759077814667024874940266698570695,203884124158871390840699344928316831818728270380533,92192579740936743759077814667024874940266698570695,203884124158871390840699344928316831818728270380533,neither,False,2.211502538835451179872369342,0.0001169638868620026121764255772,0.2357991959137972661476739636,0,,,unspecified,False
306,1734095076719313606895363312975193263350078457161711616,1045690477445534603577951139837690407985905924150249,618604,92192579740936743759077814667024874940266698570695,203884124158871390840699344928316831818728270380533,92192579740936743759077814667024874940266698570695,203884124158871390840699344928316831818728270380533,neither,False,2.211502538835451179872369342,0.0001175737864065643459933615014,0.2370287533956337215226167868,0,,,unspecified,False
307,1740794600224838465872409004248364704712181251938713600,357293562068480239240625086076885577586132404364073,620586,92192579740936743759077814667024874940266698570695,203884124158871390840699344928316831818728270380533,92192579740936743759077814667024874940266698570695,203884124158871390840699344928316831818728270380533,neither,False,2.211502538835451179872369342,0.0001171212985911939396781624676,0.2361165379598469823911755347,0,,,unspecified,False
308,1628687194130096895725758951785196783123433634364653568,72533045771218623914847476875574206556275334177943,622050,92192579740936743759077814667024874940266698570695,203884124158871390840699344928316831818728270380533,72533045771218623914847476875574206556275334177943,92192579740936743759077814667024874940266698570695,unique-min,True,1.271042443629453850252740961,0.0001251831075320565559462948127,0.2523691447846260167877303423,1,000000000000000000000031a10e42c80137b3c3ad3e15c5dfb4ea213c83e497,622050,unspecified,False
309,1937788944419033539314165479165359776648584743473905664,1105229259600862377955387866553276974848696970555040,622957,72533045771218623914847476875574206556275334177943,92192579740936743759077814667024874940266698570695,72533045771218623914847476875574206556275334177943,92192579740936743759077814667024874940266698570695,neither,False,1.271042443629453850252740961,0.00004757617180470440959473949721,0.09591356235828408974299482639,0,,,unspecified,False
310,1832085838499075985755083973639154607251969422303166464,71572536930809161800420906224920957060243633178508,625857,72533045771218623914847476875574206556275334177943,92192579740936743759077814667024874940266698570695,71572536930809161800420906224920957060243633178508,72533045771218623914847476875574206556275334177943,unique-min,True,1.013420075375251940256662738,0.00005032110275819002853716248809,0.1014473431605110975309195760,1,000000000000000000000030f8cf8e0a76db53525aff8d56dcfdf4c74fc7878c,625857,unspecified,False
311,1689336589076054705025375464973257095873115523033071616,1795098823162123569995904244340719375249390449481569,627173,71572536930809161800420906224920957060243633178508,72533045771218623914847476875574206556275334177943,71572536930809161800420906224920957060243633178508,72533045771218623914847476875574206556275334177943,neither,False,1.013420075375251940256662738,0.00004293581648574187903118975496,0.08655860603525562812687854601,0,,,unspecified,False
312,1674005436900453533413418811078063286996924790657253376,1533781396040637684232808922733151289530579059780585,630891,71572536930809161800420906224920957060243633178508,72533045771218623914847476875574206556275334177943,71572536930809161800420906224920957060243633178508,72533045771218623914847476875574206556275334177943,neither,False,1.013420075375251940256662738,0.00004332903834859640099427271065,0.08735134131077034440445378468,0,,,unspecified,False
313,1780912820169571750977100152906426673601736600243404800,2702714281732893231778581433916417823630073403621811,631929,71572536930809161800420906224920957060243633178508,72533045771218623914847476875574206556275334177943,71572536930809161800420906224920957060243633178508,72533045771218623914847476875574206556275334177943,neither,False,1.013420075375251940256662738,0.00004072801596448292338865123060,0.08210768018439757355152088090,0,,,unspecified,False
314,1963213226902041926479236780515292236058519345991516160,4978868375878682284061570966865856565534095860755,634842,71572536930809161800420906224920957060243633178508,72533045771218623914847476875574206556275334177943,26330064889328492014716682686921905976703673595126,71572536930809161800420906224920957060243633178508,unique-min,True,2.718281828459045235360287471,0.00003694608653675181833731557864,0.07448331045809166576802820654,1,000000000000000000000003681c2df35533c9578fb6aace040b0dfe0d446413,634842,unspecified,False
315,1707948812427463753688699391317898960128433823967870976,1546729169999757681002310424537399548256766454864424,635657,26330064889328492014716682686921905976703673595126,71572536930809161800420906224920957060243633178508,26330064889328492014716682686921905976703673595126,71572536930809161800420906224920957060243633178508,neither,False,2.718281828459045235360287471,0.00004190555150718185426084409872,0.08448159183847861818986170300,0,,,unspecified,False
316,1708005810991319658902509335026374895166200405337047040,448235905084288487843480637563544812794342992753330,637882,26330064889328492014716682686921905976703673595126,71572536930809161800420906224920957060243633178508,26330064889328492014716682686921905976703673595126,71572536930809161800420906224920957060243633178508,neither,False,2.718281828459045235360287471,0.00004190415305980062859539149005,0.08447877256855806724830924391,0,,,unspecified,False
317,1554226608711362053849117616927967595838003183165112320,1083249920519035441787620531005740224482445784813573,639697,26330064889328492014716682686921905976703673595126,71572536930809161800420906224920957060243633178508,26330064889328492014716682686921905976703673595126,71572536930809161800420906224920957060243633178508,neither,False,2.718281828459045235360287471,0.00004605025839195435741146293011,0.09283732091817998454150926708,0,,,unspecified,False
318,1600203988720154928752887338080389143353359165034594304,364606352829723479011466026410085553305983398379896,641181,26330064889328492014716682686921905976703673595126,71572536930809161800420906224920957060243633178508,26330064889328492014716682686921905976703673595126,71572536930809161800420906224920957060243633178508,neither,False,2.718281828459045235360287471,0.00004472713318759626562459649039,0.09016990050619407149918652460,0,,,unspecified,False
319,1590739304116800001454600275103718494518067345886281728,292980804202503848906105700161003332391792611444191,643346,26330064889328492014716682686921905976703673595126,71572536930809161800420906224920957060243633178508,26330064889328492014716682686921905976703673595126,71572536930809161800420906224920957060243633178508,neither,False,2.718281828459045235360287471,0.00004499325360577998877044066830,0.09070639926925245736120838726,0,,,unspecified,False
320,1535456543183121267670627692621392373016562041515671552,1951034981101279950418610560983926542904448916594244,646469,26330064889328492014716682686921905976703673595126,71572536930809161800420906224920957060243633178508,26330064889328492014716682686921905976703673595126,71572536930809161800420906224920957060243633178508,neither,False,2.718281828459045235360287471,0.00004661319608722608715520548763,0.09397220331184779170489426303,0,,,unspecified,False
321,1554222224206450061140363005873469446988944215367483392,194175773342999333511070207666232200265488706917506,649141,26330064889328492014716682686921905976703673595126,71572536930809161800420906224920957060243633178508,26330064889328492014716682686921905976703673595126,71572536930809161800420906224920957060243633178508,neither,False,2.718281828459045235360287471,0.00004605038830103748170321766087,0.09283758281489156311368680429,0,,,unspecified,False
322,1395807138732878832030429199485686097922398375169228800,589902433050966392895059750543558421448829465029441,649763,26330064889328492014716682686921905976703673595126,71572536930809161800420906224920957060243633178508,26330064889328492014716682686921905976703673595126,71572536930809161800420906224920957060243633178508,neither,False,2.718281828459045235360287471,0.00005127680962842982212180848722,0.1033740482109145213975659102,0,,,unspecified,False
323,1397005570075490172423356221048513449998516239854469120,566196069422705677098141645082020479587193444173348,652660,26330064889328492014716682686921905976703673595126,71572536930809161800420906224920957060243633178508,26330064889328492014716682686921905976703673595126,71572536930809161800420906224920957060243633178508,neither,False,2.718281828459045235360287471,0.00005123282144604590751611955152,0.1032853680352285495524970158,0,,,unspecified,False
324,1348156339349342073285316259199804406349536350538039296,1184525099253652055300382013405587292964057354837288,654882,26330064889328492014716682686921905976703673595126,71572536930809161800420906224920957060243633178508,26330064889328492014716682686921905976703673595126,71572536930809161800420906224920957060243633178508,neither,False,2.718281828459045235360287471,0.00005308919658780232297330488258,0.1070278203210094831141826432,0,,,unspecified,False
325,1605902383604108119230963505243149930846997646019657728,562586879243755047116091757034897494840426089170056,656657,26330064889328492014716682686921905976703673595126,71572536930809161800420906224920957060243633178508,26330064889328492014716682686921905976703673595126,71572536930809161800420906224920957060243633178508,neither,False,2.718281828459045235360287471,0.00004456842312555744898533512897,0.08984994102112381715443561997,0,,,unspecified,False
326,1532070243889425565609149754863988745260019245813596160,44698914026980559940220631875370347384839986973561,658771,26330064889328492014716682686921905976703673595126,71572536930809161800420906224920957060243633178508,26330064889328492014716682686921905976703673595126,44698914026980559940220631875370347384839986973561,new-second,True,1.697637822575094204190500614,0.00004671622415243173527946426374,0.09417990789130237832339995567,1,00000000000000000000001e9590a06c8452a3ce553834b2bab3daebf62f8b79,658771,unspecified,False
327,1407282849589201081744164532792174352192736757496676352,138780975866259753603783007386308043648435645090527,660632,26330064889328492014716682686921905976703673595126,44698914026980559940220631875370347384839986973561,26330064889328492014716682686921905976703673595126,44698914026980559940220631875370347384839986973561,neither,False,1.697637822575094204190500614,0.00003176256574151286472926460749,0.06403333253488993529419744870,0,,,unspecified,False
328,1443989924712404039437768281050676516514415159246061568,458123515515347141433448220616232233184804436500866,661535,26330064889328492014716682686921905976703673595126,44698914026980559940220631875370347384839986973561,26330064889328492014716682686921905976703673595126,44698914026980559940220631875370347384839986973561,neither,False,1.697637822575094204190500614,0.00003095514259622215432668063647,0.06240556747398386312258816312,0,,,unspecified,False
329,1449469094350757594478113895488529861555105250349678592,74064603698834479291972597564294013953758662861346,664602,26330064889328492014716682686921905976703673595126,44698914026980559940220631875370347384839986973561,26330064889328492014716682686921905976703673595126,44698914026980559940220631875370347384839986973561,neither,False,1.697637822575094204190500614,0.00003083812838865804213443112050,0.06216966683153461294301313892,0,,,unspecified,False
330,1308244191135472445492091830103155433365752488721907712,379555438196967236236118749806500997907284933169132,665401,26330064889328492014716682686921905976703673595126,44698914026980559940220631875370347384839986973561,26330064889328492014716682686921905976703673595126,44698914026980559940220631875370347384839986973561,neither,False,1.697637822575094204190500614,0.00003416710299946736697682963511,0.06888087964692621182528854438,0,,,unspecified,False
331,1294666840924668357381979598007221164113148875397660672,768546001907017535596205609848577843732699692247374,668228,26330064889328492014716682686921905976703673595126,44698914026980559940220631875370347384839986973561,26330064889328492014716682686921905976703673595126,44698914026980559940220631875370347384839986973561,neither,False,1.697637822575094204190500614,0.00003452541813386986745288785657,0.06960324295788165278502191885,0,,,unspecified,False
332,1257769770588612382309009370720465882998915202417688576,443291748960375760669430957263121596164690629113084,671221,26330064889328492014716682686921905976703673595126,44698914026980559940220631875370347384839986973561,26330064889328492014716682686921905976703673595126,44698914026980559940220631875370347384839986973561,neither,False,1.697637822575094204190500614,0.00003553823209319326897544663448,0.07164507589987763025450041512,0,,,unspecified,False
333,1240994654795328278613867476210548386499304408689410048,1054309047430813931568828047264497481230453067177308,672342,26330064889328492014716682686921905976703673595126,44698914026980559940220631875370347384839986973561,26330064889328492014716682686921905976703673595126,44698914026980559940220631875370347384839986973561,neither,False,1.697637822575094204190500614,0.00003601861930207310421875081594,0.07261353651297937810500164493,0,,,unspecified,False
334,1256955714176619069383569918268642913356966847991250944,1009006288235763086245687251152030664989840162743194,674143,26330064889328492014716682686921905976703673595126,44698914026980559940220631875370347384839986973561,26330064889328492014716682686921905976703673595126,44698914026980559940220631875370347384839986973561,neither,False,1.697637822575094204190500614,0.00003556124811943833161272952207,0.07169147620878767653126271650,0,,,unspecified,False
335,1232968087803106959787092839109270560155354027163385856,38889447702414648438024426259921185408251326535501,675600,26330064889328492014716682686921905976703673595126,44698914026980559940220631875370347384839986973561,26330064889328492014716682686921905976703673595126,38889447702414648438024426259921185408251326535501,new-second,True,1.476997791911118387279393056,0.00003625309889944089355836657150,0.07308624738127284141366700815,1,00000000000000000000001a9bf725a1f7d019440a04f39706c083751b62974d,675600,unspecified,False
336,1165190949371886336955396954992052935118810155482873856,273392035315047381967625974363632330612145474760901,679075,26330064889328492014716682686921905976703673595126,38889447702414648438024426259921185408251326535501,26330064889328492014716682686921905976703673595126,38889447702414648438024426259921185408251326535501,neither,False,1.476997791911118387279393056,0.00003337602967425947540581989134,0.06728607582330710241813290095,0,,,unspecified,False
337,1143226041264440196997713775641159917616401145294487552,54165085145169464274832491533285285123347010728539,679468,26330064889328492014716682686921905976703673595126,38889447702414648438024426259921185408251326535501,26330064889328492014716682686921905976703673595126,38889447702414648438024426259921185408251326535501,neither,False,1.476997791911118387279393056,0.00003401728643217558627373172147,0.06857884944726598192784315049,0,,,unspecified,False
338,1308153578033957929511163201643527023818533820904243200,1870042702662749275234441364715449117010821303999938,681903,26330064889328492014716682686921905976703673595126,38889447702414648438024426259921185408251326535501,26330064889328492014716682686921905976703673595126,38889447702414648438024426259921185408251326535501,neither,False,1.476997791911118387279393056,0.00002972850310195392824527815355,0.05993266225353911934248075757,0,,,unspecified,False
339,1076379879376199359324913638762382564863378102643851264,616703179177872350621849857537787177441147561958378,684822,26330064889328492014716682686921905976703673595126,38889447702414648438024426259921185408251326535501,26330064889328492014716682686921905976703673595126,38889447702414648438024426259921185408251326535501,neither,False,1.476997791911118387279393056,0.00003612985382535436690044568662,0.07283778531191440367129850423,0,,,unspecified,False
340,1280876111474813957445809627925710317539675495922139136,806289224088874500474014087693566430261838004691652,687341,26330064889328492014716682686921905976703673595126,38889447702414648438024426259921185408251326535501,26330064889328492014716682686921905976703673595126,38889447702414648438024426259921185408251326535501,neither,False,1.476997791911118387279393056,0.00003036159965356597797624897827,0.06120898490158901160011794019,0,,,unspecified,False
341,1352521844740049480301990665795127943729248621043908608,513629341678310747529156896680048957750756924606669,689015,26330064889328492014716682686921905976703673595126,38889447702414648438024426259921185408251326535501,26330064889328492014716682686921905976703673595126,38889447702414648438024426259921185408251326535501,neither,False,1.476997791911118387279393056,0.00002875328620654484152190633281,0.05796662499239440050816316695,0,,,unspecified,False
342,1877009475827353279654828838027187714710153476809162752,755566753099462011765548591693440687536801413090121,691430,26330064889328492014716682686921905976703673595126,38889447702414648438024426259921185408251326535501,26330064889328492014716682686921905976703673595126,38889447702414648438024426259921185408251326535501,neither,False,1.476997791911118387279393056,0.00002071883397672931469712134941,0.04176916929708629842939664042,0,,,unspecified,False
343,1971793703014811657512010614168169533666919325951328256,99062921117398238117353379553829896032154964705974,691703,26330064889328492014716682686921905976703673595126,38889447702414648438024426259921185408251326535501,26330064889328492014716682686921905976703673595126,38889447702414648438024426259921185408251326535501,neither,False,1.476997791911118387279393056,0.00001972287853590052768111496617,0.03976132312837546380512777179,0,,,unspecified,False
344,1859734526474102007161661283304481249417820354151186432,598630511699313152275244919721439367045074437617044,695519,26330064889328492014716682686921905976703673595126,38889447702414648438024426259921185408251326535501,26330064889328492014716682686921905976703673595126,38889447702414648438024426259921185408251326535501,neither,False,1.476997791911118387279393056,0.00002091128983669821052411141634,0.04215716031078359241660861535,0,,,unspecified,False
345,1733053026051896673114684085689466553557063777258569728,88218590520265816733509724553400945376765774312094,696345,26330064889328492014716682686921905976703673595126,38889447702414648438024426259921185408251326535501,26330064889328492014716682686921905976703673595126,38889447702414648438024426259921185408251326535501,neither,False,1.476997791911118387279393056,0.00002243984870503904301485351554,0.04523873498935871071794468734,0,,,unspecified,False
346,1530484514612921535942898756820491578183692559004467200,1644272447893789288853652491861579197340097176292920,697901,26330064889328492014716682686921905976703673595126,38889447702414648438024426259921185408251326535501,26330064889328492014716682686921905976703673595126,38889447702414648438024426259921185408251326535501,neither,False,1.476997791911118387279393056,0.00002540989296598683377018940345,0.05122634421942945688070183736,0,,,unspecified,False
347,1463986190114365453164631096931900700789347628299059200,1951159827597189334640955312473560974761188747271991,701548,26330064889328492014716682686921905976703673595126,38889447702414648438024426259921185408251326535501,26330064889328492014716682686921905976703673595126,38889447702414648438024426259921185408251326535501,neither,False,1.476997791911118387279393056,0.00002656408097632166549280457551,0.05355318724826447763349402424,0,,,unspecified,False
348,1419099090327021431837841324664685500406654972106637312,957683084043904660061759383257006981127519679337342,702904,26330064889328492014716682686921905976703673595126,38889447702414648438024426259921185408251326535501,26330064889328492014716682686921905976703673595126,38889447702414648438024426259921185408251326535501,neither,False,1.476997791911118387279393056,0.00002740432149347150098213708659,0.05524711213083854597998836656,0,,,unspecified,False
349,1355224161267474319797749279050820351032592440315871232,327278727361516511734133665328570184723279710583259,704102,26330064889328492014716682686921905976703673595126,38889447702414648438024426259921185408251326535501,26330064889328492014716682686921905976703673595126,38889447702414648438024426259921185408251326535501,neither,False,1.476997791911118387279393056,0.00002869595216339949694283113798,0.05785103956141338583674757418,0,,,unspecified,False
350,1342441867947378242875139851503883739742681654295003136,90838299715438105208833433575233017053963937940402,707157,26330064889328492014716682686921905976703673595126,38889447702414648438024426259921185408251326535501,26330064889328492014716682686921905976703673595126,38889447702414648438024426259921185408251326535501,neither,False,1.476997791911118387279393056,0.00002896918565410763685271164472,0.05840187827868099589506667575,0,,,unspecified,False
351,1244706868954148772026104835685647745369230477348569088,334620405277953812631009511132111222944807773621300,708610,26330064889328492014716682686921905976703673595126,38889447702414648438024426259921185408251326535501,26330064889328492014716682686921905976703673595126,38889447702414648438024426259921185408251326535501,neither,False,1.476997791911118387279393056,0.00003124386044008183086988907971,0.06298762264720497103369638469,0,,,unspecified,False
352,1188998811044006745492934980917001185509005296607952896,1019468968425914811229649113799727720643171644391163,710330,26330064889328492014716682686921905976703673595126,38889447702414648438024426259921185408251326535501,26330064889328492014716682686921905976703673595126,38889447702414648438024426259921185408251326535501,neither,False,1.476997791911118387279393056,0.00003270772631662058731054217376,0.06593877625430710401805302230,0,,,unspecified,False
353,1207017664730659447571468211219560238858343288930304000,270015947363937769230672944588365343760118936554277,712358,26330064889328492014716682686921905976703673595126,38889447702414648438024426259921185408251326535501,26330064889328492014716682686921905976703673595126,38889447702414648438024426259921185408251326535501,neither,False,1.476997791911118387279393056,0.00003221945199210705291253802730,0.06495441521608781867167666303,0,,,unspecified,False
354,1114247386799443053935571112778061457902663314832359424,872311656428286117283532654766163384915222081775577,714025,26330064889328492014716682686921905976703673595126,38889447702414648438024426259921185408251326535501,26330064889328492014716682686921905976703673595126,38889447702414648438024426259921185408251326535501,neither,False,1.476997791911118387279393056,0.00003490198690447050996150617104,0.07036240559941254808239644081,0,,,unspecified,False
355,1110710552837102268873518195482888052995095958078357504,504245407621956511287665061371555433941674746235523,716689,26330064889328492014716682686921905976703673595126,38889447702414648438024426259921185408251326535501,26330064889328492014716682686921905976703673595126,38889447702414648438024426259921185408251326535501,neither,False,1.476997791911118387279393056,0.00003501312524948901525455616970,0.07058646050296985475318523812,0,,,unspecified,False
356,1106174051754827146215413957762136710502083943464960000,305250381215650381072072881353337894204495294414261,718396,26330064889328492014716682686921905976703673595126,38889447702414648438024426259921185408251326535501,26330064889328492014716682686921905976703673595126,38889447702414648438024426259921185408251326535501,neither,False,1.476997791911118387279393056,0.00003515671664935611867764471451,0.07087594076510193525413174445,0,,,unspecified,False
357,1011873581609325297224157601300783981224824207994519552,400739581666671102701438448960829045816168821131837,721244,26330064889328492014716682686921905976703673595126,38889447702414648438024426259921185408251326535501,26330064889328492014716682686921905976703673595126,38889447702414648438024426259921185408251326535501,neither,False,1.476997791911118387279393056,0.00003843310904566089550422666981,0.07748114783605236533652096633,0,,,unspecified,False
358,1010078857598682948440603476326208385676686722831745024,154837650696301172860210573922879756540433339274187,722123,26330064889328492014716682686921905976703673595126,38889447702414648438024426259921185408251326535501,26330064889328492014716682686921905976703673595126,38889447702414648438024426259921185408251326535501,neither,False,1.476997791911118387279393056,0.00003850139759866740602864658628,0.07761881755891349055375151793,0,,,unspecified,False
359,963971403944167623177113627223675088972581362965938176,61624715662578228434518867532241514852105128443843,724691,26330064889328492014716682686921905976703673595126,38889447702414648438024426259921185408251326535501,26330064889328492014716682686921905976703673595126,38889447702414648438024426259921185408251326535501,neither,False,1.476997791911118387279393056,0.00004034294746015836283330858505,0.08133138207967925947195010746,0,,,unspecified,False
360,978555728783092703397868198169350877225727913812295680,708721384690411946492580223575589402962532901407647,727487,26330064889328492014716682686921905976703673595126,38889447702414648438024426259921185408251326535501,26330064889328492014716682686921905976703673595126,38889447702414648438024426259921185408251326535501,neither,False,1.476997791911118387279393056,0.00003974167904650314361649505013,0.08011922495775033753085402107,0,,,unspecified,False
361,982035564181577583246111171756048347095528689197121536,1362768548669737675642442152463241485725633263397320,729542,26330064889328492014716682686921905976703673595126,38889447702414648438024426259921185408251326535501,26330064889328492014716682686921905976703673595126,38889447702414648438024426259921185408251326535501,neither,False,1.476997791911118387279393056,0.00003960085471530236856507516087,0.07983532310604957502719152431,0,,,unspecified,False
362,943064623022149056932209915691668660376403247938666496,74211325128333409349721422837383173178985931818940,731692,26330064889328492014716682686921905976703673595126,38889447702414648438024426259921185408251326535501,26330064889328492014716682686921905976703673595126,38889447702414648438024426259921185408251326535501,neither,False,1.476997791911118387279393056,0.00004123730946219714247834219001,0.08313441587578943923633785507,0,,,unspecified,False
363,955133703543227653230735945040239725552721938878562304,41618121775818842511355901180823397261800097492682,733234,26330064889328492014716682686921905976703673595126,38889447702414648438024426259921185408251326535501,26330064889328492014716682686921905976703673595126,38889447702414648438024426259921185408251326535501,neither,False,1.476997791911118387279393056,0.00004071623434305350232987724078,0.08208392843559586069703251742,0,,,unspecified,False
364,904852201212495269232856372055468724544479235670016000,203083587889880429652432533306692172202224635274240,734335,26330064889328492014716682686921905976703673595126,38889447702414648438024426259921185408251326535501,26330064889328492014716682686921905976703673595126,38889447702414648438024426259921185408251326535501,neither,False,1.476997791911118387279393056,0.00004297878443606931124432439862,0.08664522942311573146855798761,0,,,unspecified,False
365,862674725460762741916416231468109512880228678412271616,635212029146540390167955112092250935631826897232648,736596,26330064889328492014716682686921905976703673595126,38889447702414648438024426259921185408251326535501,26330064889328492014716682686921905976703673595126,38889447702414648438024426259921185408251326535501,neither,False,1.476997791911118387279393056,0.00004508008239333014661888427132,0.09088144610495357558367069097,0,,,unspecified,False
366,901734818220068453308327912307284892863553131555848192,58349721990426117239112150547044006376584396315227,738031,26330064889328492014716682686921905976703673595126,38889447702414648438024426259921185408251326535501,26330064889328492014716682686921905976703673595126,38889447702414648438024426259921185408251326535501,neither,False,1.476997791911118387279393056,0.00004312736617975826643480360085,0.08694477021839266513256405930,0,,,unspecified,False
367,890244492347372894565410542152469475763018189902970880,174621902067679683581378910074819872096628381563258,740699,26330064889328492014716682686921905976703673595126,38889447702414648438024426259921185408251326535501,26330064889328492014716682686921905976703673595126,38889447702414648438024426259921185408251326535501,neither,False,1.476997791911118387279393056,0.00004368400819854778507731082576,0.08806696052827233471585862472,0,,,unspecified,False
368,911713951399763858433822672345071673321763838959288320,1442666950038720453045673653632059615314050489779,742035,26330064889328492014716682686921905976703673595126,38889447702414648438024426259921185408251326535501,9686289557493979960134201314161014468585162103771,26330064889328492014716682686921905976703673595126,unique-min,True,2.718281828459045235360287471,0.00004265531710105705543929714227,0.08599311927573102376562303882,1,000000000000000000000000fcb36c64b8a99acde151e61c933c6f7a57271db3,742035,unspecified,False
369,924766622522766152396299781586060796970310972500606976,765257460357118573713452323297985202214919632657396,745134,9686289557493979960134201314161014468585162103771,26330064889328492014716682686921905976703673595126,9686289557493979960134201314161014468585162103771,26330064889328492014716682686921905976703673595126,neither,False,2.718281828459045235360287471,0.00002847211853029469759567418064,0.05739979095707411035287914818,0,,,unspecified,False
370,973529624652311728262165726029639579921131161797001216,545743000611075501023984526550674658445577010942474,745929,9686289557493979960134201314161014468585162103771,26330064889328492014716682686921905976703673595126,9686289557493979960134201314161014468585162103771,26330064889328492014716682686921905976703673595126,neither,False,2.718281828459045235360287471,0.00002704598218953230398062864948,0.05452470009409712482494735735,0,,,unspecified,False
371,956871428990014096800480126306339386063092842672160768,285202270816893128085457094603432209434459375069414,748425,9686289557493979960134201314161014468585162103771,26330064889328492014716682686921905976703673595126,9686289557493979960134201314161014468585162103771,26330064889328492014716682686921905976703673595126,neither,False,2.718281828459045235360287471,0.00002751682628576348931656137982,0.05547392179209919446218774173,0,,,unspecified,False
372,950899733299880027476699870079860653644778702301560832,66646480749189004884361844910688643953903551508229,751055,9686289557493979960134201314161014468585162103771,26330064889328492014716682686921905976703673595126,9686289557493979960134201314161014468585162103771,26330064889328492014716682686921905976703673595126,neither,False,2.718281828459045235360287471,0.00002768963326759596853268888323,0.05582230066747347256190078860,0,,,unspecified,False
373,870306687010904716955275873664553942808871958151692288,231362657567014190126481946340698560298326866820099,751981,9686289557493979960134201314161014468585162103771,26330064889328492014716682686921905976703673595126,9686289557493979960134201314161014468585162103771,26330064889328492014716682686921905976703673595126,neither,False,2.718281828459045235360287471,0.00003025377752727594879890179731,0.06099161549498831277858602337,0,,,unspecified,False
374,841292956506611632223096322365470292302662385308532736,211968016049320284091226360428234263275141382265098,754734,9686289557493979960134201314161014468585162103771,26330064889328492014716682686921905976703673595126,9686289557493979960134201314161014468585162103771,26330064889328492014716682686921905976703673595126,neither,False,2.718281828459045235360287471,0.00003129714172178685870647498328,0.06309503771112230715225356629,0,,,unspecified,False
375,859664032087861081904916640712713969859737457373741056,533412054325019065460326457635714671597350485263,756951,9686289557493979960134201314161014468585162103771,26330064889328492014716682686921905976703673595126,3563386789435662677982618808482317743924885311159,9686289557493979960134201314161014468585162103771,unique-min,True,2.718281828459045235360287471,0.00003062831979300194183391606593,0.06174669270269191473717478891,1,0000000000000000000000005d6f06154c8685146aa7bc3dc9843876c9cefd0f,756951,unspecified,False
376,757060771140682373435345150716700036747812369126653952,927312972471145446821698350021462071620937383967662,759017,3563386789435662677982618808482317743924885311159,9686289557493979960134201314161014468585162103771,3563386789435662677982618808482317743924885311159,9686289557493979960134201314161014468585162103771,neither,False,2.718281828459045235360287471,0.00001279459975570971078535209420,0.02579391310751077694326982191,0,,,unspecified,False
377,731886405437657570669286679473162061734238931073892352,90576667299312951926929494263793297504428148977813,761210,3563386789435662677982618808482317743924885311159,9686289557493979960134201314161014468585162103771,3563386789435662677982618808482317743924885311159,9686289557493979960134201314161014468585162103771,neither,False,2.718281828459045235360287471,0.00001323468981733813974330681222,0.02668113467175368972250653343,0,,,unspecified,False
378,733349368576625804490408567990711061036914519549411328,762219549801045343585865274850992287129504857552648,763576,3563386789435662677982618808482317743924885311159,9686289557493979960134201314161014468585162103771,3563386789435662677982618808482317743924885311159,9686289557493979960134201314161014468585162103771,neither,False,2.718281828459045235360287471,0.00001320828785370650288819748076,0.02662790831307230982260612121,0,,,unspecified,False
379,729612308889970685728561745873455525355654300037021696,409266838317203998299142381986355298765702186621045,765419,3563386789435662677982618808482317743924885311159,9686289557493979960134201314161014468585162103771,3563386789435662677982618808482317743924885311159,9686289557493979960134201314161014468585162103771,neither,False,2.718281828459045235360287471,0.00001327594044052061432959341755,0.02676429592808955848846032977,0,,,unspecified,False
380,787270009984312136754615316208945606764100494789967872,743563542980025653825713025236368001530680342318488,767581,3563386789435662677982618808482317743924885311159,9686289557493979960134201314161014468585162103771,3563386789435662677982618808482317743924885311159,9686289557493979960134201314161014468585162103771,neither,False,2.718281828459045235360287471,0.00001230364352083854665962581218,0.02480414533801051006580563736,0,,,unspecified,False
381,762342638057996256581733267702136683580848909336969216,4852171612067613144709721042812680040569352449786,768824,3563386789435662677982618808482317743924885311159,9686289557493979960134201314161014468585162103771,3563386789435662677982618808482317743924885311159,4852171612067613144709721042812680040569352449786,new-second,True,1.361674131602215620718080535,0.00001270595277494774241249109594,0.02561520079429464870358204942,1,00000000000000000000000351eae66e03ae45aad1be8f94d1ca5d6fe98b6efa,768824,unspecified,False
382,790751306884434347505776493480475792916920926107336704,928261047675574470148338238169003752417503018864861,771328,3563386789435662677982618808482317743924885311159,4852171612067613144709721042812680040569352449786,3563386789435662677982618808482317743924885311159,4852171612067613144709721042812680040569352449786,neither,False,1.361674131602215620718080535,0.000006136153768983579762615804627,0.01237048599827089680143346213,0,,,unspecified,False
383,717191006474295341826748628480199835971598529354268672,134187254898747312310945142893605136423190217138070,773095,3563386789435662677982618808482317743924885311159,4852171612067613144709721042812680040569352449786,3563386789435662677982618808482317743924885311159,4852171612067613144709721042812680040569352449786,neither,False,1.361674131602215620718080535,0.000006765522110937846203924689654,0.01363929257565069794711217434,0,,,unspecified,False
384,685105199528332699160504931662746558558072186305773568,83213369632994181112195288877820551368890415725119,774243,3563386789435662677982618808482317743924885311159,4852171612067613144709721042812680040569352449786,3563386789435662677982618808482317743924885311159,4852171612067613144709721042812680040569352449786,neither,False,1.361674131602215620718080535,0.000007082374524975343378563237159,0.01427806704235029225118348611,0,,,unspecified,False
385,688509036841676372057001313638142781710850853198364672,74664862232474298019989443860939023724461683543295,777625,3563386789435662677982618808482317743924885311159,4852171612067613144709721042812680040569352449786,3563386789435662677982618808482317743924885311159,4852171612067613144709721042812680040569352449786,neither,False,1.361674131602215620718080535,0.000007047360822343682436700576647,0.01420747941784486379238836252,0,,,unspecified,False
386,626181838016062686207286970262124176054603953970610176,81075132189193668020920355055436740479378012898237,779466,3563386789435662677982618808482317743924885311159,4852171612067613144709721042812680040569352449786,3563386789435662677982618808482317743924885311159,4852171612067613144709721042812680040569352449786,neither,False,1.361674131602215620718080535,0.000007748822015408160477819707637,0.01562162518306285152328453060,0,,,unspecified,False
387,619023402996415923713925321951479821824329196375113728,500793073724750222509632969414622145153905115292116,780357,3563386789435662677982618808482317743924885311159,4852171612067613144709721042812680040569352449786,3563386789435662677982618808482317743924885311159,4852171612067613144709721042812680040569352449786,neither,False,1.361674131602215620718080535,0.000007838429998898937712357914019,0.01580227487778025842811355466,0,,,unspecified,False
388,575524729764536260159429050275345090310309676098519040,612200778043205671500393702143643170629649215890443,782874,3563386789435662677982618808482317743924885311159,4852171612067613144709721042812680040569352449786,3563386789435662677982618808482317743924885311159,4852171612067613144709721042812680040569352449786,neither,False,1.361674131602215620718080535,0.000008430865540830497891978799758,0.01699662493031428375022926031,0,,,unspecified,False
389,562973353703138465897895804931977651737504527419441152,243292076020119788024814859696813061887594121639792,785698,3563386789435662677982618808482317743924885311159,4852171612067613144709721042812680040569352449786,3563386789435662677982618808482317743924885311159,4852171612067613144709721042812680040569352449786,neither,False,1.361674131602215620718080535,0.000008618829967974314164730015827,0.01737556121543621735609571191,0,,,unspecified,False
390,553442901526103647968289576137834770166328191306694656,107060614261458229151424733737824283466371650640341,786930,3563386789435662677982618808482317743924885311159,4852171612067613144709721042812680040569352449786,3563386789435662677982618808482317743924885311159,4852171612067613144709721042812680040569352449786,neither,False,1.361674131602215620718080535,0.000008767248796014697766411125873,0.01767477357276563069708482976,0,,,unspecified,False
391,561592234655860762640193322765060764283929671166328832,100515511149857891527272549306098363454538920264009,789375,3563386789435662677982618808482317743924885311159,4852171612067613144709721042812680040569352449786,3563386789435662677982618808482317743924885311159,4852171612067613144709721042812680040569352449786,neither,False,1.361674131602215620718080535,0.000008640026183839570300299881477,0.01741829278662057372540456106,0,,,unspecified,False
392,544090752548823200194704196893283275123549878964191232,368012536412240271775357453656918164357599152714888,791739,3563386789435662677982618808482317743924885311159,4852171612067613144709721042812680040569352449786,3563386789435662677982618808482317743924885311159,4852171612067613144709721042812680040569352449786,neither,False,1.361674131602215620718080535,0.000008917945378298284002133682414,0.01797857788264934054830150375,0,,,unspecified,False
393,526200511006255617572972890856003254679941608705622016,780011960246530963007630212203751713606137853522669,792997,3563386789435662677982618808482317743924885311159,4852171612067613144709721042812680040569352449786,3563386789435662677982618808482317743924885311159,4852171612067613144709721042812680040569352449786,neither,False,1.361674131602215620718080535,0.000009221145762076101790858073266,0.01858982985634542121036987570,0,,,unspecified,False
394,514982024438103606772841406080073066221062670505738240,272493783013199325741237140330555437205252992926058,794427,3563386789435662677982618808482317743924885311159,4852171612067613144709721042812680040569352449786,3563386789435662677982618808482317743924885311159,4852171612067613144709721042812680040569352449786,neither,False,1.361674131602215620718080535,0.000009422021316883463922019302589,0.01899479497483706326679091402,0,,,unspecified,False
395,532311049351936122673982497141590033985123062667804672,68476483047246526944035806233632155553319308036240,796403,3563386789435662677982618808482317743924885311159,4852171612067613144709721042812680040569352449786,3563386789435662677982618808482317743924885311159,4852171612067613144709721042812680040569352449786,neither,False,1.361674131602215620718080535,0.000009115293807962291582832260425,0.01837643231685197983098983702,0,,,unspecified,False
396,500073246235691066104245617101534263137552502634840064,36467141119236277955581122348451131356121665334950,799182,3563386789435662677982618808482317743924885311159,4852171612067613144709721042812680040569352449786,3563386789435662677982618808482317743924885311159,4852171612067613144709721042812680040569352449786,neither,False,1.361674131602215620718080535,0.000009702921819138313103898515205,0.01956109038738283921745940665,0,,,unspecified,False
397,515199788182065911307653755120147792390991404454641664,47782775457072004248302896610222535353087388869786,801948,3563386789435662677982618808482317743924885311159,4852171612067613144709721042812680040569352449786,3563386789435662677982618808482317743924885311159,4852171612067613144709721042812680040569352449786,neither,False,1.361674131602215620718080535,0.000009418038833418365695780398953,0.01898676628817142524269328429,0,,,unspecified,False
398,514581572989474939373253596435908804673676944988962816,695768550530492522793886116900249237370278304462455,803049,3563386789435662677982618808482317743924885311159,4852171612067613144709721042812680040569352449786,3563386789435662677982618808482317743924885311159,4852171612067613144709721042812680040569352449786,neither,False,1.361674131602215620718080535,0.000009429353608367273701634894265,0.01900957687446842378249594684,0,,,unspecified,False
399,484696787509332636501824648976526249487752436350189568,94726402654685691917741877057720545880394516499388,805387,3563386789435662677982618808482317743924885311159,4852171612067613144709721042812680040569352449786,3563386789435662677982618808482317743924885311159,4852171612067613144709721042812680040569352449786,neither,False,1.361674131602215620718080535,0.00001001073606656447374098754250,0.02018164391019397906183088568,0,,,unspecified,False
400,497866378763321402697758053004132675777872044494946304,72704408526419723230485884201555708896850667894377,807061,3563386789435662677982618808482317743924885311159,4852171612067613144709721042812680040569352449786,3563386789435662677982618808482317743924885311159,4852171612067613144709721042812680040569352449786,neither,False,1.361674131602215620718080535,0.000009745931476875779426873988142,0.01964779785738157132457796009,0,,,unspecified,False
401,471981723264553781113452590931894587216745823226298368,81614204306548091553664414220754079600663199863618,808804,3563386789435662677982618808482317743924885311159,4852171612067613144709721042812680040569352449786,3563386789435662677982618808482317743924885311159,4852171612067613144709721042812680040569352449786,neither,False,1.361674131602215620718080535,0.00001028042267930762321797447710,0.02072533212148416840743654582,0,,,unspecified,False
402,470321457404545875398373204961928889706416683857477632,214973104142022637553903603105092957023675013441724,810622,3563386789435662677982618808482317743924885311159,4852171612067613144709721042812680040569352449786,3563386789435662677982618808482317743924885311159,4852171612067613144709721042812680040569352449786,neither,False,1.361674131602215620718080535,0.00001031671325149434836682338034,0.02079849391501260630751593476,0,,,unspecified,False
403,441737408381628076124145537003663826407985955181953024,241321291397396623155859434115132189853777074059475,813975,3563386789435662677982618808482317743924885311159,4852171612067613144709721042812680040569352449786,3563386789435662677982618808482317743924885311159,4852171612067613144709721042812680040569352449786,neither,False,1.361674131602215620718080535,0.00001098428958019262847811682274,0.02214432779366833901188351465,0,,,unspecified,False
404,431604817530012926192239390058441836232711374861500416,869314303494592115557042129202562493721864199282028,814983,3563386789435662677982618808482317743924885311159,4852171612067613144709721042812680040569352449786,3563386789435662677982618808482317743924885311159,4852171612067613144709721042812680040569352449786,neither,False,1.361674131602215620718080535,0.00001124216277250010756234789702,0.02266420014936021684569336039,0,,,unspecified,False
405,416823189970048174077527321660349349771911273121841152,261632977696936986745267679613000029070527689665838,816573,3563386789435662677982618808482317743924885311159,4852171612067613144709721042812680040569352449786,3563386789435662677982618808482317743924885311159,4852171612067613144709721042812680040569352449786,neither,False,1.361674131602215620718080535,0.00001164083891881418000183144423,0.02346793126032938688369219156,0,,,unspecified,False
406,396710004437100288117208210992507862855406329465405440,104695720100640785011407217137622305146105189426025,820510,3563386789435662677982618808482317743924885311159,4852171612067613144709721042812680040569352449786,3563386789435662677982618808482317743924885311159,4852171612067613144709721042812680040569352449786,neither,False,1.361674131602215620718080535,0.00001223102910891409432980522973,0.02465775468357081416888734313,0,,,unspecified,False
407,400552292241643231889165698417718970914081776120889344,47623932902814280783215896490223589276036757809926,822309,3563386789435662677982618808482317743924885311159,4852171612067613144709721042812680040569352449786,3563386789435662677982618808482317743924885311159,4852171612067613144709721042812680040569352449786,neither,False,1.361674131602215620718080535,0.00001211370326933597657846137855,0.02442122579098132878217813915,0,,,unspecified,False
408,374406027949793378682501776760424667692437142927048704,249906915235059877926377963973832865448808563292126,823004,3563386789435662677982618808482317743924885311159,4852171612067613144709721042812680040569352449786,3563386789435662677982618808482317743924885311159,4852171612067613144709721042812680040569352449786,neither,False,1.361674131602215620718080535,0.00001295965142077860310518165641,0.02612665726428966386004621932,0,,,unspecified,False
409,368311566122123513513592411007997767500471904222838784,265372589931924684580135793453799332113590258163606,826370,3563386789435662677982618808482317743924885311159,4852171612067613144709721042812680040569352449786,3563386789435662677982618808482317743924885311159,4852171612067613144709721042812680040569352449786,neither,False,1.361674131602215620718080535,0.00001317409513677543962668925140,0.02655897579573928628740553083,0,,,unspecified,False
410,383255420363831995852225088422521761376453814474768384,143336145808470294570856528413029560320032142616532,827838,3563386789435662677982618808482317743924885311159,4852171612067613144709721042812680040569352449786,3563386789435662677982618808482317743924885311159,4852171612067613144709721042812680040569352449786,neither,False,1.361674131602215620718080535,0.00001266041223229497992206323954,0.02552339106030667952287949090,0,,,unspecified,False
411,357069695527774208266769667274744118513278471102267392,355558355733152634291663965616768912777402545885680,829040,3563386789435662677982618808482317743924885311159,4852171612067613144709721042812680040569352449786,3563386789435662677982618808482317743924885311159,4852171612067613144709721042812680040569352449786,neither,False,1.361674131602215620718080535,0.00001358886422690046850969163651,0.02739515028143134451553833920,0,,,unspecified,False
412,329879919066870090376508314646890389215599502072741888,216955403574051255006991268633712262148958293298225,830926,3563386789435662677982618808482317743924885311159,4852171612067613144709721042812680040569352449786,3563386789435662677982618808482317743924885311159,4852171612067613144709721042812680040569352449786,neither,False,1.361674131602215620718080535,0.00001470890263885395065805838191,0.02965314771992956452664569793,0,,,unspecified,False
413,339749439623765677783137798322223448447336014535458816,182035347301858173125633580478326078836740081519197,833326,3563386789435662677982618808482317743924885311159,4852171612067613144709721042812680040569352449786,3563386789435662677982618808482317743924885311159,4852171612067613144709721042812680040569352449786,neither,False,1.361674131602215620718080535,0.00001428161770462623250231144149,0.02879174129252648472465986604,0,,,unspecified,False
414,321145985282180614537323094086577881890135649195917312,259484415137104613115476898996547349730177073966455,835415,3563386789435662677982618808482317743924885311159,4852171612067613144709721042812680040569352449786,3563386789435662677982618808482317743924885311159,4852171612067613144709721042812680040569352449786,neither,False,1.361674131602215620718080535,0.00001510892813374007001498305500,0.03045959911761998115020583888,0,,,unspecified,False
415,324317443835188673869825090173572216042789022814175232,72794157856107580301048175327797356053920527276945,837836,3563386789435662677982618808482317743924885311159,4852171612067613144709721042812680040569352449786,3563386789435662677982618808482317743924885311159,4852171612067613144709721042812680040569352449786,neither,False,1.361674131602215620718080535,0.00001496117986960141755276909497,0.03016173861711645778638249545,0,,,unspecified,False
416,312072983117630369221114618645075196904111619969122304,262954518003790395183858838262246640596929951173544,840165,3563386789435662677982618808482317743924885311159,4852171612067613144709721042812680040569352449786,3563386789435662677982618808482317743924885311159,4852171612067613144709721042812680040569352449786,neither,False,1.361674131602215620718080535,0.00001554819505230503474882723919,0.03134516122544695005363571420,0,,,unspecified,False
417,305996059309608474887223697110640892108382252455428096,224233664903982287174146324673642137145188960166530,840676,3563386789435662677982618808482317743924885311159,4852171612067613144709721042812680040569352449786,3563386789435662677982618808482317743924885311159,4852171612067613144709721042812680040569352449786,neither,False,1.361674131602215620718080535,0.00001585697418135100737390723432,0.03196765994960363086579698439,0,,,unspecified,False
418,324234138241860812403487480138107387910668634659225600,2254640379176521218445219994660972651329674190988,843946,3563386789435662677982618808482317743924885311159,4852171612067613144709721042812680040569352449786,2254640379176521218445219994660972651329674190988,3563386789435662677982618808482317743924885311159,unique-min,True,1.580467919561142817228016980,0.00001496502385090665659176169284,0.03016948808342781968899157277,1,0000000000000000000000018aed923c250162fe3f058d6af0f3932d9d9aa08c,843946,unspecified,False
419,319495949933634025142671133910441198360944101354897408,4197871757217140143149136655690874420931935047387,845815,2254640379176521218445219994660972651329674190988,3563386789435662677982618808482317743924885311159,2254640379176521218445219994660972651329674190988,3563386789435662677982618808482317743924885311159,neither,False,1.580467919561142817228016980,0.00001115315167586898194385035232,0.02248475377855186759880231027,0,,,unspecified,False
420,322033116776040472608672730780036665683066800249503744,674318170288041107897045933636074462494025236148776,847198,2254640379176521218445219994660972651329674190988,3563386789435662677982618808482317743924885311159,2254640379176521218445219994660972651329674190988,3563386789435662677982618808482317743924885311159,neither,False,1.580467919561142817228016980,0.00001106528056837656757062247131,0.02230760562584716022237490217,0,,,unspecified,False
421,322192420454509541026756932426802740532209296896688128,247605009137046890195427424609001865680827750186154,850130,2254640379176521218445219994660972651329674190988,3563386789435662677982618808482317743924885311159,2254640379176521218445219994660972651329674190988,3563386789435662677982618808482317743924885311159,neither,False,1.580467919561142817228016980,0.00001105980949026942887954002812,0.02229657593238316862115269669,0,,,unspecified,False
422,339134147434449367654574047007649893296060866934865920,30205802378408570370680410103872283860267245250098,851496,2254640379176521218445219994660972651329674190988,3563386789435662677982618808482317743924885311159,2254640379176521218445219994660972651329674190988,3563386789435662677982618808482317743924885311159,neither,False,1.580467919561142817228016980,0.00001050730755482068738727935452,0.02118273203051850577275517871,0,,,unspecified,False
423,328583567114557579488061646200271046177164689907122176,138837988981776287377834460765714018629310117484036,853198,2254640379176521218445219994660972651329674190988,3563386789435662677982618808482317743924885311159,2254640379176521218445219994660972651329674190988,3563386789435662677982618808482317743924885311159,neither,False,1.580467919561142817228016980,0.00001084468958909719696468040982,0.02186289421161994908079570621,0,,,unspecified,False
424,297348354121521522320212493955458645481078099598639104,254905188299933548054788603860133920379203881959513,855874,2254640379176521218445219994660972651329674190988,3563386789435662677982618808482317743924885311159,2254640379176521218445219994660972651329674190988,3563386789435662677982618808482317743924885311159,neither,False,1.580467919561142817228016980,0.00001198387931207234266606327631,0.02415950069313784281478356505,0,,,unspecified,False
425,310338180674118587457206844748640968959780028040609792,15019292236393980125874459266869313026503864078144,858532,2254640379176521218445219994660972651329674190988,3563386789435662677982618808482317743924885311159,2254640379176521218445219994660972651329674190988,3563386789435662677982618808482317743924885311159,neither,False,1.580467919561142817228016980,0.00001148227002457529082697364544,0.02314825636954378630717886920,0,,,unspecified,False
426,301319254070149585548971905645948786445483268317904896,94499608755243239295647005823247666968705693327607,860184,2254640379176521218445219994660972651329674190988,3563386789435662677982618808482317743924885311159,2254640379176521218445219994660972651329674190988,3563386789435662677982618808482317743924885311159,neither,False,1.580467919561142817228016980,0.00001182595118400922731509881515,0.02384111758696260226723921135,0,,,unspecified,False
427,290914823913990887674279873321841567628552684544458752,575613510232280659246447816029555370225944496178166,862067,2254640379176521218445219994660972651329674190988,3563386789435662677982618808482317743924885311159,2254640379176521218445219994660972651329674190988,3563386789435662677982618808482317743924885311159,neither,False,1.580467919561142817228016980,0.00001224890069709606738330304553,0.02469378380534567184473893979,0,,,unspecified,False
428,304956931645466202912380877194579614881406884417372160,68595591146025704221274825729850257974738883408569,863696,2254640379176521218445219994660972651329674190988,3563386789435662677982618808482317743924885311159,2254640379176521218445219994660972651329674190988,3563386789435662677982618808482317743924885311159,neither,False,1.580467919561142817228016980,0.00001168488537121808877974330403,0.02355672890837566697996250093,0,,,unspecified,False
429,292880543616200952099263829421844968289989913814761472,240618528481077991164338678923467189093258705069172,866021,2254640379176521218445219994660972651329674190988,3563386789435662677982618808482317743924885311159,2254640379176521218445219994660972651329674190988,3563386789435662677982618808482317743924885311159,neither,False,1.580467919561142817228016980,0.00001216669002808608115281784567,0.02452804709662153960408077688,0,,,unspecified,False
430,281789207690496729853016065226361096453821041746116608,60939975780053232595088811872689923461875087452689,867667,2254640379176521218445219994660972651329674190988,3563386789435662677982618808482317743924885311159,2254640379176521218445219994660972651329674190988,3563386789435662677982618808482317743924885311159,neither,False,1.580467919561142817228016980,0.00001264557581406563215624475032,0.02549348084115631442698941664,0,,,unspecified,False
431,265227471136262937983931908702020177275080014169112576,2580554000060355442454944565354521997722846080764,869693,2254640379176521218445219994660972651329674190988,3563386789435662677982618808482317743924885311159,2254640379176521218445219994660972651329674190988,2580554000060355442454944565354521997722846080764,new-second,True,1.144552374690845392111265191,0.00001343521006391129628590688476,0.02708538348884517331238827968,1,000000000000000000000001c4040b1ea831f0378f473e7412a7f9a13b35aefc,869693,unspecified,False
432,263561359269705708657179707992723614632672251070119936,191665620770115610630564107065880777942151607672940,871677,2254640379176521218445219994660972651329674190988,2580554000060355442454944565354521997722846080764,2254640379176521218445219994660972651329674190988,2580554000060355442454944565354521997722846080764,neither,False,1.144552374690845392111265191,0.000009791093835646983217228103346,0.01973884517266431816593185635,0,,,unspecified,False
433,259426771137696584301581483600969249970065617906040832,26114187957766701767928087889751208271114653388080,873550,2254640379176521218445219994660972651329674190988,2580554000060355442454944565354521997722846080764,2254640379176521218445219994660972651329674190988,2580554000060355442454944565354521997722846080764,neither,False,1.144552374690845392111265191,0.000009947138411134402392367891097,0.02005343103684695522301366845,0,,,unspecified,False
434,248423125310232216230425940495448355115076101789974528,189859925900292328560364947131200138955833465088185,875512,2254640379176521218445219994660972651329674190988,2580554000060355442454944565354521997722846080764,2254640379176521218445219994660972651329674190988,2580554000060355442454944565354521997722846080764,neither,False,1.144552374690845392111265191,0.00001038773663618370827673020770,0.02094167705854635588588809873,0,,,unspecified,False
435,245573197117436955539928755071651603226747033331171328,96701631986108389516920539519877949673565874317767,877438,2254640379176521218445219994660972651329674190988,2580554000060355442454944565354521997722846080764,2254640379176521218445219994660972651329674190988,2580554000060355442454944565354521997722846080764,neither,False,1.144552374690845392111265191,0.00001050828848730708194742571027,0.02118470959041107720601023190,0,,,unspecified,False
436,244083926948996765466279200227113710829717638069878784,165002039958966718613931113173928596445967400155524,879371,2254640379176521218445219994660972651329674190988,2580554000060355442454944565354521997722846080764,2254640379176521218445219994660972651329674190988,2580554000060355442454944565354521997722846080764,neither,False,1.144552374690845392111265191,0.00001057240446889230140568500647,0.02131396740928687963386097304,0,,,unspecified,False
437,249381870384321288544767557745710236775970393538166784,51304897572319189260260735464368225197356185231075,882550,2254640379176521218445219994660972651329674190988,2580554000060355442454944565354521997722846080764,2254640379176521218445219994660972651329674190988,2580554000060355442454944565354521997722846080764,neither,False,1.144552374690845392111265191,0.00001034780112958281682116135849,0.02086116707723895871146129872,0,,,unspecified,False
438,236140665550103308105842173161300712617887644698804224,20444180611358593453453605057598176711091200492742,883909,2254640379176521218445219994660972651329674190988,2580554000060355442454944565354521997722846080764,2254640379176521218445219994660972651329674190988,2580554000060355442454944565354521997722846080764,neither,False,1.144552374690845392111265191,0.00001092803729526554003405280085,0.02203092318725532870865044652,0,,,unspecified,False
439,243826702660826526552675351696555645018258193942315008,66383989293518661509080352889985402616271731416048,885555,2254640379176521218445219994660972651329674190988,2580554000060355442454944565354521997722846080764,2254640379176521218445219994660972651329674190988,2580554000060355442454944565354521997722846080764,neither,False,1.144552374690845392111265191,0.00001058355779699001016262997875,0.02133645251873186048786203716,0,,,unspecified,False
440,240389250809824242889060284970006947356027440601235456,34429259360430229275881129214933812735759580272654,887368,2254640379176521218445219994660972651329674190988,2580554000060355442454944565354521997722846080764,2254640379176521218445219994660972651329674190988,2580554000060355442454944565354521997722846080764,neither,False,1.144552374690845392111265191,0.00001073489763526020856793214563,0.02164155363268458047295120559,0,,,unspecified,False
441,236991259503029893604236717733941589335327397438816256,78909394857746902110472464079776546471340873992041,889399,2254640379176521218445219994660972651329674190988,2580554000060355442454944565354521997722846080764,2254640379176521218445219994660972651329674190988,2580554000060355442454944565354521997722846080764,neither,False,1.144552374690845392111265191,0.00001088881507896861272763294140,0.02195185119920072325890800986,0,,,unspecified,False
442,221874948068116364721256005509157074063026087146815488,111663498475558233745867333215618652759748694851649,892491,2254640379176521218445219994660972651329674190988,2580554000060355442454944565354521997722846080764,2254640379176521218445219994660972651329674190988,2580554000060355442454944565354521997722846080764,neither,False,1.144552374690845392111265191,0.00001163066863802990761965080227,0.02344742797426829376121601738,0,,,unspecified,False
443,218766334085513534214236767869969540080217918627905536,453558746802585393588275066731786758743098070808103,893092,2254640379176521218445219994660972651329674190988,2580554000060355442454944565354521997722846080764,2254640379176521218445219994660972651329674190988,2580554000060355442454944565354521997722846080764,neither,False,1.144552374690845392111265191,0.00001179593748209741970165578107,0.02378060996390839811853805463,0,,,unspecified,False
444,226329605058700956815940836879276304706937369537806336,269932532617064282420565508512601989397193876930982,896626,2254640379176521218445219994660972651329674190988,2580554000060355442454944565354521997722846080764,2254640379176521218445219994660972651329674190988,2580554000060355442454944565354521997722846080764,neither,False,1.144552374690845392111265191,0.00001140175188036519437083608685,0.02298593179081623185160555108,0,,,unspecified,False
445,221600185760298154972633712760606412855330771828736000,76049900014798620341199977765261476218157334801282,897140,2254640379176521218445219994660972651329674190988,2580554000060355442454944565354521997722846080764,2254640379176521218445219994660972651329674190988,2580554000060355442454944565354521997722846080764,neither,False,1.144552374690845392111265191,0.00001164508951653905599645208406,0.02347650046534273688884740146,0,,,unspecified,False
446,212309419851785605121612888279029001699378008653037568,27533255078926562055094650077488462964095521027461,899786,2254640379176521218445219994660972651329674190988,2580554000060355442454944565354521997722846080764,2254640379176521218445219994660972651329674190988,2580554000060355442454944565354521997722846080764,neither,False,1.144552374690845392111265191,0.00001215468443115644440249777821,0.02450384381321139191543552087,0,,,unspecified,False
447,213268164925874677435954505529290883360272300401229824,178523274863485252728472714329401537893235143989151,902789,2254640379176521218445219994660972651329674190988,2580554000060355442454944565354521997722846080764,2254640379176521218445219994660972651329674190988,2580554000060355442454944565354521997722846080764,neither,False,1.144552374690845392111265191,0.00001210004315907756342659224833,0.02439368700870036786800997263,0,,,unspecified,False
448,230505115236555346453248764446346725294094368813088768,188360341311609945601272919149644221151049022424775,903245,2254640379176521218445219994660972651329674190988,2580554000060355442454944565354521997722846080764,2254640379176521218445219994660972651329674190988,2580554000060355442454944565354521997722846080764,neither,False,1.144552374690845392111265191,0.00001119521359607168722315808750,0.02256955060968052144188670441,0,,,unspecified,False
449,213504928191122283708703502472190921209456561473191936,317213307286204728555769505232882418646019560689332,906913,2254640379176521218445219994660972651329674190988,2580554000060355442454944565354521997722846080764,2254640379176521218445219994660972651329674190988,2580554000060355442454944565354521997722846080764,neither,False,1.144552374690845392111265191,0.00001208662498764586863533841193,0.02436663597509407116884223845,0,,,unspecified,False
450,211248369663083369602997013090476980227107801626836992,222448237273120036392348203449613571288239737655611,907866,2254640379176521218445219994660972651329674190988,2580554000060355442454944565354521997722846080764,2254640379176521218445219994660972651329674190988,2580554000060355442454944565354521997722846080764,neither,False,1.144552374690845392111265191,0.00001221573451277299584523562179,0.02462692077775035962399501353,0,,,unspecified,False
451,208285905844213629387798143934561074546265226362224640,168076736486874747269610786259196924891041512798806,909689,2254640379176521218445219994660972651329674190988,2580554000060355442454944565354521997722846080764,2254640379176521218445219994660972651329674190988,2580554000060355442454944565354521997722846080764,neither,False,1.144552374690845392111265191,0.00001238947968947292822132440266,0.02497719105397742329418999576,0,,,unspecified,False
452,207862070369387667541519075333073352470565005924761600,17377255731366044165688262259155676672513064320996,912658,2254640379176521218445219994660972651329674190988,2580554000060355442454944565354521997722846080764,2254640379176521218445219994660972651329674190988,2580554000060355442454944565354521997722846080764,neither,False,1.144552374690845392111265191,0.00001241474211949540773747264718,0.02502812011290274199874485671,0,,,unspecified,False
453,198173776015521112096746848576997112333265829097373696,23674496143617781215808943260091481311157913677203,913970,2254640379176521218445219994660972651329674190988,2580554000060355442454944565354521997722846080764,2254640379176521218445219994660972651329674190988,2580554000060355442454944565354521997722846080764,neither,False,1.144552374690845392111265191,0.00001302167245306081569856077794,0.02625169166537060444829852832,0,,,unspecified,False
454,189398920184986370975851924841368549083251610109345792,34340023251571938435858848165985585461947586677271,915966,2254640379176521218445219994660972651329674190988,2580554000060355442454944565354521997722846080764,2254640379176521218445219994660972651329674190988,2580554000060355442454944565354521997722846080764,neither,False,1.144552374690845392111265191,0.00001362496680308378885627235667,0.02746793307501691833424507104,0,,,unspecified,False
455,178729958232470779672965025562539683039763302545620992,50807809390568328837095415414001176129684669357797,919268,2254640379176521218445219994660972651329674190988,2580554000060355442454944565354521997722846080764,2254640379176521218445219994660972651329674190988,2580554000060355442454944565354521997722846080764,neither,False,1.144552374690845392111265191,0.00001443828458071856184756196027,0.02910758171472862068468491190,0,,,unspecified,False
456,183753139359977093002831090332585547778320742695829504,21312001142899120498238578055292938387314743728906,919973,2254640379176521218445219994660972651329674190988,2580554000060355442454944565354521997722846080764,2254640379176521218445219994660972651329674190988,2580554000060355442454944565354521997722846080764,neither,False,1.144552374690845392111265191,0.00001404359135875760059701458888,0.02831188017925532280358141118,0,,,unspecified,False
457,172847414142213895427195194110856643885648174060142592,27444060329759395180018162483033249715104043008538,922797,2254640379176521218445219994660972651329674190988,2580554000060355442454944565354521997722846080764,2254640379176521218445219994660972651329674190988,2580554000060355442454944565354521997722846080764,neither,False,1.144552374690845392111265191,0.00001492966506248771310223517334,0.03009820476597522961410610945,0,,,unspecified,False
458,177049231349540241317030788004915957567158980121198592,118141719380044295231579803591199434566346268555930,924123,2254640379176521218445219994660972651329674190988,2580554000060355442454944565354521997722846080764,2254640379176521218445219994660972651329674190988,2580554000060355442454944565354521997722846080764,neither,False,1.144552374690845392111265191,0.00001457534709634341818248045471,0.02938389974622833105588059671,0,,,unspecified,False
459,180571450295507717349901668451762199644529777549770752,105149912311628860603249751440896610530549610184376,926584,2254640379176521218445219994660972651329674190988,2580554000060355442454944565354521997722846080764,2254640379176521218445219994660972651329674190988,2580554000060355442454944565354521997722846080764,neither,False,1.144552374690845392111265191,0.00001429104100253524318070162559,0.02881073866111105025229447719,0,,,unspecified,False
460,181918954805126809840485465867526612588652547354394624,103869312254649642964141777448964574353079125178834,928159,2254640379176521218445219994660972651329674190988,2580554000060355442454944565354521997722846080764,2254640379176521218445219994660972651329674190988,2580554000060355442454944565354521997722846080764,neither,False,1.144552374690845392111265191,0.00001418518484137437830761482113,0.02859733264021074666815147939,0,,,unspecified,False
461,181841495218348271985820670571392649588610782929616896,80964568735534361838926663807306494397335513431983,929492,2254640379176521218445219994660972651329674190988,2580554000060355442454944565354521997722846080764,2254640379176521218445219994660972651329674190988,2580554000060355442454944565354521997722846080764,neither,False,1.144552374690845392111265191,0.00001419122734864077901208033407,0.02860951433485981048835395348,0,,,unspecified,False
462,184058593202179251712735660462623250929428832597311488,251962408973055338571351224997006891313423506324252,933113,2254640379176521218445219994660972651329674190988,2580554000060355442454944565354521997722846080764,2254640379176521218445219994660972651329674190988,2580554000060355442454944565354521997722846080764,neither,False,1.144552374690845392111265191,0.00001402028536220389688149761982,0.02826489529020305611309920156,0,,,unspecified,False
463,190300666695219538076383598383154495706379320488361984,151153897015156757022643936951066541437500170280667,935338,2254640379176521218445219994660972651329674190988,2580554000060355442454944565354521997722846080764,2254640379176521218445219994660972651329674190988,2580554000060355442454944565354521997722846080764,neither,False,1.144552374690845392111265191,0.00001356040441094881586881127453,0.02733777529247281279152352945,0,,,unspecified,False
464,214194756963942469886095641713233006794734161633476608,146396539865602406129628866860669710804409362533293,936957,2254640379176521218445219994660972651329674190988,2580554000060355442454944565354521997722846080764,2254640379176521218445219994660972651329674190988,2580554000060355442454944565354521997722846080764,neither,False,1.144552374690845392111265191,0.00001204769919039038718774851762,0.02428816156782702057050101152,0,,,unspecified,False
465,186702449664110855091766126325007006911986414567555072,17891696423367074076005333688301956805900616489684,939000,2254640379176521218445219994660972651329674190988,2580554000060355442454944565354521997722846080764,2254640379176521218445219994660972651329674190988,2580554000060355442454944565354521997722846080764,neither,False,1.144552374690845392111265191,0.00001382174687425328473828776601,0.02786464169849462203238813629,0,,,unspecified,False
466,185873778235744233137144637024856874439841500815687680,74108355929152797272617280559761426986310390683173,941001,2254640379176521218445219994660972651329674190988,2580554000060355442454944565354521997722846080764,2254640379176521218445219994660972651329674190988,2580554000060355442454944565354521997722846080764,neither,False,1.144552374690845392111265191,0.00001388336765171594877702506090,0.02798886918585935273448252277,0,,,unspecified,False
467,201501615243723578041496638941092088769022387497730048,69362777383934025667961448686609509105172763332085,941962,2254640379176521218445219994660972651329674190988,2580554000060355442454944565354521997722846080764,2254640379176521218445219994660972651329674190988,2580554000060355442454944565354521997722846080764,neither,False,1.144552374690845392111265191,0.00001280661694418221381606295101,0.02581813975947134305318290924,0,,,unspecified,False
468,193999727339304053362357124694759408029128485754634240,159001606597557318435136953538873034398594291958287,944851,2254640379176521218445219994660972651329674190988,2580554000060355442454944565354521997722846080764,2254640379176521218445219994660972651329674190988,2580554000060355442454944565354521997722846080764,neither,False,1.144552374690845392111265191,0.00001330184343788785871223479919,0.02681651637078192316386535518,0,,,unspecified,False
469,198824144244133363895347488327555858277012719078998016,113893447745444786428548760583891627084873922556389,946633,2254640379176521218445219994660972651329674190988,2580554000060355442454944565354521997722846080764,2254640379176521218445219994660972651329674190988,2580554000060355442454944565354521997722846080764,neither,False,1.144552374690845392111265191,0.00001297907761590428154352031553,0.02616582047366303159173695611,0,,,unspecified,False
470,203511179995053569554026705586076977921049294744322048,15673814924707666329555816431015927462303624078246,949508,2254640379176521218445219994660972651329674190988,2580554000060355442454944565354521997722846080764,2254640379176521218445219994660972651329674190988,2580554000060355442454944565354521997722846080764,neither,False,1.144552374690845392111265191,0.00001268015840762692724823370709,0.02556319934977588533243915350,0,,,unspecified,False
471,197350950593703813753798174016177844993199539075678208,601392157719136375366736718493439666346858384101888,950165,2254640379176521218445219994660972651329674190988,2580554000060355442454944565354521997722846080764,2254640379176521218445219994660972651329674190988,2580554000060355442454944565354521997722846080764,neither,False,1.144552374690845392111265191,0.00001307596437867213470382830304,0.02636114418740302356291785894,0,,,unspecified,False
472,194015803857314693294457365227919287142344701012606976,533939679079208689340570933559559944036736107500449,953101,2254640379176521218445219994660972651329674190988,2580554000060355442454944565354521997722846080764,2254640379176521218445219994660972651329674190988,2580554000060355442454944565354521997722846080764,neither,False,1.144552374690845392111265191,0.00001330074122187580029877023333,0.02681429430330161340232079040,0,,,unspecified,False
473,215792178253545146775692269235391904135218095902949376,98935603521755704843234000337607588720792650177290,954260,2254640379176521218445219994660972651329674190988,2580554000060355442454944565354521997722846080764,2254640379176521218445219994660972651329674190988,2580554000060355442454944565354521997722846080764,neither,False,1.144552374690845392111265191,0.00001195851499783431446764361396,0.02410836623563397796676952575,0,,,unspecified,False
474,201386156614374436710958547839307502410469568826834944,9485192764654740768179215938285499706134182486684,956964,2254640379176521218445219994660972651329674190988,2580554000060355442454944565354521997722846080764,2254640379176521218445219994660972651329674190988,2580554000060355442454944565354521997722846080764,neither,False,1.144552374690845392111265191,0.00001281395922859655983179272860,0.02583294180485066462089414086,0,,,unspecified,False
475,211995196999759460994199096039995000850151983156297728,29268395962608144830772488990390688479509885682536,957867,2254640379176521218445219994660972651329674190988,2580554000060355442454944565354521997722846080764,2254640379176521218445219994660972651329674190988,2580554000060355442454944565354521997722846080764,neither,False,1.144552374690845392111265191,0.00001217270030916447343703368593,0.02454016382327557844905991083,0,,,unspecified,False
476,213572157266439505242940871974495870228360734370168832,413129152087436417990619558160949130973490401895960,960783,2254640379176521218445219994660972651329674190988,2580554000060355442454944565354521997722846080764,2254640379176521218445219994660972651329674190988,2580554000060355442454944565354521997722846080764,neither,False,1.144552374690845392111265191,0.00001208282031276677500795203819,0.02435896575053781841603130900,0,,,unspecified,False
477,211480748423418983166991398978878869227233094901170176,9172372458230199125415101307533014053034543084548,962647,2254640379176521218445219994660972651329674190988,2580554000060355442454944565354521997722846080764,2254640379176521218445219994660972651329674190988,2580554000060355442454944565354521997722846080764,neither,False,1.144552374690845392111265191,0.00001220231164916092055661016334,0.02459986028470841584212608929,0,,,unspecified,False
